2025-09-19 09:00:16,905 - WARNING - Failed to accept job 33883829 via selenium (attempt 2/4). Reason: init_error:Message: unknown error: cannot find Chrome binary
Stacktrace:
#0 0x5623e48514e3 <unknown>
#1 0x5623e4580c76 <unknown>
#2 0x5623e45a7757 <unknown>
#3 0x5623e45a6029 <unknown>
#4 0x5623e45e4ccc <unknown>
#5 0x5623e45e447f <unknown>
#6 0x5623e45dbde3 <unknown>
#7 0x5623e45b12dd <unknown>
#8 0x5623e45b234e <unknown>
#9 0x5623e48113e4 <unknown>
#10 0x5623e48153d7 <unknown>
#11 0x5623e481fb20 <unknown>
#12 0x5623e4816023 <unknown>
#13 0x5623e47e41aa <unknown>
#14 0x5623e483a6b8 <unknown>
#15 0x5623e483a847 <unknown>
#16 0x5623e484a243 <unknown>
#17 0x7f87884aa4f8 <unknown>

2025-09-19 09:00:16,907 - INFO - Retrying job 33883829 in 4.24s (attempt 3/4)
2025-09-19 09:00:21,148 - DEBUG - Acceptance task raised
Traceback (most recent call last):
  File "/home/thomas/GengoWatcher/src/gengowatcher/job_acceptance.py", line 578, in _wait_for_winner
    result = task.result()
  File "/home/thomas/GengoWatcher/src/gengowatcher/job_acceptance.py", line 351, in _attempt_http_accept
    async with self.session.get(details_url, headers=headers, timeout=30) as response:
               ~~~~~~~~~~~~~~~~^^^^^^^^^^^^^^^^^^^^^^^^^^^^^^^^^^^^^^^^^^
  File "/home/thomas/GengoWatcher/src/.venv/lib/python3.13/site-packages/aiohttp/client.py", line 1488, in __aenter__
    self._resp: _RetType = await self._coro
                           ^^^^^^^^^^^^^^^^
  File "/home/thomas/GengoWatcher/src/.venv/lib/python3.13/site-packages/aiohttp/client.py", line 594, in _request
    handle = tm.start()
  File "/home/thomas/GengoWatcher/src/.venv/lib/python3.13/site-packages/aiohttp/helpers.py", line 587, in start
    return self._loop.call_at(when, self.__call__)
           ~~~~~~~~~~~~~~~~~~^^^^^^^^^^^^^^^^^^^^^
  File "/usr/lib/python3.13/asyncio/base_events.py", line 812, in call_at
    self._check_closed()
    ~~~~~~~~~~~~~~~~~~^^
  File "/usr/lib/python3.13/asyncio/base_events.py", line 556, in _check_closed
    raise RuntimeError('Event loop is closed')
RuntimeError: Event loop is closed
2025-09-19 09:00:21,906 - ERROR - Failed to initialize Chrome WebDriver: Message: unknown error: cannot find Chrome binary
Stacktrace:
#0 0x5580579894e3 <unknown>
#1 0x5580576b8c76 <unknown>
#2 0x5580576df757 <unknown>
#3 0x5580576de029 <unknown>
#4 0x55805771cccc <unknown>
#5 0x55805771c47f <unknown>
#6 0x558057713de3 <unknown>
#7 0x5580576e92dd <unknown>
#8 0x5580576ea34e <unknown>
#9 0x5580579493e4 <unknown>
#10 0x55805794d3d7 <unknown>
#11 0x558057957b20 <unknown>
#12 0x55805794e023 <unknown>
#13 0x55805791c1aa <unknown>
#14 0x5580579726b8 <unknown>
#15 0x558057972847 <unknown>
#16 0x558057982243 <unknown>
#17 0x7f90c48aa4f8 <unknown>

2025-09-19 09:00:21,906 - WARNING - Failed to accept job 33883829 via selenium (attempt 3/4). Reason: init_error:Message: unknown error: cannot find Chrome binary
Stacktrace:
#0 0x5580579894e3 <unknown>
#1 0x5580576b8c76 <unknown>
#2 0x5580576df757 <unknown>
#3 0x5580576de029 <unknown>
#4 0x55805771cccc <unknown>
#5 0x55805771c47f <unknown>
#6 0x558057713de3 <unknown>
#7 0x5580576e92dd <unknown>
#8 0x5580576ea34e <unknown>
#9 0x5580579493e4 <unknown>
#10 0x55805794d3d7 <unknown>
#11 0x558057957b20 <unknown>
#12 0x55805794e023 <unknown>
#13 0x55805791c1aa <unknown>
#14 0x5580579726b8 <unknown>
#15 0x558057972847 <unknown>
#16 0x558057982243 <unknown>
#17 0x7f90c48aa4f8 <unknown>

2025-09-19 09:00:21,906 - INFO - Retrying job 33883829 in 8.08s (attempt 4/4)
2025-09-19 09:00:26,637 - DEBUG - RSS check triggered.
2025-09-19 09:00:26,637 - DEBUG - Fetching RSS feed: https://gengo.com/rss/available_jobs/6d9668ab271c486e52eb4d37b876cabd5a1cf2da958b7004205163 with headers: {}
2025-09-19 09:00:27,162 - DEBUG - RSS feed fetched successfully. Entries: 0
2025-09-19 09:00:27,162 - DEBUG - Processing 0 RSS entries.
2025-09-19 09:00:27,162 - DEBUG - Waiting for next RSS check: 31.00s (paused=False)
2025-09-19 09:00:29,989 - DEBUG - Acceptance task raised
Traceback (most recent call last):
  File "/home/thomas/GengoWatcher/src/gengowatcher/job_acceptance.py", line 578, in _wait_for_winner
    result = task.result()
  File "/home/thomas/GengoWatcher/src/gengowatcher/job_acceptance.py", line 351, in _attempt_http_accept
    async with self.session.get(details_url, headers=headers, timeout=30) as response:
               ~~~~~~~~~~~~~~~~^^^^^^^^^^^^^^^^^^^^^^^^^^^^^^^^^^^^^^^^^^
  File "/home/thomas/GengoWatcher/src/.venv/lib/python3.13/site-packages/aiohttp/client.py", line 1488, in __aenter__
    self._resp: _RetType = await self._coro
                           ^^^^^^^^^^^^^^^^
  File "/home/thomas/GengoWatcher/src/.venv/lib/python3.13/site-packages/aiohttp/client.py", line 594, in _request
    handle = tm.start()
  File "/home/thomas/GengoWatcher/src/.venv/lib/python3.13/site-packages/aiohttp/helpers.py", line 587, in start
    return self._loop.call_at(when, self.__call__)
           ~~~~~~~~~~~~~~~~~~^^^^^^^^^^^^^^^^^^^^^
  File "/usr/lib/python3.13/asyncio/base_events.py", line 812, in call_at
    self._check_closed()
    ~~~~~~~~~~~~~~~~~~^^
  File "/usr/lib/python3.13/asyncio/base_events.py", line 556, in _check_closed
    raise RuntimeError('Event loop is closed')
RuntimeError: Event loop is closed
2025-09-19 09:00:30,766 - ERROR - Failed to initialize Chrome WebDriver: Message: unknown error: cannot find Chrome binary
Stacktrace:
#0 0x563a20c9f4e3 <unknown>
#1 0x563a209cec76 <unknown>
#2 0x563a209f5757 <unknown>
#3 0x563a209f4029 <unknown>
#4 0x563a20a32ccc <unknown>
#5 0x563a20a3247f <unknown>
#6 0x563a20a29de3 <unknown>
#7 0x563a209ff2dd <unknown>
#8 0x563a20a0034e <unknown>
#9 0x563a20c5f3e4 <unknown>
#10 0x563a20c633d7 <unknown>
#11 0x563a20c6db20 <unknown>
#12 0x563a20c64023 <unknown>
#13 0x563a20c321aa <unknown>
#14 0x563a20c886b8 <unknown>
#15 0x563a20c88847 <unknown>
#16 0x563a20c98243 <unknown>
#17 0x7f46728aa4f8 <unknown>

2025-09-19 09:00:30,766 - WARNING - Failed to accept job 33883829 via selenium (attempt 4/4). Reason: init_error:Message: unknown error: cannot find Chrome binary
Stacktrace:
#0 0x563a20c9f4e3 <unknown>
#1 0x563a209cec76 <unknown>
#2 0x563a209f5757 <unknown>
#3 0x563a209f4029 <unknown>
#4 0x563a20a32ccc <unknown>
#5 0x563a20a3247f <unknown>
#6 0x563a20a29de3 <unknown>
#7 0x563a209ff2dd <unknown>
#8 0x563a20a0034e <unknown>
#9 0x563a20c5f3e4 <unknown>
#10 0x563a20c633d7 <unknown>
#11 0x563a20c6db20 <unknown>
#12 0x563a20c64023 <unknown>
#13 0x563a20c321aa <unknown>
#14 0x563a20c886b8 <unknown>
#15 0x563a20c88847 <unknown>
#16 0x563a20c98243 <unknown>
#17 0x7f46728aa4f8 <unknown>

2025-09-19 09:00:30,766 - ERROR - Failed to accept job 33883829 after 4 attempts (last reason: init_error:Message: unknown error: cannot find Chrome binary
Stacktrace:
#0 0x563a20c9f4e3 <unknown>
#1 0x563a209cec76 <unknown>
#2 0x563a209f5757 <unknown>
#3 0x563a209f4029 <unknown>
#4 0x563a20a32ccc <unknown>
#5 0x563a20a3247f <unknown>
#6 0x563a20a29de3 <unknown>
#7 0x563a209ff2dd <unknown>
#8 0x563a20a0034e <unknown>
#9 0x563a20c5f3e4 <unknown>
#10 0x563a20c633d7 <unknown>
#11 0x563a20c6db20 <unknown>
#12 0x563a20c64023 <unknown>
#13 0x563a20c321aa <unknown>
#14 0x563a20c886b8 <unknown>
#15 0x563a20c88847 <unknown>
#16 0x563a20c98243 <unknown>
#17 0x7f46728aa4f8 <unknown>
)
2025-09-19 09:00:58,162 - DEBUG - RSS check triggered.
2025-09-19 09:00:58,163 - DEBUG - Fetching RSS feed: https://gengo.com/rss/available_jobs/6d9668ab271c486e52eb4d37b876cabd5a1cf2da958b7004205163 with headers: {}
2025-09-19 09:00:58,725 - DEBUG - RSS feed fetched successfully. Entries: 0
2025-09-19 09:00:58,725 - DEBUG - Processing 0 RSS entries.
2025-09-19 09:00:58,725 - DEBUG - Waiting for next RSS check: 31.00s (paused=False)
2025-09-19 09:01:29,726 - DEBUG - RSS check triggered.
2025-09-19 09:01:29,726 - DEBUG - Fetching RSS feed: https://gengo.com/rss/available_jobs/6d9668ab271c486e52eb4d37b876cabd5a1cf2da958b7004205163 with headers: {}
2025-09-19 09:01:30,287 - DEBUG - RSS feed fetched successfully. Entries: 0
2025-09-19 09:01:30,288 - DEBUG - Processing 0 RSS entries.
2025-09-19 09:01:30,288 - DEBUG - Waiting for next RSS check: 31.00s (paused=False)
2025-09-19 09:02:01,288 - DEBUG - RSS check triggered.
2025-09-19 09:02:01,288 - DEBUG - Fetching RSS feed: https://gengo.com/rss/available_jobs/6d9668ab271c486e52eb4d37b876cabd5a1cf2da958b7004205163 with headers: {}
2025-09-19 09:02:01,914 - DEBUG - RSS feed fetched successfully. Entries: 0
2025-09-19 09:02:01,914 - DEBUG - Processing 0 RSS entries.
2025-09-19 09:02:01,914 - DEBUG - Waiting for next RSS check: 31.00s (paused=False)
2025-09-19 09:02:32,914 - DEBUG - RSS check triggered.
2025-09-19 09:02:32,914 - DEBUG - Fetching RSS feed: https://gengo.com/rss/available_jobs/6d9668ab271c486e52eb4d37b876cabd5a1cf2da958b7004205163 with headers: {}
2025-09-19 09:02:33,388 - DEBUG - RSS feed fetched successfully. Entries: 0
2025-09-19 09:02:33,388 - DEBUG - Processing 0 RSS entries.
2025-09-19 09:02:33,388 - DEBUG - Waiting for next RSS check: 31.00s (paused=False)
2025-09-19 09:03:04,388 - DEBUG - RSS check triggered.
2025-09-19 09:03:04,388 - DEBUG - Fetching RSS feed: https://gengo.com/rss/available_jobs/6d9668ab271c486e52eb4d37b876cabd5a1cf2da958b7004205163 with headers: {}
2025-09-19 09:03:04,879 - DEBUG - RSS feed fetched successfully. Entries: 0
2025-09-19 09:03:04,879 - DEBUG - Processing 0 RSS entries.
2025-09-19 09:03:04,879 - DEBUG - Waiting for next RSS check: 31.00s (paused=False)
2025-09-19 09:03:35,879 - DEBUG - RSS check triggered.
2025-09-19 09:03:35,879 - DEBUG - Fetching RSS feed: https://gengo.com/rss/available_jobs/6d9668ab271c486e52eb4d37b876cabd5a1cf2da958b7004205163 with headers: {}
2025-09-19 09:03:36,365 - DEBUG - RSS feed fetched successfully. Entries: 0
2025-09-19 09:03:36,365 - DEBUG - Processing 0 RSS entries.
2025-09-19 09:03:36,365 - DEBUG - Waiting for next RSS check: 31.00s (paused=False)
2025-09-19 09:04:07,365 - DEBUG - RSS check triggered.
2025-09-19 09:04:07,365 - DEBUG - Fetching RSS feed: https://gengo.com/rss/available_jobs/6d9668ab271c486e52eb4d37b876cabd5a1cf2da958b7004205163 with headers: {}
2025-09-19 09:04:07,940 - DEBUG - RSS feed fetched successfully. Entries: 0
2025-09-19 09:04:07,940 - DEBUG - Processing 0 RSS entries.
2025-09-19 09:04:07,940 - DEBUG - Waiting for next RSS check: 31.00s (paused=False)
2025-09-19 09:04:38,940 - DEBUG - RSS check triggered.
2025-09-19 09:04:38,940 - DEBUG - Fetching RSS feed: https://gengo.com/rss/available_jobs/6d9668ab271c486e52eb4d37b876cabd5a1cf2da958b7004205163 with headers: {}
2025-09-19 09:04:39,581 - DEBUG - RSS feed fetched successfully. Entries: 0
2025-09-19 09:04:39,581 - DEBUG - Processing 0 RSS entries.
2025-09-19 09:04:39,581 - DEBUG - Waiting for next RSS check: 31.00s (paused=False)
2025-09-19 09:05:10,581 - DEBUG - RSS check triggered.
2025-09-19 09:05:10,581 - DEBUG - Fetching RSS feed: https://gengo.com/rss/available_jobs/6d9668ab271c486e52eb4d37b876cabd5a1cf2da958b7004205163 with headers: {}
2025-09-19 09:05:11,124 - DEBUG - RSS feed fetched successfully. Entries: 0
2025-09-19 09:05:11,124 - DEBUG - Processing 0 RSS entries.
2025-09-19 09:05:11,124 - DEBUG - Waiting for next RSS check: 31.00s (paused=False)
2025-09-19 09:05:42,125 - DEBUG - RSS check triggered.
2025-09-19 09:05:42,125 - DEBUG - Fetching RSS feed: https://gengo.com/rss/available_jobs/6d9668ab271c486e52eb4d37b876cabd5a1cf2da958b7004205163 with headers: {}
2025-09-19 09:05:42,611 - DEBUG - RSS feed fetched successfully. Entries: 0
2025-09-19 09:05:42,611 - DEBUG - Processing 0 RSS entries.
2025-09-19 09:05:42,611 - DEBUG - Waiting for next RSS check: 31.00s (paused=False)
2025-09-19 09:06:13,611 - DEBUG - RSS check triggered.
2025-09-19 09:06:13,612 - DEBUG - Fetching RSS feed: https://gengo.com/rss/available_jobs/6d9668ab271c486e52eb4d37b876cabd5a1cf2da958b7004205163 with headers: {}
2025-09-19 09:06:14,107 - DEBUG - RSS feed fetched successfully. Entries: 0
2025-09-19 09:06:14,107 - DEBUG - Processing 0 RSS entries.
2025-09-19 09:06:14,107 - DEBUG - Waiting for next RSS check: 31.00s (paused=False)
2025-09-19 09:06:45,107 - DEBUG - RSS check triggered.
2025-09-19 09:06:45,107 - DEBUG - Fetching RSS feed: https://gengo.com/rss/available_jobs/6d9668ab271c486e52eb4d37b876cabd5a1cf2da958b7004205163 with headers: {}
2025-09-19 09:06:45,576 - DEBUG - RSS feed fetched successfully. Entries: 0
2025-09-19 09:06:45,576 - DEBUG - Processing 0 RSS entries.
2025-09-19 09:06:45,577 - DEBUG - Waiting for next RSS check: 31.00s (paused=False)
2025-09-19 09:07:16,577 - DEBUG - RSS check triggered.
2025-09-19 09:07:16,577 - DEBUG - Fetching RSS feed: https://gengo.com/rss/available_jobs/6d9668ab271c486e52eb4d37b876cabd5a1cf2da958b7004205163 with headers: {}
2025-09-19 09:07:17,075 - DEBUG - RSS feed fetched successfully. Entries: 0
2025-09-19 09:07:17,075 - DEBUG - Processing 0 RSS entries.
2025-09-19 09:07:17,075 - DEBUG - Waiting for next RSS check: 31.00s (paused=False)
2025-09-19 09:07:48,075 - DEBUG - RSS check triggered.
2025-09-19 09:07:48,075 - DEBUG - Fetching RSS feed: https://gengo.com/rss/available_jobs/6d9668ab271c486e52eb4d37b876cabd5a1cf2da958b7004205163 with headers: {}
2025-09-19 09:07:48,549 - DEBUG - RSS feed fetched successfully. Entries: 0
2025-09-19 09:07:48,549 - DEBUG - Processing 0 RSS entries.
2025-09-19 09:07:48,549 - DEBUG - Waiting for next RSS check: 31.00s (paused=False)
2025-09-19 09:08:19,549 - DEBUG - RSS check triggered.
2025-09-19 09:08:19,550 - DEBUG - Fetching RSS feed: https://gengo.com/rss/available_jobs/6d9668ab271c486e52eb4d37b876cabd5a1cf2da958b7004205163 with headers: {}
2025-09-19 09:08:20,314 - DEBUG - RSS feed fetched successfully. Entries: 0
2025-09-19 09:08:20,314 - DEBUG - Processing 0 RSS entries.
2025-09-19 09:08:20,314 - DEBUG - Waiting for next RSS check: 31.00s (paused=False)
2025-09-19 09:08:51,314 - DEBUG - RSS check triggered.
2025-09-19 09:08:51,315 - DEBUG - Fetching RSS feed: https://gengo.com/rss/available_jobs/6d9668ab271c486e52eb4d37b876cabd5a1cf2da958b7004205163 with headers: {}
2025-09-19 09:08:51,839 - DEBUG - RSS feed fetched successfully. Entries: 0
2025-09-19 09:08:51,839 - DEBUG - Processing 0 RSS entries.
2025-09-19 09:08:51,839 - DEBUG - Waiting for next RSS check: 31.00s (paused=False)
2025-09-19 09:09:22,839 - DEBUG - RSS check triggered.
2025-09-19 09:09:22,839 - DEBUG - Fetching RSS feed: https://gengo.com/rss/available_jobs/6d9668ab271c486e52eb4d37b876cabd5a1cf2da958b7004205163 with headers: {}
2025-09-19 09:09:23,329 - DEBUG - RSS feed fetched successfully. Entries: 0
2025-09-19 09:09:23,329 - DEBUG - Processing 0 RSS entries.
2025-09-19 09:09:23,329 - DEBUG - Waiting for next RSS check: 31.00s (paused=False)
2025-09-19 09:09:54,329 - DEBUG - RSS check triggered.
2025-09-19 09:09:54,329 - DEBUG - Fetching RSS feed: https://gengo.com/rss/available_jobs/6d9668ab271c486e52eb4d37b876cabd5a1cf2da958b7004205163 with headers: {}
2025-09-19 09:09:54,779 - DEBUG - RSS feed fetched successfully. Entries: 0
2025-09-19 09:09:54,779 - DEBUG - Processing 0 RSS entries.
2025-09-19 09:09:54,779 - DEBUG - Waiting for next RSS check: 31.00s (paused=False)
2025-09-19 09:10:25,779 - DEBUG - RSS check triggered.
2025-09-19 09:10:25,779 - DEBUG - Fetching RSS feed: https://gengo.com/rss/available_jobs/6d9668ab271c486e52eb4d37b876cabd5a1cf2da958b7004205163 with headers: {}
2025-09-19 09:10:26,269 - DEBUG - RSS feed fetched successfully. Entries: 0
2025-09-19 09:10:26,269 - DEBUG - Processing 0 RSS entries.
2025-09-19 09:10:26,269 - DEBUG - Waiting for next RSS check: 31.00s (paused=False)
2025-09-19 09:10:57,269 - DEBUG - RSS check triggered.
2025-09-19 09:10:57,270 - DEBUG - Fetching RSS feed: https://gengo.com/rss/available_jobs/6d9668ab271c486e52eb4d37b876cabd5a1cf2da958b7004205163 with headers: {}
2025-09-19 09:10:57,737 - DEBUG - RSS feed fetched successfully. Entries: 0
2025-09-19 09:10:57,737 - DEBUG - Processing 0 RSS entries.
2025-09-19 09:10:57,737 - DEBUG - Waiting for next RSS check: 31.00s (paused=False)
2025-09-19 09:11:28,737 - DEBUG - RSS check triggered.
2025-09-19 09:11:28,738 - DEBUG - Fetching RSS feed: https://gengo.com/rss/available_jobs/6d9668ab271c486e52eb4d37b876cabd5a1cf2da958b7004205163 with headers: {}
2025-09-19 09:11:29,224 - DEBUG - RSS feed fetched successfully. Entries: 0
2025-09-19 09:11:29,224 - DEBUG - Processing 0 RSS entries.
2025-09-19 09:11:29,224 - DEBUG - Waiting for next RSS check: 31.00s (paused=False)
2025-09-19 09:12:00,224 - DEBUG - RSS check triggered.
2025-09-19 09:12:00,224 - DEBUG - Fetching RSS feed: https://gengo.com/rss/available_jobs/6d9668ab271c486e52eb4d37b876cabd5a1cf2da958b7004205163 with headers: {}
2025-09-19 09:12:00,707 - DEBUG - RSS feed fetched successfully. Entries: 0
2025-09-19 09:12:00,707 - DEBUG - Processing 0 RSS entries.
2025-09-19 09:12:00,707 - DEBUG - Waiting for next RSS check: 31.00s (paused=False)
2025-09-19 09:12:31,707 - DEBUG - RSS check triggered.
2025-09-19 09:12:31,707 - DEBUG - Fetching RSS feed: https://gengo.com/rss/available_jobs/6d9668ab271c486e52eb4d37b876cabd5a1cf2da958b7004205163 with headers: {}
2025-09-19 09:12:32,254 - DEBUG - RSS feed fetched successfully. Entries: 0
2025-09-19 09:12:32,254 - DEBUG - Processing 0 RSS entries.
2025-09-19 09:12:32,254 - DEBUG - Waiting for next RSS check: 31.00s (paused=False)
2025-09-19 09:13:03,254 - DEBUG - RSS check triggered.
2025-09-19 09:13:03,254 - DEBUG - Fetching RSS feed: https://gengo.com/rss/available_jobs/6d9668ab271c486e52eb4d37b876cabd5a1cf2da958b7004205163 with headers: {}
2025-09-19 09:13:03,824 - DEBUG - RSS feed fetched successfully. Entries: 0
2025-09-19 09:13:03,824 - DEBUG - Processing 0 RSS entries.
2025-09-19 09:13:03,824 - DEBUG - Waiting for next RSS check: 31.00s (paused=False)
2025-09-19 09:13:34,824 - DEBUG - RSS check triggered.
2025-09-19 09:13:34,825 - DEBUG - Fetching RSS feed: https://gengo.com/rss/available_jobs/6d9668ab271c486e52eb4d37b876cabd5a1cf2da958b7004205163 with headers: {}
2025-09-19 09:13:35,316 - DEBUG - RSS feed fetched successfully. Entries: 0
2025-09-19 09:13:35,317 - DEBUG - Processing 0 RSS entries.
2025-09-19 09:13:35,317 - DEBUG - Waiting for next RSS check: 31.00s (paused=False)
2025-09-19 09:14:06,317 - DEBUG - RSS check triggered.
2025-09-19 09:14:06,317 - DEBUG - Fetching RSS feed: https://gengo.com/rss/available_jobs/6d9668ab271c486e52eb4d37b876cabd5a1cf2da958b7004205163 with headers: {}
2025-09-19 09:14:06,791 - DEBUG - RSS feed fetched successfully. Entries: 0
2025-09-19 09:14:06,791 - DEBUG - Processing 0 RSS entries.
2025-09-19 09:14:06,791 - DEBUG - Waiting for next RSS check: 31.00s (paused=False)
2025-09-19 09:14:37,791 - DEBUG - RSS check triggered.
2025-09-19 09:14:37,791 - DEBUG - Fetching RSS feed: https://gengo.com/rss/available_jobs/6d9668ab271c486e52eb4d37b876cabd5a1cf2da958b7004205163 with headers: {}
2025-09-19 09:14:38,309 - DEBUG - RSS feed fetched successfully. Entries: 0
2025-09-19 09:14:38,310 - DEBUG - Processing 0 RSS entries.
2025-09-19 09:14:38,310 - DEBUG - Waiting for next RSS check: 31.00s (paused=False)
2025-09-19 09:15:09,310 - DEBUG - RSS check triggered.
2025-09-19 09:15:09,310 - DEBUG - Fetching RSS feed: https://gengo.com/rss/available_jobs/6d9668ab271c486e52eb4d37b876cabd5a1cf2da958b7004205163 with headers: {}
2025-09-19 09:15:09,805 - DEBUG - RSS feed fetched successfully. Entries: 0
2025-09-19 09:15:09,805 - DEBUG - Processing 0 RSS entries.
2025-09-19 09:15:09,805 - DEBUG - Waiting for next RSS check: 31.00s (paused=False)
2025-09-19 09:15:40,805 - DEBUG - RSS check triggered.
2025-09-19 09:15:40,805 - DEBUG - Fetching RSS feed: https://gengo.com/rss/available_jobs/6d9668ab271c486e52eb4d37b876cabd5a1cf2da958b7004205163 with headers: {}
2025-09-19 09:15:41,287 - DEBUG - RSS feed fetched successfully. Entries: 0
2025-09-19 09:15:41,287 - DEBUG - Processing 0 RSS entries.
2025-09-19 09:15:41,287 - DEBUG - Waiting for next RSS check: 31.00s (paused=False)
2025-09-19 09:16:12,287 - DEBUG - RSS check triggered.
2025-09-19 09:16:12,287 - DEBUG - Fetching RSS feed: https://gengo.com/rss/available_jobs/6d9668ab271c486e52eb4d37b876cabd5a1cf2da958b7004205163 with headers: {}
2025-09-19 09:16:12,762 - DEBUG - RSS feed fetched successfully. Entries: 0
2025-09-19 09:16:12,762 - DEBUG - Processing 0 RSS entries.
2025-09-19 09:16:12,762 - DEBUG - Waiting for next RSS check: 31.00s (paused=False)
2025-09-19 09:16:43,762 - DEBUG - RSS check triggered.
2025-09-19 09:16:43,762 - DEBUG - Fetching RSS feed: https://gengo.com/rss/available_jobs/6d9668ab271c486e52eb4d37b876cabd5a1cf2da958b7004205163 with headers: {}
2025-09-19 09:16:44,237 - DEBUG - RSS feed fetched successfully. Entries: 0
2025-09-19 09:16:44,237 - DEBUG - Processing 0 RSS entries.
2025-09-19 09:16:44,237 - DEBUG - Waiting for next RSS check: 31.00s (paused=False)
2025-09-19 09:17:15,237 - DEBUG - RSS check triggered.
2025-09-19 09:17:15,237 - DEBUG - Fetching RSS feed: https://gengo.com/rss/available_jobs/6d9668ab271c486e52eb4d37b876cabd5a1cf2da958b7004205163 with headers: {}
2025-09-19 09:17:15,692 - DEBUG - RSS feed fetched successfully. Entries: 0
2025-09-19 09:17:15,692 - DEBUG - Processing 0 RSS entries.
2025-09-19 09:17:15,692 - DEBUG - Waiting for next RSS check: 31.00s (paused=False)
2025-09-19 09:17:46,693 - DEBUG - RSS check triggered.
2025-09-19 09:17:46,693 - DEBUG - Fetching RSS feed: https://gengo.com/rss/available_jobs/6d9668ab271c486e52eb4d37b876cabd5a1cf2da958b7004205163 with headers: {}
2025-09-19 09:17:47,238 - DEBUG - RSS feed fetched successfully. Entries: 0
2025-09-19 09:17:47,239 - DEBUG - Processing 0 RSS entries.
2025-09-19 09:17:47,239 - DEBUG - Waiting for next RSS check: 31.00s (paused=False)
2025-09-19 09:18:18,239 - DEBUG - RSS check triggered.
2025-09-19 09:18:18,239 - DEBUG - Fetching RSS feed: https://gengo.com/rss/available_jobs/6d9668ab271c486e52eb4d37b876cabd5a1cf2da958b7004205163 with headers: {}
2025-09-19 09:18:18,703 - DEBUG - RSS feed fetched successfully. Entries: 0
2025-09-19 09:18:18,703 - DEBUG - Processing 0 RSS entries.
2025-09-19 09:18:18,703 - DEBUG - Waiting for next RSS check: 31.00s (paused=False)
2025-09-19 09:18:49,703 - DEBUG - RSS check triggered.
2025-09-19 09:18:49,704 - DEBUG - Fetching RSS feed: https://gengo.com/rss/available_jobs/6d9668ab271c486e52eb4d37b876cabd5a1cf2da958b7004205163 with headers: {}
2025-09-19 09:18:50,210 - DEBUG - RSS feed fetched successfully. Entries: 0
2025-09-19 09:18:50,210 - DEBUG - Processing 0 RSS entries.
2025-09-19 09:18:50,210 - DEBUG - Waiting for next RSS check: 31.00s (paused=False)
2025-09-19 09:19:21,210 - DEBUG - RSS check triggered.
2025-09-19 09:19:21,210 - DEBUG - Fetching RSS feed: https://gengo.com/rss/available_jobs/6d9668ab271c486e52eb4d37b876cabd5a1cf2da958b7004205163 with headers: {}
2025-09-19 09:19:21,682 - DEBUG - RSS feed fetched successfully. Entries: 0
2025-09-19 09:19:21,682 - DEBUG - Processing 0 RSS entries.
2025-09-19 09:19:21,682 - DEBUG - Waiting for next RSS check: 31.00s (paused=False)
2025-09-19 09:19:52,682 - DEBUG - RSS check triggered.
2025-09-19 09:19:52,682 - DEBUG - Fetching RSS feed: https://gengo.com/rss/available_jobs/6d9668ab271c486e52eb4d37b876cabd5a1cf2da958b7004205163 with headers: {}
2025-09-19 09:19:53,232 - DEBUG - RSS feed fetched successfully. Entries: 0
2025-09-19 09:19:53,232 - DEBUG - Processing 0 RSS entries.
2025-09-19 09:19:53,232 - DEBUG - Waiting for next RSS check: 31.00s (paused=False)
2025-09-19 09:20:24,232 - DEBUG - RSS check triggered.
2025-09-19 09:20:24,233 - DEBUG - Fetching RSS feed: https://gengo.com/rss/available_jobs/6d9668ab271c486e52eb4d37b876cabd5a1cf2da958b7004205163 with headers: {}
2025-09-19 09:20:24,759 - DEBUG - RSS feed fetched successfully. Entries: 0
2025-09-19 09:20:24,760 - DEBUG - Processing 0 RSS entries.
2025-09-19 09:20:24,760 - DEBUG - Waiting for next RSS check: 31.00s (paused=False)
2025-09-19 09:20:55,760 - DEBUG - RSS check triggered.
2025-09-19 09:20:55,760 - DEBUG - Fetching RSS feed: https://gengo.com/rss/available_jobs/6d9668ab271c486e52eb4d37b876cabd5a1cf2da958b7004205163 with headers: {}
2025-09-19 09:20:56,246 - DEBUG - RSS feed fetched successfully. Entries: 0
2025-09-19 09:20:56,246 - DEBUG - Processing 0 RSS entries.
2025-09-19 09:20:56,246 - DEBUG - Waiting for next RSS check: 31.00s (paused=False)
2025-09-19 09:21:27,247 - DEBUG - RSS check triggered.
2025-09-19 09:21:27,247 - DEBUG - Fetching RSS feed: https://gengo.com/rss/available_jobs/6d9668ab271c486e52eb4d37b876cabd5a1cf2da958b7004205163 with headers: {}
2025-09-19 09:21:27,720 - DEBUG - RSS feed fetched successfully. Entries: 0
2025-09-19 09:21:27,721 - DEBUG - Processing 0 RSS entries.
2025-09-19 09:21:27,721 - DEBUG - Waiting for next RSS check: 31.00s (paused=False)
2025-09-19 09:21:58,721 - DEBUG - RSS check triggered.
2025-09-19 09:21:58,721 - DEBUG - Fetching RSS feed: https://gengo.com/rss/available_jobs/6d9668ab271c486e52eb4d37b876cabd5a1cf2da958b7004205163 with headers: {}
2025-09-19 09:21:59,237 - DEBUG - RSS feed fetched successfully. Entries: 0
2025-09-19 09:21:59,237 - DEBUG - Processing 0 RSS entries.
2025-09-19 09:21:59,237 - DEBUG - Waiting for next RSS check: 31.00s (paused=False)
2025-09-19 09:22:29,948 - DEBUG - WebSocket: Message received: {"type": "available_collection", "collection": {"id": 33883846, "lc_src": "ja", "lc_tgt": "en", "tier": "pro", "is_preferred": false, "currency": "JPY", "is_ezra": false, "type": "text", "content": "\u30bf\u30a4\u30c8\u30eb: \u8996\u899a\u306e\u932c\u91d1\u8853 \u201cAurora\u201d\u3000\n\u30ea\u30fc\u30c9: \u6975\u3081\u3066\u8907\u96d1\u306a\u5149\u306b\u5305\u307e\u308c\u3001", "rewards": 30.77, "unit_count": 641, "has_tm": false, "filetype_src": 0}}
2025-09-19 09:22:29,948 - DEBUG - WebSocket: Message JSON: {'type': 'available_collection', 'collection': {'id': 33883846, 'lc_src': 'ja', 'lc_tgt': 'en', 'tier': 'pro', 'is_preferred': False, 'currency': 'JPY', 'is_ezra': False, 'type': 'text', 'content': 'タイトル: 視覚の錬金術 “Aurora”\u3000\nリード: 極めて複雑な光に包まれ、', 'rewards': 30.77, 'unit_count': 641, 'has_tm': False, 'filetype_src': 0}}
2025-09-19 09:22:29,948 - DEBUG - WebSocket: Job data: {'id': 33883846, 'lc_src': 'ja', 'lc_tgt': 'en', 'tier': 'pro', 'is_preferred': False, 'currency': 'JPY', 'is_ezra': False, 'type': 'text', 'content': 'タイトル: 視覚の錬金術 “Aurora”\u3000\nリード: 極めて複雑な光に包まれ、', 'rewards': 30.77, 'unit_count': 641, 'has_tm': False, 'filetype_src': 0}
2025-09-19 09:22:29,949 - DEBUG - Processing new job: 33883846, ja > en, 30.77, https://gengo.com/t/jobs/details/33883846, WebSocket
2025-09-19 09:22:29,949 - INFO - [success]New job via WebSocket: ja > en (US$ 30.77)[/success]
2025-09-19 09:22:29,949 - DEBUG - Showing notification: New Gengo Job Available! - ja > en
2025-09-19 09:22:29,960 - DEBUG - Attempting to play sound with paplay: /home/thomas/GengoWatcher/assets/alert.wav
2025-09-19 09:22:29,961 - DEBUG - Opening URL in browser: https://gengo.com/t/jobs/details/33883846
2025-09-19 09:22:29,961 - DEBUG - Added job 33883846 to storage
2025-09-19 09:22:29,961 - INFO - Job 33883846 meets auto-accept criteria, queuing for acceptance
2025-09-19 09:22:29,962 - INFO - Attempting to auto-accept job 33883846
2025-09-19 09:22:29,962 - DEBUG - Waiting 14.75s before accepting job 33883846
2025-09-19 09:22:30,237 - DEBUG - RSS check triggered.
2025-09-19 09:22:30,237 - DEBUG - Fetching RSS feed: https://gengo.com/rss/available_jobs/6d9668ab271c486e52eb4d37b876cabd5a1cf2da958b7004205163 with headers: {}
2025-09-19 09:22:30,654 - ERROR - Failed to initialize Chrome WebDriver: Message: unknown error: cannot find Chrome binary
Stacktrace:
#0 0x55a9d4de94e3 <unknown>
#1 0x55a9d4b18c76 <unknown>
#2 0x55a9d4b3f757 <unknown>
#3 0x55a9d4b3e029 <unknown>
#4 0x55a9d4b7cccc <unknown>
#5 0x55a9d4b7c47f <unknown>
#6 0x55a9d4b73de3 <unknown>
#7 0x55a9d4b492dd <unknown>
#8 0x55a9d4b4a34e <unknown>
#9 0x55a9d4da93e4 <unknown>
#10 0x55a9d4dad3d7 <unknown>
#11 0x55a9d4db7b20 <unknown>
#12 0x55a9d4dae023 <unknown>
#13 0x55a9d4d7c1aa <unknown>
#14 0x55a9d4dd26b8 <unknown>
#15 0x55a9d4dd2847 <unknown>
#16 0x55a9d4de2243 <unknown>
#17 0x7f90d64aa4f8 <unknown>

2025-09-19 09:22:30,654 - DEBUG - Accept watcher error: Message: unknown error: cannot find Chrome binary
Stacktrace:
#0 0x55a9d4de94e3 <unknown>
#1 0x55a9d4b18c76 <unknown>
#2 0x55a9d4b3f757 <unknown>
#3 0x55a9d4b3e029 <unknown>
#4 0x55a9d4b7cccc <unknown>
#5 0x55a9d4b7c47f <unknown>
#6 0x55a9d4b73de3 <unknown>
#7 0x55a9d4b492dd <unknown>
#8 0x55a9d4b4a34e <unknown>
#9 0x55a9d4da93e4 <unknown>
#10 0x55a9d4dad3d7 <unknown>
#11 0x55a9d4db7b20 <unknown>
#12 0x55a9d4dae023 <unknown>
#13 0x55a9d4d7c1aa <unknown>
#14 0x55a9d4dd26b8 <unknown>
#15 0x55a9d4dd2847 <unknown>
#16 0x55a9d4de2243 <unknown>
#17 0x7f90d64aa4f8 <unknown>

2025-09-19 09:22:30,788 - DEBUG - RSS feed fetched successfully. Entries: 1
2025-09-19 09:22:30,789 - DEBUG - Processing 1 RSS entries.
2025-09-19 09:22:30,789 - DEBUG - Logging 1 entries to CSV.
2025-09-19 09:22:30,789 - DEBUG - Extracting reward from entry: (Pro) | タイトル: 視覚の錬金術 “Aurora”　
リード: 極めて複雑な光に包まれ、 | 641 chars | Reward: US$30.77 | Japanese/English | タイトル: 視覚の錬金術 “Aurora”　
リード: 極めて複雑な光に包まれ、
2025-09-19 09:22:30,789 - DEBUG - Found 1 new RSS entries.
2025-09-19 09:22:30,789 - DEBUG - Processing new RSS entry: (Pro) | タイトル: 視覚の錬金術 “Aurora”　
リード: 極めて複雑な光に包まれ、 | 641 chars | Reward: US$30.77 | Japanese/English https://gengo.com/t/jobs/details/33883846?referral=rss
2025-09-19 09:22:30,789 - DEBUG - Extracting reward from entry: (Pro) | タイトル: 視覚の錬金術 “Aurora”　
リード: 極めて複雑な光に包まれ、 | 641 chars | Reward: US$30.77 | Japanese/English | タイトル: 視覚の錬金術 “Aurora”　
リード: 極めて複雑な光に包まれ、
2025-09-19 09:22:30,789 - DEBUG - Processing new job: 33883846, (Pro) | タイトル: 視覚の錬金術 “Aurora”　
リード: 極めて複雑な光に包まれ、 | 641 chars | Reward: US$30.77 | Japanese/English, 30.77, https://gengo.com/t/jobs/details/33883846?referral=rss, RSS
2025-09-19 09:22:30,789 - DEBUG - Waiting for next RSS check: 31.00s (paused=False)
2025-09-19 09:22:37,477 - DEBUG - WebSocket: Message received: {"type": "unavailable_collection", "collection": {"id": 33883846, "lc_src": "ja", "lc_tgt": "en", "tier": "pro", "is_preferred": false, "currency": "JPY", "is_ezra": false, "type": "text", "content": "\u30bf\u30a4\u30c8\u30eb: \u8996\u899a\u306e\u932c\u91d1\u8853 \u201cAurora\u201d\u3000\n\u30ea\u30fc\u30c9: \u6975\u3081\u3066\u8907\u96d1\u306a\u5149\u306b\u5305\u307e\u308c\u3001", "rewards": 30.77, "unit_count": 641, "has_tm": false, "filetype_src": 0}}
2025-09-19 09:22:37,477 - DEBUG - WebSocket: Message JSON: {'type': 'unavailable_collection', 'collection': {'id': 33883846, 'lc_src': 'ja', 'lc_tgt': 'en', 'tier': 'pro', 'is_preferred': False, 'currency': 'JPY', 'is_ezra': False, 'type': 'text', 'content': 'タイトル: 視覚の錬金術 “Aurora”\u3000\nリード: 極めて複雑な光に包まれ、', 'rewards': 30.77, 'unit_count': 641, 'has_tm': False, 'filetype_src': 0}}
2025-09-19 09:22:44,726 - DEBUG - Acceptance task raised
Traceback (most recent call last):
  File "/home/thomas/GengoWatcher/src/gengowatcher/job_acceptance.py", line 578, in _wait_for_winner
    result = task.result()
  File "/home/thomas/GengoWatcher/src/gengowatcher/job_acceptance.py", line 351, in _attempt_http_accept
    async with self.session.get(details_url, headers=headers, timeout=30) as response:
               ~~~~~~~~~~~~~~~~^^^^^^^^^^^^^^^^^^^^^^^^^^^^^^^^^^^^^^^^^^
  File "/home/thomas/GengoWatcher/src/.venv/lib/python3.13/site-packages/aiohttp/client.py", line 1488, in __aenter__
    self._resp: _RetType = await self._coro
                           ^^^^^^^^^^^^^^^^
  File "/home/thomas/GengoWatcher/src/.venv/lib/python3.13/site-packages/aiohttp/client.py", line 594, in _request
    handle = tm.start()
  File "/home/thomas/GengoWatcher/src/.venv/lib/python3.13/site-packages/aiohttp/helpers.py", line 587, in start
    return self._loop.call_at(when, self.__call__)
           ~~~~~~~~~~~~~~~~~~^^^^^^^^^^^^^^^^^^^^^
  File "/usr/lib/python3.13/asyncio/base_events.py", line 812, in call_at
    self._check_closed()
    ~~~~~~~~~~~~~~~~~~^^
  File "/usr/lib/python3.13/asyncio/base_events.py", line 556, in _check_closed
    raise RuntimeError('Event loop is closed')
RuntimeError: Event loop is closed
2025-09-19 09:22:45,506 - ERROR - Failed to initialize Chrome WebDriver: Message: unknown error: cannot find Chrome binary
Stacktrace:
#0 0x56252d13c4e3 <unknown>
#1 0x56252ce6bc76 <unknown>
#2 0x56252ce92757 <unknown>
#3 0x56252ce91029 <unknown>
#4 0x56252cecfccc <unknown>
#5 0x56252cecf47f <unknown>
#6 0x56252cec6de3 <unknown>
#7 0x56252ce9c2dd <unknown>
#8 0x56252ce9d34e <unknown>
#9 0x56252d0fc3e4 <unknown>
#10 0x56252d1003d7 <unknown>
#11 0x56252d10ab20 <unknown>
#12 0x56252d101023 <unknown>
#13 0x56252d0cf1aa <unknown>
#14 0x56252d1256b8 <unknown>
#15 0x56252d125847 <unknown>
#16 0x56252d135243 <unknown>
#17 0x7f45056aa4f8 <unknown>

2025-09-19 09:22:45,506 - WARNING - Failed to accept job 33883846 via selenium (attempt 1/4). Reason: init_error:Message: unknown error: cannot find Chrome binary
Stacktrace:
#0 0x56252d13c4e3 <unknown>
#1 0x56252ce6bc76 <unknown>
#2 0x56252ce92757 <unknown>
#3 0x56252ce91029 <unknown>
#4 0x56252cecfccc <unknown>
#5 0x56252cecf47f <unknown>
#6 0x56252cec6de3 <unknown>
#7 0x56252ce9c2dd <unknown>
#8 0x56252ce9d34e <unknown>
#9 0x56252d0fc3e4 <unknown>
#10 0x56252d1003d7 <unknown>
#11 0x56252d10ab20 <unknown>
#12 0x56252d101023 <unknown>
#13 0x56252d0cf1aa <unknown>
#14 0x56252d1256b8 <unknown>
#15 0x56252d125847 <unknown>
#16 0x56252d135243 <unknown>
#17 0x7f45056aa4f8 <unknown>

2025-09-19 09:22:45,506 - INFO - Retrying job 33883846 in 2.81s (attempt 2/4)
2025-09-19 09:22:48,319 - DEBUG - Acceptance task raised
Traceback (most recent call last):
  File "/home/thomas/GengoWatcher/src/gengowatcher/job_acceptance.py", line 578, in _wait_for_winner
    result = task.result()
  File "/home/thomas/GengoWatcher/src/gengowatcher/job_acceptance.py", line 351, in _attempt_http_accept
    async with self.session.get(details_url, headers=headers, timeout=30) as response:
               ~~~~~~~~~~~~~~~~^^^^^^^^^^^^^^^^^^^^^^^^^^^^^^^^^^^^^^^^^^
  File "/home/thomas/GengoWatcher/src/.venv/lib/python3.13/site-packages/aiohttp/client.py", line 1488, in __aenter__
    self._resp: _RetType = await self._coro
                           ^^^^^^^^^^^^^^^^
  File "/home/thomas/GengoWatcher/src/.venv/lib/python3.13/site-packages/aiohttp/client.py", line 594, in _request
    handle = tm.start()
  File "/home/thomas/GengoWatcher/src/.venv/lib/python3.13/site-packages/aiohttp/helpers.py", line 587, in start
    return self._loop.call_at(when, self.__call__)
           ~~~~~~~~~~~~~~~~~~^^^^^^^^^^^^^^^^^^^^^
  File "/usr/lib/python3.13/asyncio/base_events.py", line 812, in call_at
    self._check_closed()
    ~~~~~~~~~~~~~~~~~~^^
  File "/usr/lib/python3.13/asyncio/base_events.py", line 556, in _check_closed
    raise RuntimeError('Event loop is closed')
RuntimeError: Event loop is closed
2025-09-19 09:22:49,001 - ERROR - Failed to initialize Chrome WebDriver: Message: unknown error: cannot find Chrome binary
Stacktrace:
#0 0x55e43b9b54e3 <unknown>
#1 0x55e43b6e4c76 <unknown>
#2 0x55e43b70b757 <unknown>
#3 0x55e43b70a029 <unknown>
#4 0x55e43b748ccc <unknown>
#5 0x55e43b74847f <unknown>
#6 0x55e43b73fde3 <unknown>
#7 0x55e43b7152dd <unknown>
#8 0x55e43b71634e <unknown>
#9 0x55e43b9753e4 <unknown>
#10 0x55e43b9793d7 <unknown>
#11 0x55e43b983b20 <unknown>
#12 0x55e43b97a023 <unknown>
#13 0x55e43b9481aa <unknown>
#14 0x55e43b99e6b8 <unknown>
#15 0x55e43b99e847 <unknown>
#16 0x55e43b9ae243 <unknown>
#17 0x7f28beaaa4f8 <unknown>

2025-09-19 09:22:49,001 - WARNING - Failed to accept job 33883846 via selenium (attempt 2/4). Reason: init_error:Message: unknown error: cannot find Chrome binary
Stacktrace:
#0 0x55e43b9b54e3 <unknown>
#1 0x55e43b6e4c76 <unknown>
#2 0x55e43b70b757 <unknown>
#3 0x55e43b70a029 <unknown>
#4 0x55e43b748ccc <unknown>
#5 0x55e43b74847f <unknown>
#6 0x55e43b73fde3 <unknown>
#7 0x55e43b7152dd <unknown>
#8 0x55e43b71634e <unknown>
#9 0x55e43b9753e4 <unknown>
#10 0x55e43b9793d7 <unknown>
#11 0x55e43b983b20 <unknown>
#12 0x55e43b97a023 <unknown>
#13 0x55e43b9481aa <unknown>
#14 0x55e43b99e6b8 <unknown>
#15 0x55e43b99e847 <unknown>
#16 0x55e43b9ae243 <unknown>
#17 0x7f28beaaa4f8 <unknown>

2025-09-19 09:22:49,001 - INFO - Retrying job 33883846 in 4.18s (attempt 3/4)
2025-09-19 09:22:53,186 - DEBUG - Acceptance task raised
Traceback (most recent call last):
  File "/home/thomas/GengoWatcher/src/gengowatcher/job_acceptance.py", line 578, in _wait_for_winner
    result = task.result()
  File "/home/thomas/GengoWatcher/src/gengowatcher/job_acceptance.py", line 351, in _attempt_http_accept
    async with self.session.get(details_url, headers=headers, timeout=30) as response:
               ~~~~~~~~~~~~~~~~^^^^^^^^^^^^^^^^^^^^^^^^^^^^^^^^^^^^^^^^^^
  File "/home/thomas/GengoWatcher/src/.venv/lib/python3.13/site-packages/aiohttp/client.py", line 1488, in __aenter__
    self._resp: _RetType = await self._coro
                           ^^^^^^^^^^^^^^^^
  File "/home/thomas/GengoWatcher/src/.venv/lib/python3.13/site-packages/aiohttp/client.py", line 594, in _request
    handle = tm.start()
  File "/home/thomas/GengoWatcher/src/.venv/lib/python3.13/site-packages/aiohttp/helpers.py", line 587, in start
    return self._loop.call_at(when, self.__call__)
           ~~~~~~~~~~~~~~~~~~^^^^^^^^^^^^^^^^^^^^^
  File "/usr/lib/python3.13/asyncio/base_events.py", line 812, in call_at
    self._check_closed()
    ~~~~~~~~~~~~~~~~~~^^
  File "/usr/lib/python3.13/asyncio/base_events.py", line 556, in _check_closed
    raise RuntimeError('Event loop is closed')
RuntimeError: Event loop is closed
2025-09-19 09:22:53,935 - ERROR - Failed to initialize Chrome WebDriver: Message: unknown error: cannot find Chrome binary
Stacktrace:
#0 0x560d3eb514e3 <unknown>
#1 0x560d3e880c76 <unknown>
#2 0x560d3e8a7757 <unknown>
#3 0x560d3e8a6029 <unknown>
#4 0x560d3e8e4ccc <unknown>
#5 0x560d3e8e447f <unknown>
#6 0x560d3e8dbde3 <unknown>
#7 0x560d3e8b12dd <unknown>
#8 0x560d3e8b234e <unknown>
#9 0x560d3eb113e4 <unknown>
#10 0x560d3eb153d7 <unknown>
#11 0x560d3eb1fb20 <unknown>
#12 0x560d3eb16023 <unknown>
#13 0x560d3eae41aa <unknown>
#14 0x560d3eb3a6b8 <unknown>
#15 0x560d3eb3a847 <unknown>
#16 0x560d3eb4a243 <unknown>
#17 0x7fdba46aa4f8 <unknown>

2025-09-19 09:22:53,935 - WARNING - Failed to accept job 33883846 via selenium (attempt 3/4). Reason: init_error:Message: unknown error: cannot find Chrome binary
Stacktrace:
#0 0x560d3eb514e3 <unknown>
#1 0x560d3e880c76 <unknown>
#2 0x560d3e8a7757 <unknown>
#3 0x560d3e8a6029 <unknown>
#4 0x560d3e8e4ccc <unknown>
#5 0x560d3e8e447f <unknown>
#6 0x560d3e8dbde3 <unknown>
#7 0x560d3e8b12dd <unknown>
#8 0x560d3e8b234e <unknown>
#9 0x560d3eb113e4 <unknown>
#10 0x560d3eb153d7 <unknown>
#11 0x560d3eb1fb20 <unknown>
#12 0x560d3eb16023 <unknown>
#13 0x560d3eae41aa <unknown>
#14 0x560d3eb3a6b8 <unknown>
#15 0x560d3eb3a847 <unknown>
#16 0x560d3eb4a243 <unknown>
#17 0x7fdba46aa4f8 <unknown>

2025-09-19 09:22:53,935 - INFO - Retrying job 33883846 in 8.01s (attempt 4/4)
2025-09-19 09:23:01,789 - DEBUG - RSS check triggered.
2025-09-19 09:23:01,789 - DEBUG - Fetching RSS feed: https://gengo.com/rss/available_jobs/6d9668ab271c486e52eb4d37b876cabd5a1cf2da958b7004205163 with headers: {}
2025-09-19 09:23:01,960 - DEBUG - Acceptance task raised
Traceback (most recent call last):
  File "/home/thomas/GengoWatcher/src/gengowatcher/job_acceptance.py", line 578, in _wait_for_winner
    result = task.result()
  File "/home/thomas/GengoWatcher/src/gengowatcher/job_acceptance.py", line 351, in _attempt_http_accept
    async with self.session.get(details_url, headers=headers, timeout=30) as response:
               ~~~~~~~~~~~~~~~~^^^^^^^^^^^^^^^^^^^^^^^^^^^^^^^^^^^^^^^^^^
  File "/home/thomas/GengoWatcher/src/.venv/lib/python3.13/site-packages/aiohttp/client.py", line 1488, in __aenter__
    self._resp: _RetType = await self._coro
                           ^^^^^^^^^^^^^^^^
  File "/home/thomas/GengoWatcher/src/.venv/lib/python3.13/site-packages/aiohttp/client.py", line 594, in _request
    handle = tm.start()
  File "/home/thomas/GengoWatcher/src/.venv/lib/python3.13/site-packages/aiohttp/helpers.py", line 587, in start
    return self._loop.call_at(when, self.__call__)
           ~~~~~~~~~~~~~~~~~~^^^^^^^^^^^^^^^^^^^^^
  File "/usr/lib/python3.13/asyncio/base_events.py", line 812, in call_at
    self._check_closed()
    ~~~~~~~~~~~~~~~~~~^^
  File "/usr/lib/python3.13/asyncio/base_events.py", line 556, in _check_closed
    raise RuntimeError('Event loop is closed')
RuntimeError: Event loop is closed
2025-09-19 09:23:02,553 - DEBUG - RSS feed fetched successfully. Entries: 0
2025-09-19 09:23:02,553 - DEBUG - Processing 0 RSS entries.
2025-09-19 09:23:02,553 - DEBUG - Waiting for next RSS check: 31.00s (paused=False)
2025-09-19 09:23:02,724 - ERROR - Failed to initialize Chrome WebDriver: Message: unknown error: cannot find Chrome binary
Stacktrace:
#0 0x561f944434e3 <unknown>
#1 0x561f94172c76 <unknown>
#2 0x561f94199757 <unknown>
#3 0x561f94198029 <unknown>
#4 0x561f941d6ccc <unknown>
#5 0x561f941d647f <unknown>
#6 0x561f941cdde3 <unknown>
#7 0x561f941a32dd <unknown>
#8 0x561f941a434e <unknown>
#9 0x561f944033e4 <unknown>
#10 0x561f944073d7 <unknown>
#11 0x561f94411b20 <unknown>
#12 0x561f94408023 <unknown>
#13 0x561f943d61aa <unknown>
#14 0x561f9442c6b8 <unknown>
#15 0x561f9442c847 <unknown>
#16 0x561f9443c243 <unknown>
#17 0x7f4c644aa4f8 <unknown>

2025-09-19 09:23:02,724 - WARNING - Failed to accept job 33883846 via selenium (attempt 4/4). Reason: init_error:Message: unknown error: cannot find Chrome binary
Stacktrace:
#0 0x561f944434e3 <unknown>
#1 0x561f94172c76 <unknown>
#2 0x561f94199757 <unknown>
#3 0x561f94198029 <unknown>
#4 0x561f941d6ccc <unknown>
#5 0x561f941d647f <unknown>
#6 0x561f941cdde3 <unknown>
#7 0x561f941a32dd <unknown>
#8 0x561f941a434e <unknown>
#9 0x561f944033e4 <unknown>
#10 0x561f944073d7 <unknown>
#11 0x561f94411b20 <unknown>
#12 0x561f94408023 <unknown>
#13 0x561f943d61aa <unknown>
#14 0x561f9442c6b8 <unknown>
#15 0x561f9442c847 <unknown>
#16 0x561f9443c243 <unknown>
#17 0x7f4c644aa4f8 <unknown>

2025-09-19 09:23:02,725 - ERROR - Failed to accept job 33883846 after 4 attempts (last reason: init_error:Message: unknown error: cannot find Chrome binary
Stacktrace:
#0 0x561f944434e3 <unknown>
#1 0x561f94172c76 <unknown>
#2 0x561f94199757 <unknown>
#3 0x561f94198029 <unknown>
#4 0x561f941d6ccc <unknown>
#5 0x561f941d647f <unknown>
#6 0x561f941cdde3 <unknown>
#7 0x561f941a32dd <unknown>
#8 0x561f941a434e <unknown>
#9 0x561f944033e4 <unknown>
#10 0x561f944073d7 <unknown>
#11 0x561f94411b20 <unknown>
#12 0x561f94408023 <unknown>
#13 0x561f943d61aa <unknown>
#14 0x561f9442c6b8 <unknown>
#15 0x561f9442c847 <unknown>
#16 0x561f9443c243 <unknown>
#17 0x7f4c644aa4f8 <unknown>
)
2025-09-19 09:23:33,553 - DEBUG - RSS check triggered.
2025-09-19 09:23:33,553 - DEBUG - Fetching RSS feed: https://gengo.com/rss/available_jobs/6d9668ab271c486e52eb4d37b876cabd5a1cf2da958b7004205163 with headers: {}
2025-09-19 09:23:34,193 - DEBUG - RSS feed fetched successfully. Entries: 0
2025-09-19 09:23:34,194 - DEBUG - Processing 0 RSS entries.
2025-09-19 09:23:34,194 - DEBUG - Waiting for next RSS check: 31.00s (paused=False)
2025-09-19 09:24:05,194 - DEBUG - RSS check triggered.
2025-09-19 09:24:05,194 - DEBUG - Fetching RSS feed: https://gengo.com/rss/available_jobs/6d9668ab271c486e52eb4d37b876cabd5a1cf2da958b7004205163 with headers: {}
2025-09-19 09:24:05,720 - DEBUG - RSS feed fetched successfully. Entries: 0
2025-09-19 09:24:05,720 - DEBUG - Processing 0 RSS entries.
2025-09-19 09:24:05,720 - DEBUG - Waiting for next RSS check: 31.00s (paused=False)
2025-09-19 09:24:29,948 - DEBUG - WebSocket: Message received: {"type": "available_collection", "collection": {"id": 33883847, "lc_src": "ja", "lc_tgt": "en", "tier": "pro", "is_preferred": false, "currency": "USD", "is_ezra": false, "type": "text", "content": "\u3054\u9023\u7d61\u304c\u9045\u304f\u306a\u308a\u7533\u3057\u8a33\u3042\u308a\u307e\u305b\u3093\u3002\n\u307e\u305a\u901a\u5e38\u30dc\u30c8\u30eb\u306e\u8ca9\u58f2\u3068\u3057\u3066\u3001\u4ee5\u4e0b\u306e3\u7a2e\u3092\u8003\u3048", "rewards": 10.8, "unit_count": 225, "has_tm": false, "filetype_src": 0}}
2025-09-19 09:24:29,948 - DEBUG - WebSocket: Message JSON: {'type': 'available_collection', 'collection': {'id': 33883847, 'lc_src': 'ja', 'lc_tgt': 'en', 'tier': 'pro', 'is_preferred': False, 'currency': 'USD', 'is_ezra': False, 'type': 'text', 'content': 'ご連絡が遅くなり申し訳ありません。\nまず通常ボトルの販売として、以下の3種を考え', 'rewards': 10.8, 'unit_count': 225, 'has_tm': False, 'filetype_src': 0}}
2025-09-19 09:24:29,948 - DEBUG - WebSocket: Job data: {'id': 33883847, 'lc_src': 'ja', 'lc_tgt': 'en', 'tier': 'pro', 'is_preferred': False, 'currency': 'USD', 'is_ezra': False, 'type': 'text', 'content': 'ご連絡が遅くなり申し訳ありません。\nまず通常ボトルの販売として、以下の3種を考え', 'rewards': 10.8, 'unit_count': 225, 'has_tm': False, 'filetype_src': 0}
2025-09-19 09:24:29,949 - DEBUG - Processing new job: 33883847, ja > en, 10.8, https://gengo.com/t/jobs/details/33883847, WebSocket
2025-09-19 09:24:29,949 - INFO - [success]New job via WebSocket: ja > en (US$ 10.80)[/success]
2025-09-19 09:24:29,949 - DEBUG - Showing notification: New Gengo Job Available! - ja > en
2025-09-19 09:24:29,961 - DEBUG - Attempting to play sound with paplay: /home/thomas/GengoWatcher/assets/alert.wav
2025-09-19 09:24:29,961 - DEBUG - Opening URL in browser: https://gengo.com/t/jobs/details/33883847
2025-09-19 09:24:29,961 - DEBUG - Added job 33883847 to storage
2025-09-19 09:24:29,962 - INFO - Job 33883847 meets auto-accept criteria, queuing for acceptance
2025-09-19 09:24:29,962 - INFO - Attempting to auto-accept job 33883847
2025-09-19 09:24:29,962 - DEBUG - Waiting 15.61s before accepting job 33883847
2025-09-19 09:24:30,649 - ERROR - Failed to initialize Chrome WebDriver: Message: unknown error: cannot find Chrome binary
Stacktrace:
#0 0x561f68c594e3 <unknown>
#1 0x561f68988c76 <unknown>
#2 0x561f689af757 <unknown>
#3 0x561f689ae029 <unknown>
#4 0x561f689ecccc <unknown>
#5 0x561f689ec47f <unknown>
#6 0x561f689e3de3 <unknown>
#7 0x561f689b92dd <unknown>
#8 0x561f689ba34e <unknown>
#9 0x561f68c193e4 <unknown>
#10 0x561f68c1d3d7 <unknown>
#11 0x561f68c27b20 <unknown>
#12 0x561f68c1e023 <unknown>
#13 0x561f68bec1aa <unknown>
#14 0x561f68c426b8 <unknown>
#15 0x561f68c42847 <unknown>
#16 0x561f68c52243 <unknown>
#17 0x7f628a2aa4f8 <unknown>

2025-09-19 09:24:30,649 - DEBUG - Accept watcher error: Message: unknown error: cannot find Chrome binary
Stacktrace:
#0 0x561f68c594e3 <unknown>
#1 0x561f68988c76 <unknown>
#2 0x561f689af757 <unknown>
#3 0x561f689ae029 <unknown>
#4 0x561f689ecccc <unknown>
#5 0x561f689ec47f <unknown>
#6 0x561f689e3de3 <unknown>
#7 0x561f689b92dd <unknown>
#8 0x561f689ba34e <unknown>
#9 0x561f68c193e4 <unknown>
#10 0x561f68c1d3d7 <unknown>
#11 0x561f68c27b20 <unknown>
#12 0x561f68c1e023 <unknown>
#13 0x561f68bec1aa <unknown>
#14 0x561f68c426b8 <unknown>
#15 0x561f68c42847 <unknown>
#16 0x561f68c52243 <unknown>
#17 0x7f628a2aa4f8 <unknown>

2025-09-19 09:24:35,487 - DEBUG - WebSocket: Message received: {"type": "unavailable_collection", "collection": {"id": 33883847, "lc_src": "ja", "lc_tgt": "en", "tier": "pro", "is_preferred": false, "currency": "USD", "is_ezra": false, "type": "text", "content": "\u3054\u9023\u7d61\u304c\u9045\u304f\u306a\u308a\u7533\u3057\u8a33\u3042\u308a\u307e\u305b\u3093\u3002\n\u307e\u305a\u901a\u5e38\u30dc\u30c8\u30eb\u306e\u8ca9\u58f2\u3068\u3057\u3066\u3001\u4ee5\u4e0b\u306e3\u7a2e\u3092\u8003\u3048", "rewards": 10.8, "unit_count": 225, "has_tm": false, "filetype_src": 0}}
2025-09-19 09:24:35,487 - DEBUG - WebSocket: Message JSON: {'type': 'unavailable_collection', 'collection': {'id': 33883847, 'lc_src': 'ja', 'lc_tgt': 'en', 'tier': 'pro', 'is_preferred': False, 'currency': 'USD', 'is_ezra': False, 'type': 'text', 'content': 'ご連絡が遅くなり申し訳ありません。\nまず通常ボトルの販売として、以下の3種を考え', 'rewards': 10.8, 'unit_count': 225, 'has_tm': False, 'filetype_src': 0}}
2025-09-19 09:24:36,720 - DEBUG - RSS check triggered.
2025-09-19 09:24:36,720 - DEBUG - Fetching RSS feed: https://gengo.com/rss/available_jobs/6d9668ab271c486e52eb4d37b876cabd5a1cf2da958b7004205163 with headers: {}
2025-09-19 09:24:37,323 - DEBUG - RSS feed fetched successfully. Entries: 0
2025-09-19 09:24:37,323 - DEBUG - Processing 0 RSS entries.
2025-09-19 09:24:37,323 - DEBUG - Waiting for next RSS check: 31.00s (paused=False)
2025-09-19 09:24:45,586 - DEBUG - Acceptance task raised
Traceback (most recent call last):
  File "/home/thomas/GengoWatcher/src/gengowatcher/job_acceptance.py", line 578, in _wait_for_winner
    result = task.result()
  File "/home/thomas/GengoWatcher/src/gengowatcher/job_acceptance.py", line 351, in _attempt_http_accept
    async with self.session.get(details_url, headers=headers, timeout=30) as response:
               ~~~~~~~~~~~~~~~~^^^^^^^^^^^^^^^^^^^^^^^^^^^^^^^^^^^^^^^^^^
  File "/home/thomas/GengoWatcher/src/.venv/lib/python3.13/site-packages/aiohttp/client.py", line 1488, in __aenter__
    self._resp: _RetType = await self._coro
                           ^^^^^^^^^^^^^^^^
  File "/home/thomas/GengoWatcher/src/.venv/lib/python3.13/site-packages/aiohttp/client.py", line 594, in _request
    handle = tm.start()
  File "/home/thomas/GengoWatcher/src/.venv/lib/python3.13/site-packages/aiohttp/helpers.py", line 587, in start
    return self._loop.call_at(when, self.__call__)
           ~~~~~~~~~~~~~~~~~~^^^^^^^^^^^^^^^^^^^^^
  File "/usr/lib/python3.13/asyncio/base_events.py", line 812, in call_at
    self._check_closed()
    ~~~~~~~~~~~~~~~~~~^^
  File "/usr/lib/python3.13/asyncio/base_events.py", line 556, in _check_closed
    raise RuntimeError('Event loop is closed')
RuntimeError: Event loop is closed
2025-09-19 09:24:46,262 - ERROR - Failed to initialize Chrome WebDriver: Message: unknown error: cannot find Chrome binary
Stacktrace:
#0 0x55c9c01fa4e3 <unknown>
#1 0x55c9bff29c76 <unknown>
#2 0x55c9bff50757 <unknown>
#3 0x55c9bff4f029 <unknown>
#4 0x55c9bff8dccc <unknown>
#5 0x55c9bff8d47f <unknown>
#6 0x55c9bff84de3 <unknown>
#7 0x55c9bff5a2dd <unknown>
#8 0x55c9bff5b34e <unknown>
#9 0x55c9c01ba3e4 <unknown>
#10 0x55c9c01be3d7 <unknown>
#11 0x55c9c01c8b20 <unknown>
#12 0x55c9c01bf023 <unknown>
#13 0x55c9c018d1aa <unknown>
#14 0x55c9c01e36b8 <unknown>
#15 0x55c9c01e3847 <unknown>
#16 0x55c9c01f3243 <unknown>
#17 0x7f86c78aa4f8 <unknown>

2025-09-19 09:24:46,263 - WARNING - Failed to accept job 33883847 via selenium (attempt 1/4). Reason: init_error:Message: unknown error: cannot find Chrome binary
Stacktrace:
#0 0x55c9c01fa4e3 <unknown>
#1 0x55c9bff29c76 <unknown>
#2 0x55c9bff50757 <unknown>
#3 0x55c9bff4f029 <unknown>
#4 0x55c9bff8dccc <unknown>
#5 0x55c9bff8d47f <unknown>
#6 0x55c9bff84de3 <unknown>
#7 0x55c9bff5a2dd <unknown>
#8 0x55c9bff5b34e <unknown>
#9 0x55c9c01ba3e4 <unknown>
#10 0x55c9c01be3d7 <unknown>
#11 0x55c9c01c8b20 <unknown>
#12 0x55c9c01bf023 <unknown>
#13 0x55c9c018d1aa <unknown>
#14 0x55c9c01e36b8 <unknown>
#15 0x55c9c01e3847 <unknown>
#16 0x55c9c01f3243 <unknown>
#17 0x7f86c78aa4f8 <unknown>

2025-09-19 09:24:46,263 - INFO - Retrying job 33883847 in 2.59s (attempt 2/4)
2025-09-19 09:24:48,851 - DEBUG - Acceptance task raised
Traceback (most recent call last):
  File "/home/thomas/GengoWatcher/src/gengowatcher/job_acceptance.py", line 578, in _wait_for_winner
    result = task.result()
  File "/home/thomas/GengoWatcher/src/gengowatcher/job_acceptance.py", line 351, in _attempt_http_accept
    async with self.session.get(details_url, headers=headers, timeout=30) as response:
               ~~~~~~~~~~~~~~~~^^^^^^^^^^^^^^^^^^^^^^^^^^^^^^^^^^^^^^^^^^
  File "/home/thomas/GengoWatcher/src/.venv/lib/python3.13/site-packages/aiohttp/client.py", line 1488, in __aenter__
    self._resp: _RetType = await self._coro
                           ^^^^^^^^^^^^^^^^
  File "/home/thomas/GengoWatcher/src/.venv/lib/python3.13/site-packages/aiohttp/client.py", line 594, in _request
    handle = tm.start()
  File "/home/thomas/GengoWatcher/src/.venv/lib/python3.13/site-packages/aiohttp/helpers.py", line 587, in start
    return self._loop.call_at(when, self.__call__)
           ~~~~~~~~~~~~~~~~~~^^^^^^^^^^^^^^^^^^^^^
  File "/usr/lib/python3.13/asyncio/base_events.py", line 812, in call_at
    self._check_closed()
    ~~~~~~~~~~~~~~~~~~^^
  File "/usr/lib/python3.13/asyncio/base_events.py", line 556, in _check_closed
    raise RuntimeError('Event loop is closed')
RuntimeError: Event loop is closed
2025-09-19 09:24:49,634 - ERROR - Failed to initialize Chrome WebDriver: Message: unknown error: cannot find Chrome binary
Stacktrace:
#0 0x557a078ff4e3 <unknown>
#1 0x557a0762ec76 <unknown>
#2 0x557a07655757 <unknown>
#3 0x557a07654029 <unknown>
#4 0x557a07692ccc <unknown>
#5 0x557a0769247f <unknown>
#6 0x557a07689de3 <unknown>
#7 0x557a0765f2dd <unknown>
#8 0x557a0766034e <unknown>
#9 0x557a078bf3e4 <unknown>
#10 0x557a078c33d7 <unknown>
#11 0x557a078cdb20 <unknown>
#12 0x557a078c4023 <unknown>
#13 0x557a078921aa <unknown>
#14 0x557a078e86b8 <unknown>
#15 0x557a078e8847 <unknown>
#16 0x557a078f8243 <unknown>
#17 0x7f126d8aa4f8 <unknown>

2025-09-19 09:24:49,635 - WARNING - Failed to accept job 33883847 via selenium (attempt 2/4). Reason: init_error:Message: unknown error: cannot find Chrome binary
Stacktrace:
#0 0x557a078ff4e3 <unknown>
#1 0x557a0762ec76 <unknown>
#2 0x557a07655757 <unknown>
#3 0x557a07654029 <unknown>
#4 0x557a07692ccc <unknown>
#5 0x557a0769247f <unknown>
#6 0x557a07689de3 <unknown>
#7 0x557a0765f2dd <unknown>
#8 0x557a0766034e <unknown>
#9 0x557a078bf3e4 <unknown>
#10 0x557a078c33d7 <unknown>
#11 0x557a078cdb20 <unknown>
#12 0x557a078c4023 <unknown>
#13 0x557a078921aa <unknown>
#14 0x557a078e86b8 <unknown>
#15 0x557a078e8847 <unknown>
#16 0x557a078f8243 <unknown>
#17 0x7f126d8aa4f8 <unknown>

2025-09-19 09:24:49,635 - INFO - Retrying job 33883847 in 4.70s (attempt 3/4)
2025-09-19 09:24:54,335 - DEBUG - Acceptance task raised
Traceback (most recent call last):
  File "/home/thomas/GengoWatcher/src/gengowatcher/job_acceptance.py", line 578, in _wait_for_winner
    result = task.result()
  File "/home/thomas/GengoWatcher/src/gengowatcher/job_acceptance.py", line 351, in _attempt_http_accept
    async with self.session.get(details_url, headers=headers, timeout=30) as response:
               ~~~~~~~~~~~~~~~~^^^^^^^^^^^^^^^^^^^^^^^^^^^^^^^^^^^^^^^^^^
  File "/home/thomas/GengoWatcher/src/.venv/lib/python3.13/site-packages/aiohttp/client.py", line 1488, in __aenter__
    self._resp: _RetType = await self._coro
                           ^^^^^^^^^^^^^^^^
  File "/home/thomas/GengoWatcher/src/.venv/lib/python3.13/site-packages/aiohttp/client.py", line 594, in _request
    handle = tm.start()
  File "/home/thomas/GengoWatcher/src/.venv/lib/python3.13/site-packages/aiohttp/helpers.py", line 587, in start
    return self._loop.call_at(when, self.__call__)
           ~~~~~~~~~~~~~~~~~~^^^^^^^^^^^^^^^^^^^^^
  File "/usr/lib/python3.13/asyncio/base_events.py", line 812, in call_at
    self._check_closed()
    ~~~~~~~~~~~~~~~~~~^^
  File "/usr/lib/python3.13/asyncio/base_events.py", line 556, in _check_closed
    raise RuntimeError('Event loop is closed')
RuntimeError: Event loop is closed
2025-09-19 09:24:55,053 - ERROR - Failed to initialize Chrome WebDriver: Message: unknown error: cannot find Chrome binary
Stacktrace:
#0 0x561fdc3d14e3 <unknown>
#1 0x561fdc100c76 <unknown>
#2 0x561fdc127757 <unknown>
#3 0x561fdc126029 <unknown>
#4 0x561fdc164ccc <unknown>
#5 0x561fdc16447f <unknown>
#6 0x561fdc15bde3 <unknown>
#7 0x561fdc1312dd <unknown>
#8 0x561fdc13234e <unknown>
#9 0x561fdc3913e4 <unknown>
#10 0x561fdc3953d7 <unknown>
#11 0x561fdc39fb20 <unknown>
#12 0x561fdc396023 <unknown>
#13 0x561fdc3641aa <unknown>
#14 0x561fdc3ba6b8 <unknown>
#15 0x561fdc3ba847 <unknown>
#16 0x561fdc3ca243 <unknown>
#17 0x7f0083eaa4f8 <unknown>

2025-09-19 09:24:55,053 - WARNING - Failed to accept job 33883847 via selenium (attempt 3/4). Reason: init_error:Message: unknown error: cannot find Chrome binary
Stacktrace:
#0 0x561fdc3d14e3 <unknown>
#1 0x561fdc100c76 <unknown>
#2 0x561fdc127757 <unknown>
#3 0x561fdc126029 <unknown>
#4 0x561fdc164ccc <unknown>
#5 0x561fdc16447f <unknown>
#6 0x561fdc15bde3 <unknown>
#7 0x561fdc1312dd <unknown>
#8 0x561fdc13234e <unknown>
#9 0x561fdc3913e4 <unknown>
#10 0x561fdc3953d7 <unknown>
#11 0x561fdc39fb20 <unknown>
#12 0x561fdc396023 <unknown>
#13 0x561fdc3641aa <unknown>
#14 0x561fdc3ba6b8 <unknown>
#15 0x561fdc3ba847 <unknown>
#16 0x561fdc3ca243 <unknown>
#17 0x7f0083eaa4f8 <unknown>

2025-09-19 09:24:55,053 - INFO - Retrying job 33883847 in 8.23s (attempt 4/4)
2025-09-19 09:25:03,291 - DEBUG - Acceptance task raised
Traceback (most recent call last):
  File "/home/thomas/GengoWatcher/src/gengowatcher/job_acceptance.py", line 578, in _wait_for_winner
    result = task.result()
  File "/home/thomas/GengoWatcher/src/gengowatcher/job_acceptance.py", line 351, in _attempt_http_accept
    async with self.session.get(details_url, headers=headers, timeout=30) as response:
               ~~~~~~~~~~~~~~~~^^^^^^^^^^^^^^^^^^^^^^^^^^^^^^^^^^^^^^^^^^
  File "/home/thomas/GengoWatcher/src/.venv/lib/python3.13/site-packages/aiohttp/client.py", line 1488, in __aenter__
    self._resp: _RetType = await self._coro
                           ^^^^^^^^^^^^^^^^
  File "/home/thomas/GengoWatcher/src/.venv/lib/python3.13/site-packages/aiohttp/client.py", line 594, in _request
    handle = tm.start()
  File "/home/thomas/GengoWatcher/src/.venv/lib/python3.13/site-packages/aiohttp/helpers.py", line 587, in start
    return self._loop.call_at(when, self.__call__)
           ~~~~~~~~~~~~~~~~~~^^^^^^^^^^^^^^^^^^^^^
  File "/usr/lib/python3.13/asyncio/base_events.py", line 812, in call_at
    self._check_closed()
    ~~~~~~~~~~~~~~~~~~^^
  File "/usr/lib/python3.13/asyncio/base_events.py", line 556, in _check_closed
    raise RuntimeError('Event loop is closed')
RuntimeError: Event loop is closed
2025-09-19 09:25:03,988 - ERROR - Failed to initialize Chrome WebDriver: Message: unknown error: cannot find Chrome binary
Stacktrace:
#0 0x55e6b0aad4e3 <unknown>
#1 0x55e6b07dcc76 <unknown>
#2 0x55e6b0803757 <unknown>
#3 0x55e6b0802029 <unknown>
#4 0x55e6b0840ccc <unknown>
#5 0x55e6b084047f <unknown>
#6 0x55e6b0837de3 <unknown>
#7 0x55e6b080d2dd <unknown>
#8 0x55e6b080e34e <unknown>
#9 0x55e6b0a6d3e4 <unknown>
#10 0x55e6b0a713d7 <unknown>
#11 0x55e6b0a7bb20 <unknown>
#12 0x55e6b0a72023 <unknown>
#13 0x55e6b0a401aa <unknown>
#14 0x55e6b0a966b8 <unknown>
#15 0x55e6b0a96847 <unknown>
#16 0x55e6b0aa6243 <unknown>
#17 0x7f5fc6caa4f8 <unknown>

2025-09-19 09:25:03,988 - WARNING - Failed to accept job 33883847 via selenium (attempt 4/4). Reason: init_error:Message: unknown error: cannot find Chrome binary
Stacktrace:
#0 0x55e6b0aad4e3 <unknown>
#1 0x55e6b07dcc76 <unknown>
#2 0x55e6b0803757 <unknown>
#3 0x55e6b0802029 <unknown>
#4 0x55e6b0840ccc <unknown>
#5 0x55e6b084047f <unknown>
#6 0x55e6b0837de3 <unknown>
#7 0x55e6b080d2dd <unknown>
#8 0x55e6b080e34e <unknown>
#9 0x55e6b0a6d3e4 <unknown>
#10 0x55e6b0a713d7 <unknown>
#11 0x55e6b0a7bb20 <unknown>
#12 0x55e6b0a72023 <unknown>
#13 0x55e6b0a401aa <unknown>
#14 0x55e6b0a966b8 <unknown>
#15 0x55e6b0a96847 <unknown>
#16 0x55e6b0aa6243 <unknown>
#17 0x7f5fc6caa4f8 <unknown>

2025-09-19 09:25:03,988 - ERROR - Failed to accept job 33883847 after 4 attempts (last reason: init_error:Message: unknown error: cannot find Chrome binary
Stacktrace:
#0 0x55e6b0aad4e3 <unknown>
#1 0x55e6b07dcc76 <unknown>
#2 0x55e6b0803757 <unknown>
#3 0x55e6b0802029 <unknown>
#4 0x55e6b0840ccc <unknown>
#5 0x55e6b084047f <unknown>
#6 0x55e6b0837de3 <unknown>
#7 0x55e6b080d2dd <unknown>
#8 0x55e6b080e34e <unknown>
#9 0x55e6b0a6d3e4 <unknown>
#10 0x55e6b0a713d7 <unknown>
#11 0x55e6b0a7bb20 <unknown>
#12 0x55e6b0a72023 <unknown>
#13 0x55e6b0a401aa <unknown>
#14 0x55e6b0a966b8 <unknown>
#15 0x55e6b0a96847 <unknown>
#16 0x55e6b0aa6243 <unknown>
#17 0x7f5fc6caa4f8 <unknown>
)
2025-09-19 09:25:08,324 - DEBUG - RSS check triggered.
2025-09-19 09:25:08,324 - DEBUG - Fetching RSS feed: https://gengo.com/rss/available_jobs/6d9668ab271c486e52eb4d37b876cabd5a1cf2da958b7004205163 with headers: {}
2025-09-19 09:25:08,816 - DEBUG - RSS feed fetched successfully. Entries: 0
2025-09-19 09:25:08,816 - DEBUG - Processing 0 RSS entries.
2025-09-19 09:25:08,816 - DEBUG - Waiting for next RSS check: 31.00s (paused=False)
2025-09-19 09:25:39,816 - DEBUG - RSS check triggered.
2025-09-19 09:25:39,816 - DEBUG - Fetching RSS feed: https://gengo.com/rss/available_jobs/6d9668ab271c486e52eb4d37b876cabd5a1cf2da958b7004205163 with headers: {}
2025-09-19 09:25:40,294 - DEBUG - RSS feed fetched successfully. Entries: 0
2025-09-19 09:25:40,294 - DEBUG - Processing 0 RSS entries.
2025-09-19 09:25:40,294 - DEBUG - Waiting for next RSS check: 31.00s (paused=False)
2025-09-19 09:26:11,294 - DEBUG - RSS check triggered.
2025-09-19 09:26:11,294 - DEBUG - Fetching RSS feed: https://gengo.com/rss/available_jobs/6d9668ab271c486e52eb4d37b876cabd5a1cf2da958b7004205163 with headers: {}
2025-09-19 09:26:11,791 - DEBUG - RSS feed fetched successfully. Entries: 0
2025-09-19 09:26:11,791 - DEBUG - Processing 0 RSS entries.
2025-09-19 09:26:11,791 - DEBUG - Waiting for next RSS check: 31.00s (paused=False)
2025-09-19 09:26:42,791 - DEBUG - RSS check triggered.
2025-09-19 09:26:42,791 - DEBUG - Fetching RSS feed: https://gengo.com/rss/available_jobs/6d9668ab271c486e52eb4d37b876cabd5a1cf2da958b7004205163 with headers: {}
2025-09-19 09:26:43,284 - DEBUG - RSS feed fetched successfully. Entries: 0
2025-09-19 09:26:43,284 - DEBUG - Processing 0 RSS entries.
2025-09-19 09:26:43,284 - DEBUG - Waiting for next RSS check: 31.00s (paused=False)
2025-09-19 09:27:14,284 - DEBUG - RSS check triggered.
2025-09-19 09:27:14,284 - DEBUG - Fetching RSS feed: https://gengo.com/rss/available_jobs/6d9668ab271c486e52eb4d37b876cabd5a1cf2da958b7004205163 with headers: {}
2025-09-19 09:27:14,771 - DEBUG - RSS feed fetched successfully. Entries: 0
2025-09-19 09:27:14,771 - DEBUG - Processing 0 RSS entries.
2025-09-19 09:27:14,772 - DEBUG - Waiting for next RSS check: 31.00s (paused=False)
2025-09-19 09:27:45,772 - DEBUG - RSS check triggered.
2025-09-19 09:27:45,772 - DEBUG - Fetching RSS feed: https://gengo.com/rss/available_jobs/6d9668ab271c486e52eb4d37b876cabd5a1cf2da958b7004205163 with headers: {}
2025-09-19 09:27:46,232 - DEBUG - RSS feed fetched successfully. Entries: 0
2025-09-19 09:27:46,232 - DEBUG - Processing 0 RSS entries.
2025-09-19 09:27:46,232 - DEBUG - Waiting for next RSS check: 31.00s (paused=False)
2025-09-19 09:28:17,232 - DEBUG - RSS check triggered.
2025-09-19 09:28:17,233 - DEBUG - Fetching RSS feed: https://gengo.com/rss/available_jobs/6d9668ab271c486e52eb4d37b876cabd5a1cf2da958b7004205163 with headers: {}
2025-09-19 09:28:17,788 - DEBUG - RSS feed fetched successfully. Entries: 0
2025-09-19 09:28:17,788 - DEBUG - Processing 0 RSS entries.
2025-09-19 09:28:17,788 - DEBUG - Waiting for next RSS check: 31.00s (paused=False)
2025-09-19 09:28:48,789 - DEBUG - RSS check triggered.
2025-09-19 09:28:48,789 - DEBUG - Fetching RSS feed: https://gengo.com/rss/available_jobs/6d9668ab271c486e52eb4d37b876cabd5a1cf2da958b7004205163 with headers: {}
2025-09-19 09:28:49,261 - DEBUG - RSS feed fetched successfully. Entries: 0
2025-09-19 09:28:49,262 - DEBUG - Processing 0 RSS entries.
2025-09-19 09:28:49,262 - DEBUG - Waiting for next RSS check: 31.00s (paused=False)
2025-09-19 09:29:20,262 - DEBUG - RSS check triggered.
2025-09-19 09:29:20,262 - DEBUG - Fetching RSS feed: https://gengo.com/rss/available_jobs/6d9668ab271c486e52eb4d37b876cabd5a1cf2da958b7004205163 with headers: {}
2025-09-19 09:29:20,798 - DEBUG - RSS feed fetched successfully. Entries: 0
2025-09-19 09:29:20,798 - DEBUG - Processing 0 RSS entries.
2025-09-19 09:29:20,798 - DEBUG - Waiting for next RSS check: 31.00s (paused=False)
2025-09-19 09:29:51,798 - DEBUG - RSS check triggered.
2025-09-19 09:29:51,798 - DEBUG - Fetching RSS feed: https://gengo.com/rss/available_jobs/6d9668ab271c486e52eb4d37b876cabd5a1cf2da958b7004205163 with headers: {}
2025-09-19 09:29:52,331 - DEBUG - RSS feed fetched successfully. Entries: 0
2025-09-19 09:29:52,331 - DEBUG - Processing 0 RSS entries.
2025-09-19 09:29:52,331 - DEBUG - Waiting for next RSS check: 31.00s (paused=False)
2025-09-19 09:30:23,331 - DEBUG - RSS check triggered.
2025-09-19 09:30:23,331 - DEBUG - Fetching RSS feed: https://gengo.com/rss/available_jobs/6d9668ab271c486e52eb4d37b876cabd5a1cf2da958b7004205163 with headers: {}
2025-09-19 09:30:23,856 - DEBUG - RSS feed fetched successfully. Entries: 0
2025-09-19 09:30:23,856 - DEBUG - Processing 0 RSS entries.
2025-09-19 09:30:23,856 - DEBUG - Waiting for next RSS check: 31.00s (paused=False)
2025-09-19 09:30:54,856 - DEBUG - RSS check triggered.
2025-09-19 09:30:54,856 - DEBUG - Fetching RSS feed: https://gengo.com/rss/available_jobs/6d9668ab271c486e52eb4d37b876cabd5a1cf2da958b7004205163 with headers: {}
2025-09-19 09:30:55,495 - DEBUG - RSS feed fetched successfully. Entries: 0
2025-09-19 09:30:55,495 - DEBUG - Processing 0 RSS entries.
2025-09-19 09:30:55,495 - DEBUG - Waiting for next RSS check: 31.00s (paused=False)
2025-09-19 09:31:07,431 - DEBUG - WebSocket: Message received: {"type": "available_collection", "collection": {"id": 33883858, "lc_src": "ja", "lc_tgt": "en", "tier": "standard", "is_preferred": false, "currency": "JPY", "is_ezra": false, "type": "file", "content": "ver1320_\u30d5\u30ed\u30fc\u30c6\u30a3\u30f3\u30af\u3099\u30ab\u30e9\u30fc\u30a6\u30a3\u30f3\u30c8\u3099\u30a6_\u7ffb\u8a33\u4f9d\u983c.docx", "rewards": 6.8, "unit_count": 340, "has_tm": false, "filetype_src": 5}}
2025-09-19 09:31:07,431 - DEBUG - WebSocket: Message JSON: {'type': 'available_collection', 'collection': {'id': 33883858, 'lc_src': 'ja', 'lc_tgt': 'en', 'tier': 'standard', 'is_preferred': False, 'currency': 'JPY', 'is_ezra': False, 'type': 'file', 'content': 'ver1320_フローティングカラーウィンドウ_翻訳依頼.docx', 'rewards': 6.8, 'unit_count': 340, 'has_tm': False, 'filetype_src': 5}}
2025-09-19 09:31:07,431 - DEBUG - WebSocket: Job data: {'id': 33883858, 'lc_src': 'ja', 'lc_tgt': 'en', 'tier': 'standard', 'is_preferred': False, 'currency': 'JPY', 'is_ezra': False, 'type': 'file', 'content': 'ver1320_フローティングカラーウィンドウ_翻訳依頼.docx', 'rewards': 6.8, 'unit_count': 340, 'has_tm': False, 'filetype_src': 5}
2025-09-19 09:31:07,431 - DEBUG - Processing new job: 33883858, ja > en, 6.8, https://gengo.com/t/jobs/details/33883858, WebSocket
2025-09-19 09:31:07,431 - INFO - [success]New job via WebSocket: ja > en (US$ 6.80)[/success]
2025-09-19 09:31:07,431 - DEBUG - Showing notification: New Gengo Job Available! - ja > en
2025-09-19 09:31:07,443 - DEBUG - Attempting to play sound with paplay: /home/thomas/GengoWatcher/assets/alert.wav
2025-09-19 09:31:07,443 - DEBUG - Opening URL in browser: https://gengo.com/t/jobs/details/33883858
2025-09-19 09:31:07,444 - DEBUG - Added job 33883858 to storage
2025-09-19 09:31:07,444 - INFO - Job 33883858 meets auto-accept criteria, queuing for acceptance
2025-09-19 09:31:07,444 - INFO - Attempting to auto-accept job 33883858
2025-09-19 09:31:07,445 - DEBUG - Waiting 5.92s before accepting job 33883858
2025-09-19 09:31:08,232 - ERROR - Failed to initialize Chrome WebDriver: Message: unknown error: cannot find Chrome binary
Stacktrace:
#0 0x55739b6d24e3 <unknown>
#1 0x55739b401c76 <unknown>
#2 0x55739b428757 <unknown>
#3 0x55739b427029 <unknown>
#4 0x55739b465ccc <unknown>
#5 0x55739b46547f <unknown>
#6 0x55739b45cde3 <unknown>
#7 0x55739b4322dd <unknown>
#8 0x55739b43334e <unknown>
#9 0x55739b6923e4 <unknown>
#10 0x55739b6963d7 <unknown>
#11 0x55739b6a0b20 <unknown>
#12 0x55739b697023 <unknown>
#13 0x55739b6651aa <unknown>
#14 0x55739b6bb6b8 <unknown>
#15 0x55739b6bb847 <unknown>
#16 0x55739b6cb243 <unknown>
#17 0x7f0bc0eaa4f8 <unknown>

2025-09-19 09:31:08,232 - DEBUG - Accept watcher error: Message: unknown error: cannot find Chrome binary
Stacktrace:
#0 0x55739b6d24e3 <unknown>
#1 0x55739b401c76 <unknown>
#2 0x55739b428757 <unknown>
#3 0x55739b427029 <unknown>
#4 0x55739b465ccc <unknown>
#5 0x55739b46547f <unknown>
#6 0x55739b45cde3 <unknown>
#7 0x55739b4322dd <unknown>
#8 0x55739b43334e <unknown>
#9 0x55739b6923e4 <unknown>
#10 0x55739b6963d7 <unknown>
#11 0x55739b6a0b20 <unknown>
#12 0x55739b697023 <unknown>
#13 0x55739b6651aa <unknown>
#14 0x55739b6bb6b8 <unknown>
#15 0x55739b6bb847 <unknown>
#16 0x55739b6cb243 <unknown>
#17 0x7f0bc0eaa4f8 <unknown>

2025-09-19 09:31:13,375 - DEBUG - Acceptance task raised
Traceback (most recent call last):
  File "/home/thomas/GengoWatcher/src/gengowatcher/job_acceptance.py", line 578, in _wait_for_winner
    result = task.result()
  File "/home/thomas/GengoWatcher/src/gengowatcher/job_acceptance.py", line 351, in _attempt_http_accept
    async with self.session.get(details_url, headers=headers, timeout=30) as response:
               ~~~~~~~~~~~~~~~~^^^^^^^^^^^^^^^^^^^^^^^^^^^^^^^^^^^^^^^^^^
  File "/home/thomas/GengoWatcher/src/.venv/lib/python3.13/site-packages/aiohttp/client.py", line 1488, in __aenter__
    self._resp: _RetType = await self._coro
                           ^^^^^^^^^^^^^^^^
  File "/home/thomas/GengoWatcher/src/.venv/lib/python3.13/site-packages/aiohttp/client.py", line 594, in _request
    handle = tm.start()
  File "/home/thomas/GengoWatcher/src/.venv/lib/python3.13/site-packages/aiohttp/helpers.py", line 587, in start
    return self._loop.call_at(when, self.__call__)
           ~~~~~~~~~~~~~~~~~~^^^^^^^^^^^^^^^^^^^^^
  File "/usr/lib/python3.13/asyncio/base_events.py", line 812, in call_at
    self._check_closed()
    ~~~~~~~~~~~~~~~~~~^^
  File "/usr/lib/python3.13/asyncio/base_events.py", line 556, in _check_closed
    raise RuntimeError('Event loop is closed')
RuntimeError: Event loop is closed
2025-09-19 09:31:14,119 - ERROR - Failed to initialize Chrome WebDriver: Message: unknown error: cannot find Chrome binary
Stacktrace:
#0 0x55d7d61764e3 <unknown>
#1 0x55d7d5ea5c76 <unknown>
#2 0x55d7d5ecc757 <unknown>
#3 0x55d7d5ecb029 <unknown>
#4 0x55d7d5f09ccc <unknown>
#5 0x55d7d5f0947f <unknown>
#6 0x55d7d5f00de3 <unknown>
#7 0x55d7d5ed62dd <unknown>
#8 0x55d7d5ed734e <unknown>
#9 0x55d7d61363e4 <unknown>
#10 0x55d7d613a3d7 <unknown>
#11 0x55d7d6144b20 <unknown>
#12 0x55d7d613b023 <unknown>
#13 0x55d7d61091aa <unknown>
#14 0x55d7d615f6b8 <unknown>
#15 0x55d7d615f847 <unknown>
#16 0x55d7d616f243 <unknown>
#17 0x7f54e56aa4f8 <unknown>

2025-09-19 09:31:14,120 - WARNING - Failed to accept job 33883858 via selenium (attempt 1/4). Reason: init_error:Message: unknown error: cannot find Chrome binary
Stacktrace:
#0 0x55d7d61764e3 <unknown>
#1 0x55d7d5ea5c76 <unknown>
#2 0x55d7d5ecc757 <unknown>
#3 0x55d7d5ecb029 <unknown>
#4 0x55d7d5f09ccc <unknown>
#5 0x55d7d5f0947f <unknown>
#6 0x55d7d5f00de3 <unknown>
#7 0x55d7d5ed62dd <unknown>
#8 0x55d7d5ed734e <unknown>
#9 0x55d7d61363e4 <unknown>
#10 0x55d7d613a3d7 <unknown>
#11 0x55d7d6144b20 <unknown>
#12 0x55d7d613b023 <unknown>
#13 0x55d7d61091aa <unknown>
#14 0x55d7d615f6b8 <unknown>
#15 0x55d7d615f847 <unknown>
#16 0x55d7d616f243 <unknown>
#17 0x7f54e56aa4f8 <unknown>

2025-09-19 09:31:14,120 - INFO - Retrying job 33883858 in 2.62s (attempt 2/4)
2025-09-19 09:31:14,360 - DEBUG - WebSocket: Message received: {"type": "unavailable_collection", "collection": {"id": 33883858, "lc_src": "ja", "lc_tgt": "en", "tier": "standard", "is_preferred": false, "currency": "JPY", "is_ezra": false, "type": "file", "content": "ver1320_\u30d5\u30ed\u30fc\u30c6\u30a3\u30f3\u30af\u3099\u30ab\u30e9\u30fc\u30a6\u30a3\u30f3\u30c8\u3099\u30a6_\u7ffb\u8a33\u4f9d\u983c.docx", "rewards": 6.8, "unit_count": 340, "has_tm": false, "filetype_src": 5}}
2025-09-19 09:31:14,360 - DEBUG - WebSocket: Message JSON: {'type': 'unavailable_collection', 'collection': {'id': 33883858, 'lc_src': 'ja', 'lc_tgt': 'en', 'tier': 'standard', 'is_preferred': False, 'currency': 'JPY', 'is_ezra': False, 'type': 'file', 'content': 'ver1320_フローティングカラーウィンドウ_翻訳依頼.docx', 'rewards': 6.8, 'unit_count': 340, 'has_tm': False, 'filetype_src': 5}}
2025-09-19 09:31:16,743 - DEBUG - Acceptance task raised
Traceback (most recent call last):
  File "/home/thomas/GengoWatcher/src/gengowatcher/job_acceptance.py", line 578, in _wait_for_winner
    result = task.result()
  File "/home/thomas/GengoWatcher/src/gengowatcher/job_acceptance.py", line 351, in _attempt_http_accept
    async with self.session.get(details_url, headers=headers, timeout=30) as response:
               ~~~~~~~~~~~~~~~~^^^^^^^^^^^^^^^^^^^^^^^^^^^^^^^^^^^^^^^^^^
  File "/home/thomas/GengoWatcher/src/.venv/lib/python3.13/site-packages/aiohttp/client.py", line 1488, in __aenter__
    self._resp: _RetType = await self._coro
                           ^^^^^^^^^^^^^^^^
  File "/home/thomas/GengoWatcher/src/.venv/lib/python3.13/site-packages/aiohttp/client.py", line 594, in _request
    handle = tm.start()
  File "/home/thomas/GengoWatcher/src/.venv/lib/python3.13/site-packages/aiohttp/helpers.py", line 587, in start
    return self._loop.call_at(when, self.__call__)
           ~~~~~~~~~~~~~~~~~~^^^^^^^^^^^^^^^^^^^^^
  File "/usr/lib/python3.13/asyncio/base_events.py", line 812, in call_at
    self._check_closed()
    ~~~~~~~~~~~~~~~~~~^^
  File "/usr/lib/python3.13/asyncio/base_events.py", line 556, in _check_closed
    raise RuntimeError('Event loop is closed')
RuntimeError: Event loop is closed
2025-09-19 09:31:17,502 - ERROR - Failed to initialize Chrome WebDriver: Message: unknown error: cannot find Chrome binary
Stacktrace:
#0 0x563c977e44e3 <unknown>
#1 0x563c97513c76 <unknown>
#2 0x563c9753a757 <unknown>
#3 0x563c97539029 <unknown>
#4 0x563c97577ccc <unknown>
#5 0x563c9757747f <unknown>
#6 0x563c9756ede3 <unknown>
#7 0x563c975442dd <unknown>
#8 0x563c9754534e <unknown>
#9 0x563c977a43e4 <unknown>
#10 0x563c977a83d7 <unknown>
#11 0x563c977b2b20 <unknown>
#12 0x563c977a9023 <unknown>
#13 0x563c977771aa <unknown>
#14 0x563c977cd6b8 <unknown>
#15 0x563c977cd847 <unknown>
#16 0x563c977dd243 <unknown>
#17 0x7f508e4aa4f8 <unknown>

2025-09-19 09:31:17,502 - WARNING - Failed to accept job 33883858 via selenium (attempt 2/4). Reason: init_error:Message: unknown error: cannot find Chrome binary
Stacktrace:
#0 0x563c977e44e3 <unknown>
#1 0x563c97513c76 <unknown>
#2 0x563c9753a757 <unknown>
#3 0x563c97539029 <unknown>
#4 0x563c97577ccc <unknown>
#5 0x563c9757747f <unknown>
#6 0x563c9756ede3 <unknown>
#7 0x563c975442dd <unknown>
#8 0x563c9754534e <unknown>
#9 0x563c977a43e4 <unknown>
#10 0x563c977a83d7 <unknown>
#11 0x563c977b2b20 <unknown>
#12 0x563c977a9023 <unknown>
#13 0x563c977771aa <unknown>
#14 0x563c977cd6b8 <unknown>
#15 0x563c977cd847 <unknown>
#16 0x563c977dd243 <unknown>
#17 0x7f508e4aa4f8 <unknown>

2025-09-19 09:31:17,502 - INFO - Retrying job 33883858 in 4.47s (attempt 3/4)
2025-09-19 09:31:21,975 - DEBUG - Acceptance task raised
Traceback (most recent call last):
  File "/home/thomas/GengoWatcher/src/gengowatcher/job_acceptance.py", line 578, in _wait_for_winner
    result = task.result()
  File "/home/thomas/GengoWatcher/src/gengowatcher/job_acceptance.py", line 351, in _attempt_http_accept
    async with self.session.get(details_url, headers=headers, timeout=30) as response:
               ~~~~~~~~~~~~~~~~^^^^^^^^^^^^^^^^^^^^^^^^^^^^^^^^^^^^^^^^^^
  File "/home/thomas/GengoWatcher/src/.venv/lib/python3.13/site-packages/aiohttp/client.py", line 1488, in __aenter__
    self._resp: _RetType = await self._coro
                           ^^^^^^^^^^^^^^^^
  File "/home/thomas/GengoWatcher/src/.venv/lib/python3.13/site-packages/aiohttp/client.py", line 594, in _request
    handle = tm.start()
  File "/home/thomas/GengoWatcher/src/.venv/lib/python3.13/site-packages/aiohttp/helpers.py", line 587, in start
    return self._loop.call_at(when, self.__call__)
           ~~~~~~~~~~~~~~~~~~^^^^^^^^^^^^^^^^^^^^^
  File "/usr/lib/python3.13/asyncio/base_events.py", line 812, in call_at
    self._check_closed()
    ~~~~~~~~~~~~~~~~~~^^
  File "/usr/lib/python3.13/asyncio/base_events.py", line 556, in _check_closed
    raise RuntimeError('Event loop is closed')
RuntimeError: Event loop is closed
2025-09-19 09:31:22,653 - ERROR - Failed to initialize Chrome WebDriver: Message: unknown error: cannot find Chrome binary
Stacktrace:
#0 0x5599f04504e3 <unknown>
#1 0x5599f017fc76 <unknown>
#2 0x5599f01a6757 <unknown>
#3 0x5599f01a5029 <unknown>
#4 0x5599f01e3ccc <unknown>
#5 0x5599f01e347f <unknown>
#6 0x5599f01dade3 <unknown>
#7 0x5599f01b02dd <unknown>
#8 0x5599f01b134e <unknown>
#9 0x5599f04103e4 <unknown>
#10 0x5599f04143d7 <unknown>
#11 0x5599f041eb20 <unknown>
#12 0x5599f0415023 <unknown>
#13 0x5599f03e31aa <unknown>
#14 0x5599f04396b8 <unknown>
#15 0x5599f0439847 <unknown>
#16 0x5599f0449243 <unknown>
#17 0x7f596acaa4f8 <unknown>

2025-09-19 09:31:22,653 - WARNING - Failed to accept job 33883858 via selenium (attempt 3/4). Reason: init_error:Message: unknown error: cannot find Chrome binary
Stacktrace:
#0 0x5599f04504e3 <unknown>
#1 0x5599f017fc76 <unknown>
#2 0x5599f01a6757 <unknown>
#3 0x5599f01a5029 <unknown>
#4 0x5599f01e3ccc <unknown>
#5 0x5599f01e347f <unknown>
#6 0x5599f01dade3 <unknown>
#7 0x5599f01b02dd <unknown>
#8 0x5599f01b134e <unknown>
#9 0x5599f04103e4 <unknown>
#10 0x5599f04143d7 <unknown>
#11 0x5599f041eb20 <unknown>
#12 0x5599f0415023 <unknown>
#13 0x5599f03e31aa <unknown>
#14 0x5599f04396b8 <unknown>
#15 0x5599f0439847 <unknown>
#16 0x5599f0449243 <unknown>
#17 0x7f596acaa4f8 <unknown>

2025-09-19 09:31:22,653 - INFO - Retrying job 33883858 in 8.78s (attempt 4/4)
2025-09-19 09:31:26,495 - DEBUG - RSS check triggered.
2025-09-19 09:31:26,495 - DEBUG - Fetching RSS feed: https://gengo.com/rss/available_jobs/6d9668ab271c486e52eb4d37b876cabd5a1cf2da958b7004205163 with headers: {}
2025-09-19 09:31:27,012 - DEBUG - RSS feed fetched successfully. Entries: 0
2025-09-19 09:31:27,012 - DEBUG - Processing 0 RSS entries.
2025-09-19 09:31:27,012 - DEBUG - Waiting for next RSS check: 31.00s (paused=False)
2025-09-19 09:31:31,438 - DEBUG - Acceptance task raised
Traceback (most recent call last):
  File "/home/thomas/GengoWatcher/src/gengowatcher/job_acceptance.py", line 578, in _wait_for_winner
    result = task.result()
  File "/home/thomas/GengoWatcher/src/gengowatcher/job_acceptance.py", line 351, in _attempt_http_accept
    async with self.session.get(details_url, headers=headers, timeout=30) as response:
               ~~~~~~~~~~~~~~~~^^^^^^^^^^^^^^^^^^^^^^^^^^^^^^^^^^^^^^^^^^
  File "/home/thomas/GengoWatcher/src/.venv/lib/python3.13/site-packages/aiohttp/client.py", line 1488, in __aenter__
    self._resp: _RetType = await self._coro
                           ^^^^^^^^^^^^^^^^
  File "/home/thomas/GengoWatcher/src/.venv/lib/python3.13/site-packages/aiohttp/client.py", line 594, in _request
    handle = tm.start()
  File "/home/thomas/GengoWatcher/src/.venv/lib/python3.13/site-packages/aiohttp/helpers.py", line 587, in start
    return self._loop.call_at(when, self.__call__)
           ~~~~~~~~~~~~~~~~~~^^^^^^^^^^^^^^^^^^^^^
  File "/usr/lib/python3.13/asyncio/base_events.py", line 812, in call_at
    self._check_closed()
    ~~~~~~~~~~~~~~~~~~^^
  File "/usr/lib/python3.13/asyncio/base_events.py", line 556, in _check_closed
    raise RuntimeError('Event loop is closed')
RuntimeError: Event loop is closed
2025-09-19 09:31:32,214 - ERROR - Failed to initialize Chrome WebDriver: Message: unknown error: cannot find Chrome binary
Stacktrace:
#0 0x55d52dced4e3 <unknown>
#1 0x55d52da1cc76 <unknown>
#2 0x55d52da43757 <unknown>
#3 0x55d52da42029 <unknown>
#4 0x55d52da80ccc <unknown>
#5 0x55d52da8047f <unknown>
#6 0x55d52da77de3 <unknown>
#7 0x55d52da4d2dd <unknown>
#8 0x55d52da4e34e <unknown>
#9 0x55d52dcad3e4 <unknown>
#10 0x55d52dcb13d7 <unknown>
#11 0x55d52dcbbb20 <unknown>
#12 0x55d52dcb2023 <unknown>
#13 0x55d52dc801aa <unknown>
#14 0x55d52dcd66b8 <unknown>
#15 0x55d52dcd6847 <unknown>
#16 0x55d52dce6243 <unknown>
#17 0x7f62736aa4f8 <unknown>

2025-09-19 09:31:32,214 - WARNING - Failed to accept job 33883858 via selenium (attempt 4/4). Reason: init_error:Message: unknown error: cannot find Chrome binary
Stacktrace:
#0 0x55d52dced4e3 <unknown>
#1 0x55d52da1cc76 <unknown>
#2 0x55d52da43757 <unknown>
#3 0x55d52da42029 <unknown>
#4 0x55d52da80ccc <unknown>
#5 0x55d52da8047f <unknown>
#6 0x55d52da77de3 <unknown>
#7 0x55d52da4d2dd <unknown>
#8 0x55d52da4e34e <unknown>
#9 0x55d52dcad3e4 <unknown>
#10 0x55d52dcb13d7 <unknown>
#11 0x55d52dcbbb20 <unknown>
#12 0x55d52dcb2023 <unknown>
#13 0x55d52dc801aa <unknown>
#14 0x55d52dcd66b8 <unknown>
#15 0x55d52dcd6847 <unknown>
#16 0x55d52dce6243 <unknown>
#17 0x7f62736aa4f8 <unknown>

2025-09-19 09:31:32,214 - ERROR - Failed to accept job 33883858 after 4 attempts (last reason: init_error:Message: unknown error: cannot find Chrome binary
Stacktrace:
#0 0x55d52dced4e3 <unknown>
#1 0x55d52da1cc76 <unknown>
#2 0x55d52da43757 <unknown>
#3 0x55d52da42029 <unknown>
#4 0x55d52da80ccc <unknown>
#5 0x55d52da8047f <unknown>
#6 0x55d52da77de3 <unknown>
#7 0x55d52da4d2dd <unknown>
#8 0x55d52da4e34e <unknown>
#9 0x55d52dcad3e4 <unknown>
#10 0x55d52dcb13d7 <unknown>
#11 0x55d52dcbbb20 <unknown>
#12 0x55d52dcb2023 <unknown>
#13 0x55d52dc801aa <unknown>
#14 0x55d52dcd66b8 <unknown>
#15 0x55d52dcd6847 <unknown>
#16 0x55d52dce6243 <unknown>
#17 0x7f62736aa4f8 <unknown>
)
2025-09-19 09:31:58,012 - DEBUG - RSS check triggered.
2025-09-19 09:31:58,012 - DEBUG - Fetching RSS feed: https://gengo.com/rss/available_jobs/6d9668ab271c486e52eb4d37b876cabd5a1cf2da958b7004205163 with headers: {}
2025-09-19 09:31:58,487 - DEBUG - RSS feed fetched successfully. Entries: 0
2025-09-19 09:31:58,487 - DEBUG - Processing 0 RSS entries.
2025-09-19 09:31:58,487 - DEBUG - Waiting for next RSS check: 31.00s (paused=False)
2025-09-19 09:32:29,487 - DEBUG - RSS check triggered.
2025-09-19 09:32:29,487 - DEBUG - Fetching RSS feed: https://gengo.com/rss/available_jobs/6d9668ab271c486e52eb4d37b876cabd5a1cf2da958b7004205163 with headers: {}
2025-09-19 09:32:30,000 - DEBUG - RSS feed fetched successfully. Entries: 0
2025-09-19 09:32:30,000 - DEBUG - Processing 0 RSS entries.
2025-09-19 09:32:30,000 - DEBUG - Waiting for next RSS check: 31.00s (paused=False)
2025-09-19 09:33:01,000 - DEBUG - RSS check triggered.
2025-09-19 09:33:01,000 - DEBUG - Fetching RSS feed: https://gengo.com/rss/available_jobs/6d9668ab271c486e52eb4d37b876cabd5a1cf2da958b7004205163 with headers: {}
2025-09-19 09:33:01,672 - DEBUG - RSS feed fetched successfully. Entries: 0
2025-09-19 09:33:01,672 - DEBUG - Processing 0 RSS entries.
2025-09-19 09:33:01,672 - DEBUG - Waiting for next RSS check: 31.00s (paused=False)
2025-09-19 09:33:32,672 - DEBUG - RSS check triggered.
2025-09-19 09:33:32,672 - DEBUG - Fetching RSS feed: https://gengo.com/rss/available_jobs/6d9668ab271c486e52eb4d37b876cabd5a1cf2da958b7004205163 with headers: {}
2025-09-19 09:33:33,327 - DEBUG - RSS feed fetched successfully. Entries: 0
2025-09-19 09:33:33,327 - DEBUG - Processing 0 RSS entries.
2025-09-19 09:33:33,327 - DEBUG - Waiting for next RSS check: 31.00s (paused=False)
2025-09-19 09:34:04,327 - DEBUG - RSS check triggered.
2025-09-19 09:34:04,327 - DEBUG - Fetching RSS feed: https://gengo.com/rss/available_jobs/6d9668ab271c486e52eb4d37b876cabd5a1cf2da958b7004205163 with headers: {}
2025-09-19 09:34:04,909 - DEBUG - RSS feed fetched successfully. Entries: 0
2025-09-19 09:34:04,909 - DEBUG - Processing 0 RSS entries.
2025-09-19 09:34:04,909 - DEBUG - Waiting for next RSS check: 31.00s (paused=False)
2025-09-19 09:34:35,909 - DEBUG - RSS check triggered.
2025-09-19 09:34:35,909 - DEBUG - Fetching RSS feed: https://gengo.com/rss/available_jobs/6d9668ab271c486e52eb4d37b876cabd5a1cf2da958b7004205163 with headers: {}
2025-09-19 09:34:36,398 - DEBUG - RSS feed fetched successfully. Entries: 0
2025-09-19 09:34:36,398 - DEBUG - Processing 0 RSS entries.
2025-09-19 09:34:36,398 - DEBUG - Waiting for next RSS check: 31.00s (paused=False)
2025-09-19 09:35:07,399 - DEBUG - RSS check triggered.
2025-09-19 09:35:07,399 - DEBUG - Fetching RSS feed: https://gengo.com/rss/available_jobs/6d9668ab271c486e52eb4d37b876cabd5a1cf2da958b7004205163 with headers: {}
2025-09-19 09:35:07,853 - DEBUG - RSS feed fetched successfully. Entries: 0
2025-09-19 09:35:07,853 - DEBUG - Processing 0 RSS entries.
2025-09-19 09:35:07,853 - DEBUG - Waiting for next RSS check: 31.00s (paused=False)
2025-09-19 09:35:38,853 - DEBUG - RSS check triggered.
2025-09-19 09:35:38,853 - DEBUG - Fetching RSS feed: https://gengo.com/rss/available_jobs/6d9668ab271c486e52eb4d37b876cabd5a1cf2da958b7004205163 with headers: {}
2025-09-19 09:35:39,396 - DEBUG - RSS feed fetched successfully. Entries: 0
2025-09-19 09:35:39,396 - DEBUG - Processing 0 RSS entries.
2025-09-19 09:35:39,396 - DEBUG - Waiting for next RSS check: 31.00s (paused=False)
2025-09-19 09:36:10,396 - DEBUG - RSS check triggered.
2025-09-19 09:36:10,396 - DEBUG - Fetching RSS feed: https://gengo.com/rss/available_jobs/6d9668ab271c486e52eb4d37b876cabd5a1cf2da958b7004205163 with headers: {}
2025-09-19 09:36:10,856 - DEBUG - RSS feed fetched successfully. Entries: 0
2025-09-19 09:36:10,856 - DEBUG - Processing 0 RSS entries.
2025-09-19 09:36:10,856 - DEBUG - Waiting for next RSS check: 31.00s (paused=False)
2025-09-19 09:36:41,856 - DEBUG - RSS check triggered.
2025-09-19 09:36:41,856 - DEBUG - Fetching RSS feed: https://gengo.com/rss/available_jobs/6d9668ab271c486e52eb4d37b876cabd5a1cf2da958b7004205163 with headers: {}
2025-09-19 09:36:42,395 - DEBUG - RSS feed fetched successfully. Entries: 0
2025-09-19 09:36:42,396 - DEBUG - Processing 0 RSS entries.
2025-09-19 09:36:42,396 - DEBUG - Waiting for next RSS check: 31.00s (paused=False)
2025-09-19 09:37:13,396 - DEBUG - RSS check triggered.
2025-09-19 09:37:13,396 - DEBUG - Fetching RSS feed: https://gengo.com/rss/available_jobs/6d9668ab271c486e52eb4d37b876cabd5a1cf2da958b7004205163 with headers: {}
2025-09-19 09:37:13,869 - DEBUG - RSS feed fetched successfully. Entries: 0
2025-09-19 09:37:13,869 - DEBUG - Processing 0 RSS entries.
2025-09-19 09:37:13,869 - DEBUG - Waiting for next RSS check: 31.00s (paused=False)
2025-09-19 09:37:44,869 - DEBUG - RSS check triggered.
2025-09-19 09:37:44,869 - DEBUG - Fetching RSS feed: https://gengo.com/rss/available_jobs/6d9668ab271c486e52eb4d37b876cabd5a1cf2da958b7004205163 with headers: {}
2025-09-19 09:37:45,583 - DEBUG - RSS feed fetched successfully. Entries: 0
2025-09-19 09:37:45,584 - DEBUG - Processing 0 RSS entries.
2025-09-19 09:37:45,584 - DEBUG - Waiting for next RSS check: 31.00s (paused=False)
2025-09-19 09:38:16,584 - DEBUG - RSS check triggered.
2025-09-19 09:38:16,584 - DEBUG - Fetching RSS feed: https://gengo.com/rss/available_jobs/6d9668ab271c486e52eb4d37b876cabd5a1cf2da958b7004205163 with headers: {}
2025-09-19 09:38:17,190 - DEBUG - RSS feed fetched successfully. Entries: 0
2025-09-19 09:38:17,190 - DEBUG - Processing 0 RSS entries.
2025-09-19 09:38:17,190 - DEBUG - Waiting for next RSS check: 31.00s (paused=False)
2025-09-19 09:38:48,190 - DEBUG - RSS check triggered.
2025-09-19 09:38:48,190 - DEBUG - Fetching RSS feed: https://gengo.com/rss/available_jobs/6d9668ab271c486e52eb4d37b876cabd5a1cf2da958b7004205163 with headers: {}
2025-09-19 09:38:48,689 - DEBUG - RSS feed fetched successfully. Entries: 0
2025-09-19 09:38:48,689 - DEBUG - Processing 0 RSS entries.
2025-09-19 09:38:48,689 - DEBUG - Waiting for next RSS check: 31.00s (paused=False)
2025-09-19 09:39:19,689 - DEBUG - RSS check triggered.
2025-09-19 09:39:19,689 - DEBUG - Fetching RSS feed: https://gengo.com/rss/available_jobs/6d9668ab271c486e52eb4d37b876cabd5a1cf2da958b7004205163 with headers: {}
2025-09-19 09:39:20,394 - DEBUG - RSS feed fetched successfully. Entries: 0
2025-09-19 09:39:20,394 - DEBUG - Processing 0 RSS entries.
2025-09-19 09:39:20,394 - DEBUG - Waiting for next RSS check: 31.00s (paused=False)
2025-09-19 09:39:51,394 - DEBUG - RSS check triggered.
2025-09-19 09:39:51,394 - DEBUG - Fetching RSS feed: https://gengo.com/rss/available_jobs/6d9668ab271c486e52eb4d37b876cabd5a1cf2da958b7004205163 with headers: {}
2025-09-19 09:39:51,887 - DEBUG - RSS feed fetched successfully. Entries: 0
2025-09-19 09:39:51,887 - DEBUG - Processing 0 RSS entries.
2025-09-19 09:39:51,887 - DEBUG - Waiting for next RSS check: 31.00s (paused=False)
2025-09-19 09:40:22,887 - DEBUG - RSS check triggered.
2025-09-19 09:40:22,887 - DEBUG - Fetching RSS feed: https://gengo.com/rss/available_jobs/6d9668ab271c486e52eb4d37b876cabd5a1cf2da958b7004205163 with headers: {}
2025-09-19 09:40:23,354 - DEBUG - RSS feed fetched successfully. Entries: 0
2025-09-19 09:40:23,354 - DEBUG - Processing 0 RSS entries.
2025-09-19 09:40:23,354 - DEBUG - Waiting for next RSS check: 31.00s (paused=False)
2025-09-19 09:40:54,354 - DEBUG - RSS check triggered.
2025-09-19 09:40:54,354 - DEBUG - Fetching RSS feed: https://gengo.com/rss/available_jobs/6d9668ab271c486e52eb4d37b876cabd5a1cf2da958b7004205163 with headers: {}
2025-09-19 09:40:54,846 - DEBUG - RSS feed fetched successfully. Entries: 0
2025-09-19 09:40:54,846 - DEBUG - Processing 0 RSS entries.
2025-09-19 09:40:54,846 - DEBUG - Waiting for next RSS check: 31.00s (paused=False)
2025-09-19 09:41:25,846 - DEBUG - RSS check triggered.
2025-09-19 09:41:25,846 - DEBUG - Fetching RSS feed: https://gengo.com/rss/available_jobs/6d9668ab271c486e52eb4d37b876cabd5a1cf2da958b7004205163 with headers: {}
2025-09-19 09:41:26,319 - DEBUG - RSS feed fetched successfully. Entries: 0
2025-09-19 09:41:26,319 - DEBUG - Processing 0 RSS entries.
2025-09-19 09:41:26,319 - DEBUG - Waiting for next RSS check: 31.00s (paused=False)
2025-09-19 09:41:57,319 - DEBUG - RSS check triggered.
2025-09-19 09:41:57,319 - DEBUG - Fetching RSS feed: https://gengo.com/rss/available_jobs/6d9668ab271c486e52eb4d37b876cabd5a1cf2da958b7004205163 with headers: {}
2025-09-19 09:41:57,836 - DEBUG - RSS feed fetched successfully. Entries: 0
2025-09-19 09:41:57,836 - DEBUG - Processing 0 RSS entries.
2025-09-19 09:41:57,836 - DEBUG - Waiting for next RSS check: 31.00s (paused=False)
2025-09-19 09:42:28,837 - DEBUG - RSS check triggered.
2025-09-19 09:42:28,837 - DEBUG - Fetching RSS feed: https://gengo.com/rss/available_jobs/6d9668ab271c486e52eb4d37b876cabd5a1cf2da958b7004205163 with headers: {}
2025-09-19 09:42:29,323 - DEBUG - RSS feed fetched successfully. Entries: 0
2025-09-19 09:42:29,323 - DEBUG - Processing 0 RSS entries.
2025-09-19 09:42:29,323 - DEBUG - Waiting for next RSS check: 31.00s (paused=False)
2025-09-19 09:43:00,324 - DEBUG - RSS check triggered.
2025-09-19 09:43:00,324 - DEBUG - Fetching RSS feed: https://gengo.com/rss/available_jobs/6d9668ab271c486e52eb4d37b876cabd5a1cf2da958b7004205163 with headers: {}
2025-09-19 09:43:00,807 - DEBUG - RSS feed fetched successfully. Entries: 0
2025-09-19 09:43:00,807 - DEBUG - Processing 0 RSS entries.
2025-09-19 09:43:00,807 - DEBUG - Waiting for next RSS check: 31.00s (paused=False)
2025-09-19 09:43:31,807 - DEBUG - RSS check triggered.
2025-09-19 09:43:31,808 - DEBUG - Fetching RSS feed: https://gengo.com/rss/available_jobs/6d9668ab271c486e52eb4d37b876cabd5a1cf2da958b7004205163 with headers: {}
2025-09-19 09:43:32,305 - DEBUG - RSS feed fetched successfully. Entries: 0
2025-09-19 09:43:32,305 - DEBUG - Processing 0 RSS entries.
2025-09-19 09:43:32,305 - DEBUG - Waiting for next RSS check: 31.00s (paused=False)
2025-09-19 09:44:03,305 - DEBUG - RSS check triggered.
2025-09-19 09:44:03,305 - DEBUG - Fetching RSS feed: https://gengo.com/rss/available_jobs/6d9668ab271c486e52eb4d37b876cabd5a1cf2da958b7004205163 with headers: {}
2025-09-19 09:44:03,811 - DEBUG - RSS feed fetched successfully. Entries: 0
2025-09-19 09:44:03,811 - DEBUG - Processing 0 RSS entries.
2025-09-19 09:44:03,812 - DEBUG - Waiting for next RSS check: 31.00s (paused=False)
2025-09-19 09:44:34,812 - DEBUG - RSS check triggered.
2025-09-19 09:44:34,812 - DEBUG - Fetching RSS feed: https://gengo.com/rss/available_jobs/6d9668ab271c486e52eb4d37b876cabd5a1cf2da958b7004205163 with headers: {}
2025-09-19 09:44:35,515 - DEBUG - RSS feed fetched successfully. Entries: 0
2025-09-19 09:44:35,516 - DEBUG - Processing 0 RSS entries.
2025-09-19 09:44:35,516 - DEBUG - Waiting for next RSS check: 31.00s (paused=False)
2025-09-19 09:45:06,516 - DEBUG - RSS check triggered.
2025-09-19 09:45:06,516 - DEBUG - Fetching RSS feed: https://gengo.com/rss/available_jobs/6d9668ab271c486e52eb4d37b876cabd5a1cf2da958b7004205163 with headers: {}
2025-09-19 09:45:07,038 - DEBUG - RSS feed fetched successfully. Entries: 0
2025-09-19 09:45:07,038 - DEBUG - Processing 0 RSS entries.
2025-09-19 09:45:07,039 - DEBUG - Waiting for next RSS check: 31.00s (paused=False)
2025-09-19 09:45:38,039 - DEBUG - RSS check triggered.
2025-09-19 09:45:38,039 - DEBUG - Fetching RSS feed: https://gengo.com/rss/available_jobs/6d9668ab271c486e52eb4d37b876cabd5a1cf2da958b7004205163 with headers: {}
2025-09-19 09:45:38,787 - DEBUG - RSS feed fetched successfully. Entries: 0
2025-09-19 09:45:38,787 - DEBUG - Processing 0 RSS entries.
2025-09-19 09:45:38,787 - DEBUG - Waiting for next RSS check: 31.00s (paused=False)
2025-09-19 09:46:09,787 - DEBUG - RSS check triggered.
2025-09-19 09:46:09,788 - DEBUG - Fetching RSS feed: https://gengo.com/rss/available_jobs/6d9668ab271c486e52eb4d37b876cabd5a1cf2da958b7004205163 with headers: {}
2025-09-19 09:46:10,263 - DEBUG - RSS feed fetched successfully. Entries: 0
2025-09-19 09:46:10,263 - DEBUG - Processing 0 RSS entries.
2025-09-19 09:46:10,263 - DEBUG - Waiting for next RSS check: 31.00s (paused=False)
2025-09-19 09:46:41,264 - DEBUG - RSS check triggered.
2025-09-19 09:46:41,264 - DEBUG - Fetching RSS feed: https://gengo.com/rss/available_jobs/6d9668ab271c486e52eb4d37b876cabd5a1cf2da958b7004205163 with headers: {}
2025-09-19 09:46:41,812 - DEBUG - RSS feed fetched successfully. Entries: 0
2025-09-19 09:46:41,812 - DEBUG - Processing 0 RSS entries.
2025-09-19 09:46:41,813 - DEBUG - Waiting for next RSS check: 31.00s (paused=False)
2025-09-19 09:47:12,813 - DEBUG - RSS check triggered.
2025-09-19 09:47:12,813 - DEBUG - Fetching RSS feed: https://gengo.com/rss/available_jobs/6d9668ab271c486e52eb4d37b876cabd5a1cf2da958b7004205163 with headers: {}
2025-09-19 09:47:13,314 - DEBUG - RSS feed fetched successfully. Entries: 0
2025-09-19 09:47:13,314 - DEBUG - Processing 0 RSS entries.
2025-09-19 09:47:13,314 - DEBUG - Waiting for next RSS check: 31.00s (paused=False)
2025-09-19 09:47:44,314 - DEBUG - RSS check triggered.
2025-09-19 09:47:44,314 - DEBUG - Fetching RSS feed: https://gengo.com/rss/available_jobs/6d9668ab271c486e52eb4d37b876cabd5a1cf2da958b7004205163 with headers: {}
2025-09-19 09:47:44,776 - DEBUG - RSS feed fetched successfully. Entries: 0
2025-09-19 09:47:44,776 - DEBUG - Processing 0 RSS entries.
2025-09-19 09:47:44,777 - DEBUG - Waiting for next RSS check: 31.00s (paused=False)
2025-09-19 09:48:15,777 - DEBUG - RSS check triggered.
2025-09-19 09:48:15,777 - DEBUG - Fetching RSS feed: https://gengo.com/rss/available_jobs/6d9668ab271c486e52eb4d37b876cabd5a1cf2da958b7004205163 with headers: {}
2025-09-19 09:48:16,897 - DEBUG - RSS feed fetched successfully. Entries: 0
2025-09-19 09:48:16,897 - DEBUG - Processing 0 RSS entries.
2025-09-19 09:48:16,897 - DEBUG - Waiting for next RSS check: 31.00s (paused=False)
2025-09-19 09:48:47,897 - DEBUG - RSS check triggered.
2025-09-19 09:48:47,897 - DEBUG - Fetching RSS feed: https://gengo.com/rss/available_jobs/6d9668ab271c486e52eb4d37b876cabd5a1cf2da958b7004205163 with headers: {}
2025-09-19 09:48:48,362 - DEBUG - RSS feed fetched successfully. Entries: 0
2025-09-19 09:48:48,362 - DEBUG - Processing 0 RSS entries.
2025-09-19 09:48:48,362 - DEBUG - Waiting for next RSS check: 31.00s (paused=False)
2025-09-19 09:49:19,362 - DEBUG - RSS check triggered.
2025-09-19 09:49:19,362 - DEBUG - Fetching RSS feed: https://gengo.com/rss/available_jobs/6d9668ab271c486e52eb4d37b876cabd5a1cf2da958b7004205163 with headers: {}
2025-09-19 09:49:19,833 - DEBUG - RSS feed fetched successfully. Entries: 0
2025-09-19 09:49:19,833 - DEBUG - Processing 0 RSS entries.
2025-09-19 09:49:19,833 - DEBUG - Waiting for next RSS check: 31.00s (paused=False)
2025-09-19 09:49:48,912 - DEBUG - WebSocket: Message received: {"type": "available_collection", "collection": {"id": 33883862, "lc_src": "ja", "lc_tgt": "en", "tier": "pro", "is_preferred": false, "currency": "JPY", "is_ezra": false, "type": "text", "content": "\u30bf\u30a4\u30c8\u30eb: \u4e16\u754c\u521d\u306e\u8d64\u3001Kiseki\uff08Red of Hope\uff09\u3092\u3081\u3050\u308b\u7269\u8a9e\n\u30ea\u30fc", "rewards": 49.92, "unit_count": 1040, "has_tm": false, "filetype_src": 0}}
2025-09-19 09:49:48,912 - DEBUG - WebSocket: Message JSON: {'type': 'available_collection', 'collection': {'id': 33883862, 'lc_src': 'ja', 'lc_tgt': 'en', 'tier': 'pro', 'is_preferred': False, 'currency': 'JPY', 'is_ezra': False, 'type': 'text', 'content': 'タイトル: 世界初の赤、Kiseki（Red of Hope）をめぐる物語\nリー', 'rewards': 49.92, 'unit_count': 1040, 'has_tm': False, 'filetype_src': 0}}
2025-09-19 09:49:48,912 - DEBUG - WebSocket: Job data: {'id': 33883862, 'lc_src': 'ja', 'lc_tgt': 'en', 'tier': 'pro', 'is_preferred': False, 'currency': 'JPY', 'is_ezra': False, 'type': 'text', 'content': 'タイトル: 世界初の赤、Kiseki（Red of Hope）をめぐる物語\nリー', 'rewards': 49.92, 'unit_count': 1040, 'has_tm': False, 'filetype_src': 0}
2025-09-19 09:49:48,912 - DEBUG - Processing new job: 33883862, ja > en, 49.92, https://gengo.com/t/jobs/details/33883862, WebSocket
2025-09-19 09:49:48,912 - INFO - [success]New job via WebSocket: ja > en (US$ 49.92)[/success]
2025-09-19 09:49:48,912 - DEBUG - Showing notification: New Gengo Job Available! - ja > en
2025-09-19 09:49:48,925 - DEBUG - Attempting to play sound with paplay: /home/thomas/GengoWatcher/assets/alert.wav
2025-09-19 09:49:48,925 - DEBUG - Opening URL in browser: https://gengo.com/t/jobs/details/33883862
2025-09-19 09:49:48,925 - DEBUG - Added job 33883862 to storage
2025-09-19 09:49:48,925 - INFO - Job 33883862 meets auto-accept criteria, queuing for acceptance
2025-09-19 09:49:48,926 - INFO - Attempting to auto-accept job 33883862
2025-09-19 09:49:48,926 - DEBUG - Waiting 17.94s before accepting job 33883862
2025-09-19 09:49:49,710 - ERROR - Failed to initialize Chrome WebDriver: Message: unknown error: cannot find Chrome binary
Stacktrace:
#0 0x55f6f6c314e3 <unknown>
#1 0x55f6f6960c76 <unknown>
#2 0x55f6f6987757 <unknown>
#3 0x55f6f6986029 <unknown>
#4 0x55f6f69c4ccc <unknown>
#5 0x55f6f69c447f <unknown>
#6 0x55f6f69bbde3 <unknown>
#7 0x55f6f69912dd <unknown>
#8 0x55f6f699234e <unknown>
#9 0x55f6f6bf13e4 <unknown>
#10 0x55f6f6bf53d7 <unknown>
#11 0x55f6f6bffb20 <unknown>
#12 0x55f6f6bf6023 <unknown>
#13 0x55f6f6bc41aa <unknown>
#14 0x55f6f6c1a6b8 <unknown>
#15 0x55f6f6c1a847 <unknown>
#16 0x55f6f6c2a243 <unknown>
#17 0x7efe5f4aa4f8 <unknown>

2025-09-19 09:49:49,710 - DEBUG - Accept watcher error: Message: unknown error: cannot find Chrome binary
Stacktrace:
#0 0x55f6f6c314e3 <unknown>
#1 0x55f6f6960c76 <unknown>
#2 0x55f6f6987757 <unknown>
#3 0x55f6f6986029 <unknown>
#4 0x55f6f69c4ccc <unknown>
#5 0x55f6f69c447f <unknown>
#6 0x55f6f69bbde3 <unknown>
#7 0x55f6f69912dd <unknown>
#8 0x55f6f699234e <unknown>
#9 0x55f6f6bf13e4 <unknown>
#10 0x55f6f6bf53d7 <unknown>
#11 0x55f6f6bffb20 <unknown>
#12 0x55f6f6bf6023 <unknown>
#13 0x55f6f6bc41aa <unknown>
#14 0x55f6f6c1a6b8 <unknown>
#15 0x55f6f6c1a847 <unknown>
#16 0x55f6f6c2a243 <unknown>
#17 0x7efe5f4aa4f8 <unknown>

2025-09-19 09:49:50,833 - DEBUG - RSS check triggered.
2025-09-19 09:49:50,833 - DEBUG - Fetching RSS feed: https://gengo.com/rss/available_jobs/6d9668ab271c486e52eb4d37b876cabd5a1cf2da958b7004205163 with headers: {}
2025-09-19 09:49:51,513 - DEBUG - RSS feed fetched successfully. Entries: 1
2025-09-19 09:49:51,513 - DEBUG - Processing 1 RSS entries.
2025-09-19 09:49:51,513 - DEBUG - Logging 1 entries to CSV.
2025-09-19 09:49:51,513 - DEBUG - Extracting reward from entry: (Pro) | タイトル: 世界初の赤、Kiseki（Red of Hope）をめぐる物語
リー | 1040 chars | Reward: US$49.92 | Japanese/English | タイトル: 世界初の赤、Kiseki（Red of Hope）をめぐる物語
リー
2025-09-19 09:49:51,513 - DEBUG - Found 1 new RSS entries.
2025-09-19 09:49:51,513 - DEBUG - Processing new RSS entry: (Pro) | タイトル: 世界初の赤、Kiseki（Red of Hope）をめぐる物語
リー | 1040 chars | Reward: US$49.92 | Japanese/English https://gengo.com/t/jobs/details/33883862?referral=rss
2025-09-19 09:49:51,513 - DEBUG - Extracting reward from entry: (Pro) | タイトル: 世界初の赤、Kiseki（Red of Hope）をめぐる物語
リー | 1040 chars | Reward: US$49.92 | Japanese/English | タイトル: 世界初の赤、Kiseki（Red of Hope）をめぐる物語
リー
2025-09-19 09:49:51,513 - DEBUG - Processing new job: 33883862, (Pro) | タイトル: 世界初の赤、Kiseki（Red of Hope）をめぐる物語
リー | 1040 chars | Reward: US$49.92 | Japanese/English, 49.92, https://gengo.com/t/jobs/details/33883862?referral=rss, RSS
2025-09-19 09:49:51,513 - DEBUG - Waiting for next RSS check: 31.00s (paused=False)
2025-09-19 09:49:54,303 - DEBUG - WebSocket: Message received: {"type": "unavailable_collection", "collection": {"id": 33883862, "lc_src": "ja", "lc_tgt": "en", "tier": "pro", "is_preferred": false, "currency": "JPY", "is_ezra": false, "type": "text", "content": "\u30bf\u30a4\u30c8\u30eb: \u4e16\u754c\u521d\u306e\u8d64\u3001Kiseki\uff08Red of Hope\uff09\u3092\u3081\u3050\u308b\u7269\u8a9e\n\u30ea\u30fc", "rewards": 49.92, "unit_count": 1040, "has_tm": false, "filetype_src": 0}}
2025-09-19 09:49:54,304 - DEBUG - WebSocket: Message JSON: {'type': 'unavailable_collection', 'collection': {'id': 33883862, 'lc_src': 'ja', 'lc_tgt': 'en', 'tier': 'pro', 'is_preferred': False, 'currency': 'JPY', 'is_ezra': False, 'type': 'text', 'content': 'タイトル: 世界初の赤、Kiseki（Red of Hope）をめぐる物語\nリー', 'rewards': 49.92, 'unit_count': 1040, 'has_tm': False, 'filetype_src': 0}}
2025-09-19 09:50:06,889 - DEBUG - Acceptance task raised
Traceback (most recent call last):
  File "/home/thomas/GengoWatcher/src/gengowatcher/job_acceptance.py", line 578, in _wait_for_winner
    result = task.result()
  File "/home/thomas/GengoWatcher/src/gengowatcher/job_acceptance.py", line 351, in _attempt_http_accept
    async with self.session.get(details_url, headers=headers, timeout=30) as response:
               ~~~~~~~~~~~~~~~~^^^^^^^^^^^^^^^^^^^^^^^^^^^^^^^^^^^^^^^^^^
  File "/home/thomas/GengoWatcher/src/.venv/lib/python3.13/site-packages/aiohttp/client.py", line 1488, in __aenter__
    self._resp: _RetType = await self._coro
                           ^^^^^^^^^^^^^^^^
  File "/home/thomas/GengoWatcher/src/.venv/lib/python3.13/site-packages/aiohttp/client.py", line 594, in _request
    handle = tm.start()
  File "/home/thomas/GengoWatcher/src/.venv/lib/python3.13/site-packages/aiohttp/helpers.py", line 587, in start
    return self._loop.call_at(when, self.__call__)
           ~~~~~~~~~~~~~~~~~~^^^^^^^^^^^^^^^^^^^^^
  File "/usr/lib/python3.13/asyncio/base_events.py", line 812, in call_at
    self._check_closed()
    ~~~~~~~~~~~~~~~~~~^^
  File "/usr/lib/python3.13/asyncio/base_events.py", line 556, in _check_closed
    raise RuntimeError('Event loop is closed')
RuntimeError: Event loop is closed
2025-09-19 09:50:07,659 - ERROR - Failed to initialize Chrome WebDriver: Message: unknown error: cannot find Chrome binary
Stacktrace:
#0 0x561682cfc4e3 <unknown>
#1 0x561682a2bc76 <unknown>
#2 0x561682a52757 <unknown>
#3 0x561682a51029 <unknown>
#4 0x561682a8fccc <unknown>
#5 0x561682a8f47f <unknown>
#6 0x561682a86de3 <unknown>
#7 0x561682a5c2dd <unknown>
#8 0x561682a5d34e <unknown>
#9 0x561682cbc3e4 <unknown>
#10 0x561682cc03d7 <unknown>
#11 0x561682ccab20 <unknown>
#12 0x561682cc1023 <unknown>
#13 0x561682c8f1aa <unknown>
#14 0x561682ce56b8 <unknown>
#15 0x561682ce5847 <unknown>
#16 0x561682cf5243 <unknown>
#17 0x7f0bb84aa4f8 <unknown>

2025-09-19 09:50:07,659 - WARNING - Failed to accept job 33883862 via selenium (attempt 1/4). Reason: init_error:Message: unknown error: cannot find Chrome binary
Stacktrace:
#0 0x561682cfc4e3 <unknown>
#1 0x561682a2bc76 <unknown>
#2 0x561682a52757 <unknown>
#3 0x561682a51029 <unknown>
#4 0x561682a8fccc <unknown>
#5 0x561682a8f47f <unknown>
#6 0x561682a86de3 <unknown>
#7 0x561682a5c2dd <unknown>
#8 0x561682a5d34e <unknown>
#9 0x561682cbc3e4 <unknown>
#10 0x561682cc03d7 <unknown>
#11 0x561682ccab20 <unknown>
#12 0x561682cc1023 <unknown>
#13 0x561682c8f1aa <unknown>
#14 0x561682ce56b8 <unknown>
#15 0x561682ce5847 <unknown>
#16 0x561682cf5243 <unknown>
#17 0x7f0bb84aa4f8 <unknown>

2025-09-19 09:50:07,659 - INFO - Retrying job 33883862 in 2.20s (attempt 2/4)
2025-09-19 09:50:09,863 - DEBUG - Acceptance task raised
Traceback (most recent call last):
  File "/home/thomas/GengoWatcher/src/gengowatcher/job_acceptance.py", line 578, in _wait_for_winner
    result = task.result()
  File "/home/thomas/GengoWatcher/src/gengowatcher/job_acceptance.py", line 351, in _attempt_http_accept
    async with self.session.get(details_url, headers=headers, timeout=30) as response:
               ~~~~~~~~~~~~~~~~^^^^^^^^^^^^^^^^^^^^^^^^^^^^^^^^^^^^^^^^^^
  File "/home/thomas/GengoWatcher/src/.venv/lib/python3.13/site-packages/aiohttp/client.py", line 1488, in __aenter__
    self._resp: _RetType = await self._coro
                           ^^^^^^^^^^^^^^^^
  File "/home/thomas/GengoWatcher/src/.venv/lib/python3.13/site-packages/aiohttp/client.py", line 594, in _request
    handle = tm.start()
  File "/home/thomas/GengoWatcher/src/.venv/lib/python3.13/site-packages/aiohttp/helpers.py", line 587, in start
    return self._loop.call_at(when, self.__call__)
           ~~~~~~~~~~~~~~~~~~^^^^^^^^^^^^^^^^^^^^^
  File "/usr/lib/python3.13/asyncio/base_events.py", line 812, in call_at
    self._check_closed()
    ~~~~~~~~~~~~~~~~~~^^
  File "/usr/lib/python3.13/asyncio/base_events.py", line 556, in _check_closed
    raise RuntimeError('Event loop is closed')
RuntimeError: Event loop is closed
2025-09-19 09:50:10,633 - ERROR - Failed to initialize Chrome WebDriver: Message: unknown error: cannot find Chrome binary
Stacktrace:
#0 0x55d896d9d4e3 <unknown>
#1 0x55d896accc76 <unknown>
#2 0x55d896af3757 <unknown>
#3 0x55d896af2029 <unknown>
#4 0x55d896b30ccc <unknown>
#5 0x55d896b3047f <unknown>
#6 0x55d896b27de3 <unknown>
#7 0x55d896afd2dd <unknown>
#8 0x55d896afe34e <unknown>
#9 0x55d896d5d3e4 <unknown>
#10 0x55d896d613d7 <unknown>
#11 0x55d896d6bb20 <unknown>
#12 0x55d896d62023 <unknown>
#13 0x55d896d301aa <unknown>
#14 0x55d896d866b8 <unknown>
#15 0x55d896d86847 <unknown>
#16 0x55d896d96243 <unknown>
#17 0x7f876bcaa4f8 <unknown>

2025-09-19 09:50:10,633 - WARNING - Failed to accept job 33883862 via selenium (attempt 2/4). Reason: init_error:Message: unknown error: cannot find Chrome binary
Stacktrace:
#0 0x55d896d9d4e3 <unknown>
#1 0x55d896accc76 <unknown>
#2 0x55d896af3757 <unknown>
#3 0x55d896af2029 <unknown>
#4 0x55d896b30ccc <unknown>
#5 0x55d896b3047f <unknown>
#6 0x55d896b27de3 <unknown>
#7 0x55d896afd2dd <unknown>
#8 0x55d896afe34e <unknown>
#9 0x55d896d5d3e4 <unknown>
#10 0x55d896d613d7 <unknown>
#11 0x55d896d6bb20 <unknown>
#12 0x55d896d62023 <unknown>
#13 0x55d896d301aa <unknown>
#14 0x55d896d866b8 <unknown>
#15 0x55d896d86847 <unknown>
#16 0x55d896d96243 <unknown>
#17 0x7f876bcaa4f8 <unknown>

2025-09-19 09:50:10,633 - INFO - Retrying job 33883862 in 4.50s (attempt 3/4)
2025-09-19 09:50:15,143 - DEBUG - Acceptance task raised
Traceback (most recent call last):
  File "/home/thomas/GengoWatcher/src/gengowatcher/job_acceptance.py", line 578, in _wait_for_winner
    result = task.result()
  File "/home/thomas/GengoWatcher/src/gengowatcher/job_acceptance.py", line 351, in _attempt_http_accept
    async with self.session.get(details_url, headers=headers, timeout=30) as response:
               ~~~~~~~~~~~~~~~~^^^^^^^^^^^^^^^^^^^^^^^^^^^^^^^^^^^^^^^^^^
  File "/home/thomas/GengoWatcher/src/.venv/lib/python3.13/site-packages/aiohttp/client.py", line 1488, in __aenter__
    self._resp: _RetType = await self._coro
                           ^^^^^^^^^^^^^^^^
  File "/home/thomas/GengoWatcher/src/.venv/lib/python3.13/site-packages/aiohttp/client.py", line 594, in _request
    handle = tm.start()
  File "/home/thomas/GengoWatcher/src/.venv/lib/python3.13/site-packages/aiohttp/helpers.py", line 587, in start
    return self._loop.call_at(when, self.__call__)
           ~~~~~~~~~~~~~~~~~~^^^^^^^^^^^^^^^^^^^^^
  File "/usr/lib/python3.13/asyncio/base_events.py", line 812, in call_at
    self._check_closed()
    ~~~~~~~~~~~~~~~~~~^^
  File "/usr/lib/python3.13/asyncio/base_events.py", line 556, in _check_closed
    raise RuntimeError('Event loop is closed')
RuntimeError: Event loop is closed
2025-09-19 09:50:15,847 - ERROR - Failed to initialize Chrome WebDriver: Message: unknown error: cannot find Chrome binary
Stacktrace:
#0 0x5631f4be14e3 <unknown>
#1 0x5631f4910c76 <unknown>
#2 0x5631f4937757 <unknown>
#3 0x5631f4936029 <unknown>
#4 0x5631f4974ccc <unknown>
#5 0x5631f497447f <unknown>
#6 0x5631f496bde3 <unknown>
#7 0x5631f49412dd <unknown>
#8 0x5631f494234e <unknown>
#9 0x5631f4ba13e4 <unknown>
#10 0x5631f4ba53d7 <unknown>
#11 0x5631f4bafb20 <unknown>
#12 0x5631f4ba6023 <unknown>
#13 0x5631f4b741aa <unknown>
#14 0x5631f4bca6b8 <unknown>
#15 0x5631f4bca847 <unknown>
#16 0x5631f4bda243 <unknown>
#17 0x7f04364aa4f8 <unknown>

2025-09-19 09:50:15,847 - WARNING - Failed to accept job 33883862 via selenium (attempt 3/4). Reason: init_error:Message: unknown error: cannot find Chrome binary
Stacktrace:
#0 0x5631f4be14e3 <unknown>
#1 0x5631f4910c76 <unknown>
#2 0x5631f4937757 <unknown>
#3 0x5631f4936029 <unknown>
#4 0x5631f4974ccc <unknown>
#5 0x5631f497447f <unknown>
#6 0x5631f496bde3 <unknown>
#7 0x5631f49412dd <unknown>
#8 0x5631f494234e <unknown>
#9 0x5631f4ba13e4 <unknown>
#10 0x5631f4ba53d7 <unknown>
#11 0x5631f4bafb20 <unknown>
#12 0x5631f4ba6023 <unknown>
#13 0x5631f4b741aa <unknown>
#14 0x5631f4bca6b8 <unknown>
#15 0x5631f4bca847 <unknown>
#16 0x5631f4bda243 <unknown>
#17 0x7f04364aa4f8 <unknown>

2025-09-19 09:50:15,847 - INFO - Retrying job 33883862 in 8.15s (attempt 4/4)
2025-09-19 09:50:22,513 - DEBUG - RSS check triggered.
2025-09-19 09:50:22,513 - DEBUG - Fetching RSS feed: https://gengo.com/rss/available_jobs/6d9668ab271c486e52eb4d37b876cabd5a1cf2da958b7004205163 with headers: {}
2025-09-19 09:50:23,050 - DEBUG - RSS feed fetched successfully. Entries: 0
2025-09-19 09:50:23,050 - DEBUG - Processing 0 RSS entries.
2025-09-19 09:50:23,050 - DEBUG - Waiting for next RSS check: 31.00s (paused=False)
2025-09-19 09:50:24,006 - DEBUG - Acceptance task raised
Traceback (most recent call last):
  File "/home/thomas/GengoWatcher/src/gengowatcher/job_acceptance.py", line 578, in _wait_for_winner
    result = task.result()
  File "/home/thomas/GengoWatcher/src/gengowatcher/job_acceptance.py", line 351, in _attempt_http_accept
    async with self.session.get(details_url, headers=headers, timeout=30) as response:
               ~~~~~~~~~~~~~~~~^^^^^^^^^^^^^^^^^^^^^^^^^^^^^^^^^^^^^^^^^^
  File "/home/thomas/GengoWatcher/src/.venv/lib/python3.13/site-packages/aiohttp/client.py", line 1488, in __aenter__
    self._resp: _RetType = await self._coro
                           ^^^^^^^^^^^^^^^^
  File "/home/thomas/GengoWatcher/src/.venv/lib/python3.13/site-packages/aiohttp/client.py", line 594, in _request
    handle = tm.start()
  File "/home/thomas/GengoWatcher/src/.venv/lib/python3.13/site-packages/aiohttp/helpers.py", line 587, in start
    return self._loop.call_at(when, self.__call__)
           ~~~~~~~~~~~~~~~~~~^^^^^^^^^^^^^^^^^^^^^
  File "/usr/lib/python3.13/asyncio/base_events.py", line 812, in call_at
    self._check_closed()
    ~~~~~~~~~~~~~~~~~~^^
  File "/usr/lib/python3.13/asyncio/base_events.py", line 556, in _check_closed
    raise RuntimeError('Event loop is closed')
RuntimeError: Event loop is closed
2025-09-19 09:50:24,717 - ERROR - Failed to initialize Chrome WebDriver: Message: unknown error: cannot find Chrome binary
Stacktrace:
#0 0x561ad9f304e3 <unknown>
#1 0x561ad9c5fc76 <unknown>
#2 0x561ad9c86757 <unknown>
#3 0x561ad9c85029 <unknown>
#4 0x561ad9cc3ccc <unknown>
#5 0x561ad9cc347f <unknown>
#6 0x561ad9cbade3 <unknown>
#7 0x561ad9c902dd <unknown>
#8 0x561ad9c9134e <unknown>
#9 0x561ad9ef03e4 <unknown>
#10 0x561ad9ef43d7 <unknown>
#11 0x561ad9efeb20 <unknown>
#12 0x561ad9ef5023 <unknown>
#13 0x561ad9ec31aa <unknown>
#14 0x561ad9f196b8 <unknown>
#15 0x561ad9f19847 <unknown>
#16 0x561ad9f29243 <unknown>
#17 0x7fa8a4eaa4f8 <unknown>

2025-09-19 09:50:24,718 - WARNING - Failed to accept job 33883862 via selenium (attempt 4/4). Reason: init_error:Message: unknown error: cannot find Chrome binary
Stacktrace:
#0 0x561ad9f304e3 <unknown>
#1 0x561ad9c5fc76 <unknown>
#2 0x561ad9c86757 <unknown>
#3 0x561ad9c85029 <unknown>
#4 0x561ad9cc3ccc <unknown>
#5 0x561ad9cc347f <unknown>
#6 0x561ad9cbade3 <unknown>
#7 0x561ad9c902dd <unknown>
#8 0x561ad9c9134e <unknown>
#9 0x561ad9ef03e4 <unknown>
#10 0x561ad9ef43d7 <unknown>
#11 0x561ad9efeb20 <unknown>
#12 0x561ad9ef5023 <unknown>
#13 0x561ad9ec31aa <unknown>
#14 0x561ad9f196b8 <unknown>
#15 0x561ad9f19847 <unknown>
#16 0x561ad9f29243 <unknown>
#17 0x7fa8a4eaa4f8 <unknown>

2025-09-19 09:50:24,718 - ERROR - Failed to accept job 33883862 after 4 attempts (last reason: init_error:Message: unknown error: cannot find Chrome binary
Stacktrace:
#0 0x561ad9f304e3 <unknown>
#1 0x561ad9c5fc76 <unknown>
#2 0x561ad9c86757 <unknown>
#3 0x561ad9c85029 <unknown>
#4 0x561ad9cc3ccc <unknown>
#5 0x561ad9cc347f <unknown>
#6 0x561ad9cbade3 <unknown>
#7 0x561ad9c902dd <unknown>
#8 0x561ad9c9134e <unknown>
#9 0x561ad9ef03e4 <unknown>
#10 0x561ad9ef43d7 <unknown>
#11 0x561ad9efeb20 <unknown>
#12 0x561ad9ef5023 <unknown>
#13 0x561ad9ec31aa <unknown>
#14 0x561ad9f196b8 <unknown>
#15 0x561ad9f19847 <unknown>
#16 0x561ad9f29243 <unknown>
#17 0x7fa8a4eaa4f8 <unknown>
)
2025-09-19 09:50:54,051 - DEBUG - RSS check triggered.
2025-09-19 09:50:54,051 - DEBUG - Fetching RSS feed: https://gengo.com/rss/available_jobs/6d9668ab271c486e52eb4d37b876cabd5a1cf2da958b7004205163 with headers: {}
2025-09-19 09:50:54,511 - DEBUG - RSS feed fetched successfully. Entries: 0
2025-09-19 09:50:54,511 - DEBUG - Processing 0 RSS entries.
2025-09-19 09:50:54,511 - DEBUG - Waiting for next RSS check: 31.00s (paused=False)
2025-09-19 09:51:25,511 - DEBUG - RSS check triggered.
2025-09-19 09:51:25,511 - DEBUG - Fetching RSS feed: https://gengo.com/rss/available_jobs/6d9668ab271c486e52eb4d37b876cabd5a1cf2da958b7004205163 with headers: {}
2025-09-19 09:51:26,036 - DEBUG - RSS feed fetched successfully. Entries: 0
2025-09-19 09:51:26,036 - DEBUG - Processing 0 RSS entries.
2025-09-19 09:51:26,036 - DEBUG - Waiting for next RSS check: 31.00s (paused=False)
2025-09-19 09:51:57,037 - DEBUG - RSS check triggered.
2025-09-19 09:51:57,037 - DEBUG - Fetching RSS feed: https://gengo.com/rss/available_jobs/6d9668ab271c486e52eb4d37b876cabd5a1cf2da958b7004205163 with headers: {}
2025-09-19 09:51:57,494 - DEBUG - RSS feed fetched successfully. Entries: 0
2025-09-19 09:51:57,494 - DEBUG - Processing 0 RSS entries.
2025-09-19 09:51:57,494 - DEBUG - Waiting for next RSS check: 31.00s (paused=False)
2025-09-19 09:52:28,494 - DEBUG - RSS check triggered.
2025-09-19 09:52:28,494 - DEBUG - Fetching RSS feed: https://gengo.com/rss/available_jobs/6d9668ab271c486e52eb4d37b876cabd5a1cf2da958b7004205163 with headers: {}
2025-09-19 09:52:28,996 - DEBUG - RSS feed fetched successfully. Entries: 0
2025-09-19 09:52:28,996 - DEBUG - Processing 0 RSS entries.
2025-09-19 09:52:28,996 - DEBUG - Waiting for next RSS check: 31.00s (paused=False)
2025-09-19 09:52:59,997 - DEBUG - RSS check triggered.
2025-09-19 09:52:59,997 - DEBUG - Fetching RSS feed: https://gengo.com/rss/available_jobs/6d9668ab271c486e52eb4d37b876cabd5a1cf2da958b7004205163 with headers: {}
2025-09-19 09:53:00,490 - DEBUG - RSS feed fetched successfully. Entries: 0
2025-09-19 09:53:00,490 - DEBUG - Processing 0 RSS entries.
2025-09-19 09:53:00,490 - DEBUG - Waiting for next RSS check: 31.00s (paused=False)
2025-09-19 09:53:31,490 - DEBUG - RSS check triggered.
2025-09-19 09:53:31,490 - DEBUG - Fetching RSS feed: https://gengo.com/rss/available_jobs/6d9668ab271c486e52eb4d37b876cabd5a1cf2da958b7004205163 with headers: {}
2025-09-19 09:53:32,058 - DEBUG - RSS feed fetched successfully. Entries: 0
2025-09-19 09:53:32,058 - DEBUG - Processing 0 RSS entries.
2025-09-19 09:53:32,058 - DEBUG - Waiting for next RSS check: 31.00s (paused=False)
2025-09-19 09:54:03,058 - DEBUG - RSS check triggered.
2025-09-19 09:54:03,058 - DEBUG - Fetching RSS feed: https://gengo.com/rss/available_jobs/6d9668ab271c486e52eb4d37b876cabd5a1cf2da958b7004205163 with headers: {}
2025-09-19 09:54:03,527 - DEBUG - RSS feed fetched successfully. Entries: 0
2025-09-19 09:54:03,527 - DEBUG - Processing 0 RSS entries.
2025-09-19 09:54:03,527 - DEBUG - Waiting for next RSS check: 31.00s (paused=False)
2025-09-19 09:54:34,527 - DEBUG - RSS check triggered.
2025-09-19 09:54:34,527 - DEBUG - Fetching RSS feed: https://gengo.com/rss/available_jobs/6d9668ab271c486e52eb4d37b876cabd5a1cf2da958b7004205163 with headers: {}
2025-09-19 09:54:35,026 - DEBUG - RSS feed fetched successfully. Entries: 0
2025-09-19 09:54:35,026 - DEBUG - Processing 0 RSS entries.
2025-09-19 09:54:35,026 - DEBUG - Waiting for next RSS check: 31.00s (paused=False)
2025-09-19 09:55:06,026 - DEBUG - RSS check triggered.
2025-09-19 09:55:06,026 - DEBUG - Fetching RSS feed: https://gengo.com/rss/available_jobs/6d9668ab271c486e52eb4d37b876cabd5a1cf2da958b7004205163 with headers: {}
2025-09-19 09:55:06,484 - DEBUG - RSS feed fetched successfully. Entries: 0
2025-09-19 09:55:06,485 - DEBUG - Processing 0 RSS entries.
2025-09-19 09:55:06,485 - DEBUG - Waiting for next RSS check: 31.00s (paused=False)
2025-09-19 09:55:37,485 - DEBUG - RSS check triggered.
2025-09-19 09:55:37,485 - DEBUG - Fetching RSS feed: https://gengo.com/rss/available_jobs/6d9668ab271c486e52eb4d37b876cabd5a1cf2da958b7004205163 with headers: {}
2025-09-19 09:55:37,986 - DEBUG - RSS feed fetched successfully. Entries: 0
2025-09-19 09:55:37,986 - DEBUG - Processing 0 RSS entries.
2025-09-19 09:55:37,986 - DEBUG - Waiting for next RSS check: 31.00s (paused=False)
2025-09-19 09:56:08,987 - DEBUG - RSS check triggered.
2025-09-19 09:56:08,987 - DEBUG - Fetching RSS feed: https://gengo.com/rss/available_jobs/6d9668ab271c486e52eb4d37b876cabd5a1cf2da958b7004205163 with headers: {}
2025-09-19 09:56:09,486 - DEBUG - RSS feed fetched successfully. Entries: 0
2025-09-19 09:56:09,486 - DEBUG - Processing 0 RSS entries.
2025-09-19 09:56:09,486 - DEBUG - Waiting for next RSS check: 31.00s (paused=False)
2025-09-19 09:56:40,486 - DEBUG - RSS check triggered.
2025-09-19 09:56:40,486 - DEBUG - Fetching RSS feed: https://gengo.com/rss/available_jobs/6d9668ab271c486e52eb4d37b876cabd5a1cf2da958b7004205163 with headers: {}
2025-09-19 09:56:41,190 - DEBUG - RSS feed fetched successfully. Entries: 0
2025-09-19 09:56:41,190 - DEBUG - Processing 0 RSS entries.
2025-09-19 09:56:41,190 - DEBUG - Waiting for next RSS check: 31.00s (paused=False)
2025-09-19 09:57:12,190 - DEBUG - RSS check triggered.
2025-09-19 09:57:12,190 - DEBUG - Fetching RSS feed: https://gengo.com/rss/available_jobs/6d9668ab271c486e52eb4d37b876cabd5a1cf2da958b7004205163 with headers: {}
2025-09-19 09:57:12,634 - DEBUG - RSS feed fetched successfully. Entries: 0
2025-09-19 09:57:12,634 - DEBUG - Processing 0 RSS entries.
2025-09-19 09:57:12,634 - DEBUG - Waiting for next RSS check: 31.00s (paused=False)
2025-09-19 09:57:43,634 - DEBUG - RSS check triggered.
2025-09-19 09:57:43,634 - DEBUG - Fetching RSS feed: https://gengo.com/rss/available_jobs/6d9668ab271c486e52eb4d37b876cabd5a1cf2da958b7004205163 with headers: {}
2025-09-19 09:57:44,130 - DEBUG - RSS feed fetched successfully. Entries: 0
2025-09-19 09:57:44,130 - DEBUG - Processing 0 RSS entries.
2025-09-19 09:57:44,130 - DEBUG - Waiting for next RSS check: 31.00s (paused=False)
2025-09-19 09:58:15,130 - DEBUG - RSS check triggered.
2025-09-19 09:58:15,130 - DEBUG - Fetching RSS feed: https://gengo.com/rss/available_jobs/6d9668ab271c486e52eb4d37b876cabd5a1cf2da958b7004205163 with headers: {}
2025-09-19 09:58:15,621 - DEBUG - RSS feed fetched successfully. Entries: 0
2025-09-19 09:58:15,621 - DEBUG - Processing 0 RSS entries.
2025-09-19 09:58:15,621 - DEBUG - Waiting for next RSS check: 31.00s (paused=False)
2025-09-19 09:58:46,621 - DEBUG - RSS check triggered.
2025-09-19 09:58:46,621 - DEBUG - Fetching RSS feed: https://gengo.com/rss/available_jobs/6d9668ab271c486e52eb4d37b876cabd5a1cf2da958b7004205163 with headers: {}
2025-09-19 09:58:47,103 - DEBUG - RSS feed fetched successfully. Entries: 0
2025-09-19 09:58:47,104 - DEBUG - Processing 0 RSS entries.
2025-09-19 09:58:47,104 - DEBUG - Waiting for next RSS check: 31.00s (paused=False)
2025-09-19 09:59:18,104 - DEBUG - RSS check triggered.
2025-09-19 09:59:18,104 - DEBUG - Fetching RSS feed: https://gengo.com/rss/available_jobs/6d9668ab271c486e52eb4d37b876cabd5a1cf2da958b7004205163 with headers: {}
2025-09-19 09:59:18,658 - DEBUG - RSS feed fetched successfully. Entries: 0
2025-09-19 09:59:18,658 - DEBUG - Processing 0 RSS entries.
2025-09-19 09:59:18,658 - DEBUG - Waiting for next RSS check: 31.00s (paused=False)
2025-09-19 09:59:49,658 - DEBUG - RSS check triggered.
2025-09-19 09:59:49,659 - DEBUG - Fetching RSS feed: https://gengo.com/rss/available_jobs/6d9668ab271c486e52eb4d37b876cabd5a1cf2da958b7004205163 with headers: {}
2025-09-19 09:59:50,173 - DEBUG - RSS feed fetched successfully. Entries: 0
2025-09-19 09:59:50,173 - DEBUG - Processing 0 RSS entries.
2025-09-19 09:59:50,173 - DEBUG - Waiting for next RSS check: 31.00s (paused=False)
2025-09-19 10:00:21,173 - DEBUG - RSS check triggered.
2025-09-19 10:00:21,174 - DEBUG - Fetching RSS feed: https://gengo.com/rss/available_jobs/6d9668ab271c486e52eb4d37b876cabd5a1cf2da958b7004205163 with headers: {}
2025-09-19 10:00:21,776 - DEBUG - RSS feed fetched successfully. Entries: 0
2025-09-19 10:00:21,776 - DEBUG - Processing 0 RSS entries.
2025-09-19 10:00:21,776 - DEBUG - Waiting for next RSS check: 31.00s (paused=False)
2025-09-19 10:00:52,776 - DEBUG - RSS check triggered.
2025-09-19 10:00:52,776 - DEBUG - Fetching RSS feed: https://gengo.com/rss/available_jobs/6d9668ab271c486e52eb4d37b876cabd5a1cf2da958b7004205163 with headers: {}
2025-09-19 10:00:53,269 - DEBUG - RSS feed fetched successfully. Entries: 0
2025-09-19 10:00:53,269 - DEBUG - Processing 0 RSS entries.
2025-09-19 10:00:53,269 - DEBUG - Waiting for next RSS check: 31.00s (paused=False)
2025-09-19 10:01:24,269 - DEBUG - RSS check triggered.
2025-09-19 10:01:24,270 - DEBUG - Fetching RSS feed: https://gengo.com/rss/available_jobs/6d9668ab271c486e52eb4d37b876cabd5a1cf2da958b7004205163 with headers: {}
2025-09-19 10:01:24,711 - DEBUG - RSS feed fetched successfully. Entries: 0
2025-09-19 10:01:24,711 - DEBUG - Processing 0 RSS entries.
2025-09-19 10:01:24,711 - DEBUG - Waiting for next RSS check: 31.00s (paused=False)
2025-09-19 10:01:55,712 - DEBUG - RSS check triggered.
2025-09-19 10:01:55,712 - DEBUG - Fetching RSS feed: https://gengo.com/rss/available_jobs/6d9668ab271c486e52eb4d37b876cabd5a1cf2da958b7004205163 with headers: {}
2025-09-19 10:01:56,473 - DEBUG - RSS feed fetched successfully. Entries: 0
2025-09-19 10:01:56,473 - DEBUG - Processing 0 RSS entries.
2025-09-19 10:01:56,473 - DEBUG - Waiting for next RSS check: 31.00s (paused=False)
2025-09-19 10:02:27,473 - DEBUG - RSS check triggered.
2025-09-19 10:02:27,473 - DEBUG - Fetching RSS feed: https://gengo.com/rss/available_jobs/6d9668ab271c486e52eb4d37b876cabd5a1cf2da958b7004205163 with headers: {}
2025-09-19 10:02:27,951 - DEBUG - RSS feed fetched successfully. Entries: 0
2025-09-19 10:02:27,951 - DEBUG - Processing 0 RSS entries.
2025-09-19 10:02:27,951 - DEBUG - Waiting for next RSS check: 31.00s (paused=False)
2025-09-19 10:02:58,952 - DEBUG - RSS check triggered.
2025-09-19 10:02:58,952 - DEBUG - Fetching RSS feed: https://gengo.com/rss/available_jobs/6d9668ab271c486e52eb4d37b876cabd5a1cf2da958b7004205163 with headers: {}
2025-09-19 10:02:59,616 - DEBUG - RSS feed fetched successfully. Entries: 0
2025-09-19 10:02:59,616 - DEBUG - Processing 0 RSS entries.
2025-09-19 10:02:59,616 - DEBUG - Waiting for next RSS check: 31.00s (paused=False)
2025-09-19 10:03:30,616 - DEBUG - RSS check triggered.
2025-09-19 10:03:30,616 - DEBUG - Fetching RSS feed: https://gengo.com/rss/available_jobs/6d9668ab271c486e52eb4d37b876cabd5a1cf2da958b7004205163 with headers: {}
2025-09-19 10:03:31,126 - DEBUG - RSS feed fetched successfully. Entries: 0
2025-09-19 10:03:31,126 - DEBUG - Processing 0 RSS entries.
2025-09-19 10:03:31,126 - DEBUG - Waiting for next RSS check: 31.00s (paused=False)
2025-09-19 10:04:02,126 - DEBUG - RSS check triggered.
2025-09-19 10:04:02,126 - DEBUG - Fetching RSS feed: https://gengo.com/rss/available_jobs/6d9668ab271c486e52eb4d37b876cabd5a1cf2da958b7004205163 with headers: {}
2025-09-19 10:04:02,802 - DEBUG - RSS feed fetched successfully. Entries: 0
2025-09-19 10:04:02,802 - DEBUG - Processing 0 RSS entries.
2025-09-19 10:04:02,802 - DEBUG - Waiting for next RSS check: 31.00s (paused=False)
2025-09-19 10:04:33,802 - DEBUG - RSS check triggered.
2025-09-19 10:04:33,802 - DEBUG - Fetching RSS feed: https://gengo.com/rss/available_jobs/6d9668ab271c486e52eb4d37b876cabd5a1cf2da958b7004205163 with headers: {}
2025-09-19 10:04:34,334 - DEBUG - RSS feed fetched successfully. Entries: 0
2025-09-19 10:04:34,334 - DEBUG - Processing 0 RSS entries.
2025-09-19 10:04:34,334 - DEBUG - Waiting for next RSS check: 31.00s (paused=False)
2025-09-19 10:05:05,334 - DEBUG - RSS check triggered.
2025-09-19 10:05:05,334 - DEBUG - Fetching RSS feed: https://gengo.com/rss/available_jobs/6d9668ab271c486e52eb4d37b876cabd5a1cf2da958b7004205163 with headers: {}
2025-09-19 10:05:06,082 - DEBUG - RSS feed fetched successfully. Entries: 0
2025-09-19 10:05:06,082 - DEBUG - Processing 0 RSS entries.
2025-09-19 10:05:06,082 - DEBUG - Waiting for next RSS check: 31.00s (paused=False)
2025-09-19 10:05:37,082 - DEBUG - RSS check triggered.
2025-09-19 10:05:37,082 - DEBUG - Fetching RSS feed: https://gengo.com/rss/available_jobs/6d9668ab271c486e52eb4d37b876cabd5a1cf2da958b7004205163 with headers: {}
2025-09-19 10:05:37,554 - DEBUG - RSS feed fetched successfully. Entries: 0
2025-09-19 10:05:37,554 - DEBUG - Processing 0 RSS entries.
2025-09-19 10:05:37,554 - DEBUG - Waiting for next RSS check: 31.00s (paused=False)
2025-09-19 10:06:08,554 - DEBUG - RSS check triggered.
2025-09-19 10:06:08,554 - DEBUG - Fetching RSS feed: https://gengo.com/rss/available_jobs/6d9668ab271c486e52eb4d37b876cabd5a1cf2da958b7004205163 with headers: {}
2025-09-19 10:06:09,075 - DEBUG - RSS feed fetched successfully. Entries: 0
2025-09-19 10:06:09,075 - DEBUG - Processing 0 RSS entries.
2025-09-19 10:06:09,075 - DEBUG - Waiting for next RSS check: 31.00s (paused=False)
2025-09-19 10:06:40,075 - DEBUG - RSS check triggered.
2025-09-19 10:06:40,075 - DEBUG - Fetching RSS feed: https://gengo.com/rss/available_jobs/6d9668ab271c486e52eb4d37b876cabd5a1cf2da958b7004205163 with headers: {}
2025-09-19 10:06:40,584 - DEBUG - RSS feed fetched successfully. Entries: 0
2025-09-19 10:06:40,584 - DEBUG - Processing 0 RSS entries.
2025-09-19 10:06:40,584 - DEBUG - Waiting for next RSS check: 31.00s (paused=False)
2025-09-19 10:07:11,584 - DEBUG - RSS check triggered.
2025-09-19 10:07:11,585 - DEBUG - Fetching RSS feed: https://gengo.com/rss/available_jobs/6d9668ab271c486e52eb4d37b876cabd5a1cf2da958b7004205163 with headers: {}
2025-09-19 10:07:12,099 - DEBUG - RSS feed fetched successfully. Entries: 0
2025-09-19 10:07:12,099 - DEBUG - Processing 0 RSS entries.
2025-09-19 10:07:12,099 - DEBUG - Waiting for next RSS check: 31.00s (paused=False)
2025-09-19 10:07:43,099 - DEBUG - RSS check triggered.
2025-09-19 10:07:43,100 - DEBUG - Fetching RSS feed: https://gengo.com/rss/available_jobs/6d9668ab271c486e52eb4d37b876cabd5a1cf2da958b7004205163 with headers: {}
2025-09-19 10:07:43,543 - DEBUG - RSS feed fetched successfully. Entries: 0
2025-09-19 10:07:43,543 - DEBUG - Processing 0 RSS entries.
2025-09-19 10:07:43,543 - DEBUG - Waiting for next RSS check: 31.00s (paused=False)
2025-09-19 10:08:14,543 - DEBUG - RSS check triggered.
2025-09-19 10:08:14,544 - DEBUG - Fetching RSS feed: https://gengo.com/rss/available_jobs/6d9668ab271c486e52eb4d37b876cabd5a1cf2da958b7004205163 with headers: {}
2025-09-19 10:08:15,037 - DEBUG - RSS feed fetched successfully. Entries: 0
2025-09-19 10:08:15,037 - DEBUG - Processing 0 RSS entries.
2025-09-19 10:08:15,037 - DEBUG - Waiting for next RSS check: 31.00s (paused=False)
2025-09-19 10:08:46,037 - DEBUG - RSS check triggered.
2025-09-19 10:08:46,037 - DEBUG - Fetching RSS feed: https://gengo.com/rss/available_jobs/6d9668ab271c486e52eb4d37b876cabd5a1cf2da958b7004205163 with headers: {}
2025-09-19 10:08:46,789 - DEBUG - RSS feed fetched successfully. Entries: 0
2025-09-19 10:08:46,789 - DEBUG - Processing 0 RSS entries.
2025-09-19 10:08:46,789 - DEBUG - Waiting for next RSS check: 31.00s (paused=False)
2025-09-19 10:09:17,789 - DEBUG - RSS check triggered.
2025-09-19 10:09:17,789 - DEBUG - Fetching RSS feed: https://gengo.com/rss/available_jobs/6d9668ab271c486e52eb4d37b876cabd5a1cf2da958b7004205163 with headers: {}
2025-09-19 10:09:18,280 - DEBUG - RSS feed fetched successfully. Entries: 0
2025-09-19 10:09:18,280 - DEBUG - Processing 0 RSS entries.
2025-09-19 10:09:18,280 - DEBUG - Waiting for next RSS check: 31.00s (paused=False)
2025-09-19 10:09:49,281 - DEBUG - RSS check triggered.
2025-09-19 10:09:49,281 - DEBUG - Fetching RSS feed: https://gengo.com/rss/available_jobs/6d9668ab271c486e52eb4d37b876cabd5a1cf2da958b7004205163 with headers: {}
2025-09-19 10:09:49,767 - DEBUG - RSS feed fetched successfully. Entries: 0
2025-09-19 10:09:49,767 - DEBUG - Processing 0 RSS entries.
2025-09-19 10:09:49,767 - DEBUG - Waiting for next RSS check: 31.00s (paused=False)
2025-09-19 10:10:20,767 - DEBUG - RSS check triggered.
2025-09-19 10:10:20,767 - DEBUG - Fetching RSS feed: https://gengo.com/rss/available_jobs/6d9668ab271c486e52eb4d37b876cabd5a1cf2da958b7004205163 with headers: {}
2025-09-19 10:10:21,273 - DEBUG - RSS feed fetched successfully. Entries: 0
2025-09-19 10:10:21,273 - DEBUG - Processing 0 RSS entries.
2025-09-19 10:10:21,273 - DEBUG - Waiting for next RSS check: 31.00s (paused=False)
2025-09-19 10:10:52,273 - DEBUG - RSS check triggered.
2025-09-19 10:10:52,273 - DEBUG - Fetching RSS feed: https://gengo.com/rss/available_jobs/6d9668ab271c486e52eb4d37b876cabd5a1cf2da958b7004205163 with headers: {}
2025-09-19 10:10:52,797 - DEBUG - RSS feed fetched successfully. Entries: 0
2025-09-19 10:10:52,797 - DEBUG - Processing 0 RSS entries.
2025-09-19 10:10:52,797 - DEBUG - Waiting for next RSS check: 31.00s (paused=False)
2025-09-19 10:11:23,797 - DEBUG - RSS check triggered.
2025-09-19 10:11:23,797 - DEBUG - Fetching RSS feed: https://gengo.com/rss/available_jobs/6d9668ab271c486e52eb4d37b876cabd5a1cf2da958b7004205163 with headers: {}
2025-09-19 10:11:24,287 - DEBUG - RSS feed fetched successfully. Entries: 0
2025-09-19 10:11:24,287 - DEBUG - Processing 0 RSS entries.
2025-09-19 10:11:24,287 - DEBUG - Waiting for next RSS check: 31.00s (paused=False)
2025-09-19 10:11:55,287 - DEBUG - RSS check triggered.
2025-09-19 10:11:55,287 - DEBUG - Fetching RSS feed: https://gengo.com/rss/available_jobs/6d9668ab271c486e52eb4d37b876cabd5a1cf2da958b7004205163 with headers: {}
2025-09-19 10:11:55,758 - DEBUG - RSS feed fetched successfully. Entries: 0
2025-09-19 10:11:55,758 - DEBUG - Processing 0 RSS entries.
2025-09-19 10:11:55,758 - DEBUG - Waiting for next RSS check: 31.00s (paused=False)
2025-09-19 10:12:26,759 - DEBUG - RSS check triggered.
2025-09-19 10:12:26,759 - DEBUG - Fetching RSS feed: https://gengo.com/rss/available_jobs/6d9668ab271c486e52eb4d37b876cabd5a1cf2da958b7004205163 with headers: {}
2025-09-19 10:12:27,270 - DEBUG - RSS feed fetched successfully. Entries: 0
2025-09-19 10:12:27,271 - DEBUG - Processing 0 RSS entries.
2025-09-19 10:12:27,271 - DEBUG - Waiting for next RSS check: 31.00s (paused=False)
2025-09-19 10:12:58,271 - DEBUG - RSS check triggered.
2025-09-19 10:12:58,271 - DEBUG - Fetching RSS feed: https://gengo.com/rss/available_jobs/6d9668ab271c486e52eb4d37b876cabd5a1cf2da958b7004205163 with headers: {}
2025-09-19 10:12:58,733 - DEBUG - RSS feed fetched successfully. Entries: 0
2025-09-19 10:12:58,733 - DEBUG - Processing 0 RSS entries.
2025-09-19 10:12:58,733 - DEBUG - Waiting for next RSS check: 31.00s (paused=False)
2025-09-19 10:13:29,733 - DEBUG - RSS check triggered.
2025-09-19 10:13:29,733 - DEBUG - Fetching RSS feed: https://gengo.com/rss/available_jobs/6d9668ab271c486e52eb4d37b876cabd5a1cf2da958b7004205163 with headers: {}
2025-09-19 10:13:30,224 - DEBUG - RSS feed fetched successfully. Entries: 0
2025-09-19 10:13:30,224 - DEBUG - Processing 0 RSS entries.
2025-09-19 10:13:30,224 - DEBUG - Waiting for next RSS check: 31.00s (paused=False)
2025-09-19 10:14:01,224 - DEBUG - RSS check triggered.
2025-09-19 10:14:01,225 - DEBUG - Fetching RSS feed: https://gengo.com/rss/available_jobs/6d9668ab271c486e52eb4d37b876cabd5a1cf2da958b7004205163 with headers: {}
2025-09-19 10:14:01,700 - DEBUG - RSS feed fetched successfully. Entries: 0
2025-09-19 10:14:01,700 - DEBUG - Processing 0 RSS entries.
2025-09-19 10:14:01,700 - DEBUG - Waiting for next RSS check: 31.00s (paused=False)
2025-09-19 10:14:32,700 - DEBUG - RSS check triggered.
2025-09-19 10:14:32,701 - DEBUG - Fetching RSS feed: https://gengo.com/rss/available_jobs/6d9668ab271c486e52eb4d37b876cabd5a1cf2da958b7004205163 with headers: {}
2025-09-19 10:14:33,210 - DEBUG - RSS feed fetched successfully. Entries: 0
2025-09-19 10:14:33,210 - DEBUG - Processing 0 RSS entries.
2025-09-19 10:14:33,210 - DEBUG - Waiting for next RSS check: 31.00s (paused=False)
2025-09-19 10:14:45,919 - DEBUG - WebSocket: Message received: {"type": "available_collection", "collection": {"id": 33883903, "lc_src": "ja", "lc_tgt": "en", "tier": "pro", "is_preferred": false, "currency": "JPY", "is_ezra": false, "type": "file", "content": "\u83c5\u5143\u7dcf\u7406\u6328\u62f6\u6587\uff08\u6587\u5b57\u304a\u8d8a\u3057\u539f\u7a3f\uff09.docx", "rewards": 25.01, "unit_count": 521, "has_tm": false, "filetype_src": 5}}
2025-09-19 10:14:45,919 - DEBUG - WebSocket: Message JSON: {'type': 'available_collection', 'collection': {'id': 33883903, 'lc_src': 'ja', 'lc_tgt': 'en', 'tier': 'pro', 'is_preferred': False, 'currency': 'JPY', 'is_ezra': False, 'type': 'file', 'content': '菅元総理挨拶文（文字お越し原稿）.docx', 'rewards': 25.01, 'unit_count': 521, 'has_tm': False, 'filetype_src': 5}}
2025-09-19 10:14:45,919 - DEBUG - WebSocket: Job data: {'id': 33883903, 'lc_src': 'ja', 'lc_tgt': 'en', 'tier': 'pro', 'is_preferred': False, 'currency': 'JPY', 'is_ezra': False, 'type': 'file', 'content': '菅元総理挨拶文（文字お越し原稿）.docx', 'rewards': 25.01, 'unit_count': 521, 'has_tm': False, 'filetype_src': 5}
2025-09-19 10:14:45,919 - DEBUG - Processing new job: 33883903, ja > en, 25.01, https://gengo.com/t/jobs/details/33883903, WebSocket
2025-09-19 10:14:45,919 - INFO - [success]New job via WebSocket: ja > en (US$ 25.01)[/success]
2025-09-19 10:14:45,919 - DEBUG - Showing notification: New Gengo Job Available! - ja > en
2025-09-19 10:14:45,923 - DEBUG - Attempting to play sound with paplay: /home/thomas/GengoWatcher/assets/alert.wav
2025-09-19 10:14:45,923 - DEBUG - Opening URL in browser: https://gengo.com/t/jobs/details/33883903
2025-09-19 10:14:45,923 - DEBUG - Added job 33883903 to storage
2025-09-19 10:14:45,923 - INFO - Job 33883903 meets auto-accept criteria, queuing for acceptance
2025-09-19 10:14:45,924 - INFO - Attempting to auto-accept job 33883903
2025-09-19 10:14:45,924 - DEBUG - Waiting 28.61s before accepting job 33883903
2025-09-19 10:14:46,666 - ERROR - Failed to initialize Chrome WebDriver: Message: unknown error: cannot find Chrome binary
Stacktrace:
#0 0x55d78cae64e3 <unknown>
#1 0x55d78c815c76 <unknown>
#2 0x55d78c83c757 <unknown>
#3 0x55d78c83b029 <unknown>
#4 0x55d78c879ccc <unknown>
#5 0x55d78c87947f <unknown>
#6 0x55d78c870de3 <unknown>
#7 0x55d78c8462dd <unknown>
#8 0x55d78c84734e <unknown>
#9 0x55d78caa63e4 <unknown>
#10 0x55d78caaa3d7 <unknown>
#11 0x55d78cab4b20 <unknown>
#12 0x55d78caab023 <unknown>
#13 0x55d78ca791aa <unknown>
#14 0x55d78cacf6b8 <unknown>
#15 0x55d78cacf847 <unknown>
#16 0x55d78cadf243 <unknown>
#17 0x7f16f84aa4f8 <unknown>

2025-09-19 10:14:46,667 - DEBUG - Accept watcher error: Message: unknown error: cannot find Chrome binary
Stacktrace:
#0 0x55d78cae64e3 <unknown>
#1 0x55d78c815c76 <unknown>
#2 0x55d78c83c757 <unknown>
#3 0x55d78c83b029 <unknown>
#4 0x55d78c879ccc <unknown>
#5 0x55d78c87947f <unknown>
#6 0x55d78c870de3 <unknown>
#7 0x55d78c8462dd <unknown>
#8 0x55d78c84734e <unknown>
#9 0x55d78caa63e4 <unknown>
#10 0x55d78caaa3d7 <unknown>
#11 0x55d78cab4b20 <unknown>
#12 0x55d78caab023 <unknown>
#13 0x55d78ca791aa <unknown>
#14 0x55d78cacf6b8 <unknown>
#15 0x55d78cacf847 <unknown>
#16 0x55d78cadf243 <unknown>
#17 0x7f16f84aa4f8 <unknown>

2025-09-19 10:15:04,210 - DEBUG - RSS check triggered.
2025-09-19 10:15:04,210 - DEBUG - Fetching RSS feed: https://gengo.com/rss/available_jobs/6d9668ab271c486e52eb4d37b876cabd5a1cf2da958b7004205163 with headers: {}
2025-09-19 10:15:04,712 - DEBUG - RSS feed fetched successfully. Entries: 0
2025-09-19 10:15:04,712 - DEBUG - Processing 0 RSS entries.
2025-09-19 10:15:04,712 - DEBUG - Waiting for next RSS check: 31.00s (paused=False)
2025-09-19 10:15:14,562 - DEBUG - Acceptance task raised
Traceback (most recent call last):
  File "/home/thomas/GengoWatcher/src/gengowatcher/job_acceptance.py", line 578, in _wait_for_winner
    result = task.result()
  File "/home/thomas/GengoWatcher/src/gengowatcher/job_acceptance.py", line 351, in _attempt_http_accept
    async with self.session.get(details_url, headers=headers, timeout=30) as response:
               ~~~~~~~~~~~~~~~~^^^^^^^^^^^^^^^^^^^^^^^^^^^^^^^^^^^^^^^^^^
  File "/home/thomas/GengoWatcher/src/.venv/lib/python3.13/site-packages/aiohttp/client.py", line 1488, in __aenter__
    self._resp: _RetType = await self._coro
                           ^^^^^^^^^^^^^^^^
  File "/home/thomas/GengoWatcher/src/.venv/lib/python3.13/site-packages/aiohttp/client.py", line 594, in _request
    handle = tm.start()
  File "/home/thomas/GengoWatcher/src/.venv/lib/python3.13/site-packages/aiohttp/helpers.py", line 587, in start
    return self._loop.call_at(when, self.__call__)
           ~~~~~~~~~~~~~~~~~~^^^^^^^^^^^^^^^^^^^^^
  File "/usr/lib/python3.13/asyncio/base_events.py", line 812, in call_at
    self._check_closed()
    ~~~~~~~~~~~~~~~~~~^^
  File "/usr/lib/python3.13/asyncio/base_events.py", line 556, in _check_closed
    raise RuntimeError('Event loop is closed')
RuntimeError: Event loop is closed
2025-09-19 10:15:15,337 - ERROR - Failed to initialize Chrome WebDriver: Message: unknown error: cannot find Chrome binary
Stacktrace:
#0 0x56463f0ae4e3 <unknown>
#1 0x56463edddc76 <unknown>
#2 0x56463ee04757 <unknown>
#3 0x56463ee03029 <unknown>
#4 0x56463ee41ccc <unknown>
#5 0x56463ee4147f <unknown>
#6 0x56463ee38de3 <unknown>
#7 0x56463ee0e2dd <unknown>
#8 0x56463ee0f34e <unknown>
#9 0x56463f06e3e4 <unknown>
#10 0x56463f0723d7 <unknown>
#11 0x56463f07cb20 <unknown>
#12 0x56463f073023 <unknown>
#13 0x56463f0411aa <unknown>
#14 0x56463f0976b8 <unknown>
#15 0x56463f097847 <unknown>
#16 0x56463f0a7243 <unknown>
#17 0x7f24d44aa4f8 <unknown>

2025-09-19 10:15:15,337 - WARNING - Failed to accept job 33883903 via selenium (attempt 1/4). Reason: init_error:Message: unknown error: cannot find Chrome binary
Stacktrace:
#0 0x56463f0ae4e3 <unknown>
#1 0x56463edddc76 <unknown>
#2 0x56463ee04757 <unknown>
#3 0x56463ee03029 <unknown>
#4 0x56463ee41ccc <unknown>
#5 0x56463ee4147f <unknown>
#6 0x56463ee38de3 <unknown>
#7 0x56463ee0e2dd <unknown>
#8 0x56463ee0f34e <unknown>
#9 0x56463f06e3e4 <unknown>
#10 0x56463f0723d7 <unknown>
#11 0x56463f07cb20 <unknown>
#12 0x56463f073023 <unknown>
#13 0x56463f0411aa <unknown>
#14 0x56463f0976b8 <unknown>
#15 0x56463f097847 <unknown>
#16 0x56463f0a7243 <unknown>
#17 0x7f24d44aa4f8 <unknown>

2025-09-19 10:15:15,337 - INFO - Retrying job 33883903 in 2.40s (attempt 2/4)
2025-09-19 10:15:17,739 - DEBUG - Acceptance task raised
Traceback (most recent call last):
  File "/home/thomas/GengoWatcher/src/gengowatcher/job_acceptance.py", line 578, in _wait_for_winner
    result = task.result()
  File "/home/thomas/GengoWatcher/src/gengowatcher/job_acceptance.py", line 351, in _attempt_http_accept
    async with self.session.get(details_url, headers=headers, timeout=30) as response:
               ~~~~~~~~~~~~~~~~^^^^^^^^^^^^^^^^^^^^^^^^^^^^^^^^^^^^^^^^^^
  File "/home/thomas/GengoWatcher/src/.venv/lib/python3.13/site-packages/aiohttp/client.py", line 1488, in __aenter__
    self._resp: _RetType = await self._coro
                           ^^^^^^^^^^^^^^^^
  File "/home/thomas/GengoWatcher/src/.venv/lib/python3.13/site-packages/aiohttp/client.py", line 594, in _request
    handle = tm.start()
  File "/home/thomas/GengoWatcher/src/.venv/lib/python3.13/site-packages/aiohttp/helpers.py", line 587, in start
    return self._loop.call_at(when, self.__call__)
           ~~~~~~~~~~~~~~~~~~^^^^^^^^^^^^^^^^^^^^^
  File "/usr/lib/python3.13/asyncio/base_events.py", line 812, in call_at
    self._check_closed()
    ~~~~~~~~~~~~~~~~~~^^
  File "/usr/lib/python3.13/asyncio/base_events.py", line 556, in _check_closed
    raise RuntimeError('Event loop is closed')
RuntimeError: Event loop is closed
2025-09-19 10:15:18,433 - ERROR - Failed to initialize Chrome WebDriver: Message: unknown error: cannot find Chrome binary
Stacktrace:
#0 0x5642216244e3 <unknown>
#1 0x564221353c76 <unknown>
#2 0x56422137a757 <unknown>
#3 0x564221379029 <unknown>
#4 0x5642213b7ccc <unknown>
#5 0x5642213b747f <unknown>
#6 0x5642213aede3 <unknown>
#7 0x5642213842dd <unknown>
#8 0x56422138534e <unknown>
#9 0x5642215e43e4 <unknown>
#10 0x5642215e83d7 <unknown>
#11 0x5642215f2b20 <unknown>
#12 0x5642215e9023 <unknown>
#13 0x5642215b71aa <unknown>
#14 0x56422160d6b8 <unknown>
#15 0x56422160d847 <unknown>
#16 0x56422161d243 <unknown>
#17 0x7eff660aa4f8 <unknown>

2025-09-19 10:15:18,434 - WARNING - Failed to accept job 33883903 via selenium (attempt 2/4). Reason: init_error:Message: unknown error: cannot find Chrome binary
Stacktrace:
#0 0x5642216244e3 <unknown>
#1 0x564221353c76 <unknown>
#2 0x56422137a757 <unknown>
#3 0x564221379029 <unknown>
#4 0x5642213b7ccc <unknown>
#5 0x5642213b747f <unknown>
#6 0x5642213aede3 <unknown>
#7 0x5642213842dd <unknown>
#8 0x56422138534e <unknown>
#9 0x5642215e43e4 <unknown>
#10 0x5642215e83d7 <unknown>
#11 0x5642215f2b20 <unknown>
#12 0x5642215e9023 <unknown>
#13 0x5642215b71aa <unknown>
#14 0x56422160d6b8 <unknown>
#15 0x56422160d847 <unknown>
#16 0x56422161d243 <unknown>
#17 0x7eff660aa4f8 <unknown>

2025-09-19 10:15:18,434 - INFO - Retrying job 33883903 in 4.22s (attempt 3/4)
2025-09-19 10:15:22,655 - DEBUG - Acceptance task raised
Traceback (most recent call last):
  File "/home/thomas/GengoWatcher/src/gengowatcher/job_acceptance.py", line 578, in _wait_for_winner
    result = task.result()
  File "/home/thomas/GengoWatcher/src/gengowatcher/job_acceptance.py", line 351, in _attempt_http_accept
    async with self.session.get(details_url, headers=headers, timeout=30) as response:
               ~~~~~~~~~~~~~~~~^^^^^^^^^^^^^^^^^^^^^^^^^^^^^^^^^^^^^^^^^^
  File "/home/thomas/GengoWatcher/src/.venv/lib/python3.13/site-packages/aiohttp/client.py", line 1488, in __aenter__
    self._resp: _RetType = await self._coro
                           ^^^^^^^^^^^^^^^^
  File "/home/thomas/GengoWatcher/src/.venv/lib/python3.13/site-packages/aiohttp/client.py", line 594, in _request
    handle = tm.start()
  File "/home/thomas/GengoWatcher/src/.venv/lib/python3.13/site-packages/aiohttp/helpers.py", line 587, in start
    return self._loop.call_at(when, self.__call__)
           ~~~~~~~~~~~~~~~~~~^^^^^^^^^^^^^^^^^^^^^
  File "/usr/lib/python3.13/asyncio/base_events.py", line 812, in call_at
    self._check_closed()
    ~~~~~~~~~~~~~~~~~~^^
  File "/usr/lib/python3.13/asyncio/base_events.py", line 556, in _check_closed
    raise RuntimeError('Event loop is closed')
RuntimeError: Event loop is closed
2025-09-19 10:15:23,371 - ERROR - Failed to initialize Chrome WebDriver: Message: unknown error: cannot find Chrome binary
Stacktrace:
#0 0x56016c8824e3 <unknown>
#1 0x56016c5b1c76 <unknown>
#2 0x56016c5d8757 <unknown>
#3 0x56016c5d7029 <unknown>
#4 0x56016c615ccc <unknown>
#5 0x56016c61547f <unknown>
#6 0x56016c60cde3 <unknown>
#7 0x56016c5e22dd <unknown>
#8 0x56016c5e334e <unknown>
#9 0x56016c8423e4 <unknown>
#10 0x56016c8463d7 <unknown>
#11 0x56016c850b20 <unknown>
#12 0x56016c847023 <unknown>
#13 0x56016c8151aa <unknown>
#14 0x56016c86b6b8 <unknown>
#15 0x56016c86b847 <unknown>
#16 0x56016c87b243 <unknown>
#17 0x7fb1b00aa4f8 <unknown>

2025-09-19 10:15:23,371 - WARNING - Failed to accept job 33883903 via selenium (attempt 3/4). Reason: init_error:Message: unknown error: cannot find Chrome binary
Stacktrace:
#0 0x56016c8824e3 <unknown>
#1 0x56016c5b1c76 <unknown>
#2 0x56016c5d8757 <unknown>
#3 0x56016c5d7029 <unknown>
#4 0x56016c615ccc <unknown>
#5 0x56016c61547f <unknown>
#6 0x56016c60cde3 <unknown>
#7 0x56016c5e22dd <unknown>
#8 0x56016c5e334e <unknown>
#9 0x56016c8423e4 <unknown>
#10 0x56016c8463d7 <unknown>
#11 0x56016c850b20 <unknown>
#12 0x56016c847023 <unknown>
#13 0x56016c8151aa <unknown>
#14 0x56016c86b6b8 <unknown>
#15 0x56016c86b847 <unknown>
#16 0x56016c87b243 <unknown>
#17 0x7fb1b00aa4f8 <unknown>

2025-09-19 10:15:23,371 - INFO - Retrying job 33883903 in 8.13s (attempt 4/4)
2025-09-19 10:15:31,511 - DEBUG - Acceptance task raised
Traceback (most recent call last):
  File "/home/thomas/GengoWatcher/src/gengowatcher/job_acceptance.py", line 578, in _wait_for_winner
    result = task.result()
  File "/home/thomas/GengoWatcher/src/gengowatcher/job_acceptance.py", line 351, in _attempt_http_accept
    async with self.session.get(details_url, headers=headers, timeout=30) as response:
               ~~~~~~~~~~~~~~~~^^^^^^^^^^^^^^^^^^^^^^^^^^^^^^^^^^^^^^^^^^
  File "/home/thomas/GengoWatcher/src/.venv/lib/python3.13/site-packages/aiohttp/client.py", line 1488, in __aenter__
    self._resp: _RetType = await self._coro
                           ^^^^^^^^^^^^^^^^
  File "/home/thomas/GengoWatcher/src/.venv/lib/python3.13/site-packages/aiohttp/client.py", line 594, in _request
    handle = tm.start()
  File "/home/thomas/GengoWatcher/src/.venv/lib/python3.13/site-packages/aiohttp/helpers.py", line 587, in start
    return self._loop.call_at(when, self.__call__)
           ~~~~~~~~~~~~~~~~~~^^^^^^^^^^^^^^^^^^^^^
  File "/usr/lib/python3.13/asyncio/base_events.py", line 812, in call_at
    self._check_closed()
    ~~~~~~~~~~~~~~~~~~^^
  File "/usr/lib/python3.13/asyncio/base_events.py", line 556, in _check_closed
    raise RuntimeError('Event loop is closed')
RuntimeError: Event loop is closed
2025-09-19 10:15:32,268 - ERROR - Failed to initialize Chrome WebDriver: Message: unknown error: cannot find Chrome binary
Stacktrace:
#0 0x55efb98204e3 <unknown>
#1 0x55efb954fc76 <unknown>
#2 0x55efb9576757 <unknown>
#3 0x55efb9575029 <unknown>
#4 0x55efb95b3ccc <unknown>
#5 0x55efb95b347f <unknown>
#6 0x55efb95aade3 <unknown>
#7 0x55efb95802dd <unknown>
#8 0x55efb958134e <unknown>
#9 0x55efb97e03e4 <unknown>
#10 0x55efb97e43d7 <unknown>
#11 0x55efb97eeb20 <unknown>
#12 0x55efb97e5023 <unknown>
#13 0x55efb97b31aa <unknown>
#14 0x55efb98096b8 <unknown>
#15 0x55efb9809847 <unknown>
#16 0x55efb9819243 <unknown>
#17 0x7f8298aaa4f8 <unknown>

2025-09-19 10:15:32,268 - WARNING - Failed to accept job 33883903 via selenium (attempt 4/4). Reason: init_error:Message: unknown error: cannot find Chrome binary
Stacktrace:
#0 0x55efb98204e3 <unknown>
#1 0x55efb954fc76 <unknown>
#2 0x55efb9576757 <unknown>
#3 0x55efb9575029 <unknown>
#4 0x55efb95b3ccc <unknown>
#5 0x55efb95b347f <unknown>
#6 0x55efb95aade3 <unknown>
#7 0x55efb95802dd <unknown>
#8 0x55efb958134e <unknown>
#9 0x55efb97e03e4 <unknown>
#10 0x55efb97e43d7 <unknown>
#11 0x55efb97eeb20 <unknown>
#12 0x55efb97e5023 <unknown>
#13 0x55efb97b31aa <unknown>
#14 0x55efb98096b8 <unknown>
#15 0x55efb9809847 <unknown>
#16 0x55efb9819243 <unknown>
#17 0x7f8298aaa4f8 <unknown>

2025-09-19 10:15:32,268 - ERROR - Failed to accept job 33883903 after 4 attempts (last reason: init_error:Message: unknown error: cannot find Chrome binary
Stacktrace:
#0 0x55efb98204e3 <unknown>
#1 0x55efb954fc76 <unknown>
#2 0x55efb9576757 <unknown>
#3 0x55efb9575029 <unknown>
#4 0x55efb95b3ccc <unknown>
#5 0x55efb95b347f <unknown>
#6 0x55efb95aade3 <unknown>
#7 0x55efb95802dd <unknown>
#8 0x55efb958134e <unknown>
#9 0x55efb97e03e4 <unknown>
#10 0x55efb97e43d7 <unknown>
#11 0x55efb97eeb20 <unknown>
#12 0x55efb97e5023 <unknown>
#13 0x55efb97b31aa <unknown>
#14 0x55efb98096b8 <unknown>
#15 0x55efb9809847 <unknown>
#16 0x55efb9819243 <unknown>
#17 0x7f8298aaa4f8 <unknown>
)
2025-09-19 10:15:35,713 - DEBUG - RSS check triggered.
2025-09-19 10:15:35,713 - DEBUG - Fetching RSS feed: https://gengo.com/rss/available_jobs/6d9668ab271c486e52eb4d37b876cabd5a1cf2da958b7004205163 with headers: {}
2025-09-19 10:15:36,333 - DEBUG - RSS feed fetched successfully. Entries: 0
2025-09-19 10:15:36,333 - DEBUG - Processing 0 RSS entries.
2025-09-19 10:15:36,333 - DEBUG - Waiting for next RSS check: 31.00s (paused=False)
2025-09-19 10:16:07,333 - DEBUG - RSS check triggered.
2025-09-19 10:16:07,333 - DEBUG - Fetching RSS feed: https://gengo.com/rss/available_jobs/6d9668ab271c486e52eb4d37b876cabd5a1cf2da958b7004205163 with headers: {}
2025-09-19 10:16:07,822 - DEBUG - RSS feed fetched successfully. Entries: 0
2025-09-19 10:16:07,822 - DEBUG - Processing 0 RSS entries.
2025-09-19 10:16:07,822 - DEBUG - Waiting for next RSS check: 31.00s (paused=False)
2025-09-19 10:16:38,822 - DEBUG - RSS check triggered.
2025-09-19 10:16:38,822 - DEBUG - Fetching RSS feed: https://gengo.com/rss/available_jobs/6d9668ab271c486e52eb4d37b876cabd5a1cf2da958b7004205163 with headers: {}
2025-09-19 10:16:39,358 - DEBUG - RSS feed fetched successfully. Entries: 0
2025-09-19 10:16:39,358 - DEBUG - Processing 0 RSS entries.
2025-09-19 10:16:39,358 - DEBUG - Waiting for next RSS check: 31.00s (paused=False)
2025-09-19 10:17:10,358 - DEBUG - RSS check triggered.
2025-09-19 10:17:10,358 - DEBUG - Fetching RSS feed: https://gengo.com/rss/available_jobs/6d9668ab271c486e52eb4d37b876cabd5a1cf2da958b7004205163 with headers: {}
2025-09-19 10:17:10,865 - DEBUG - RSS feed fetched successfully. Entries: 0
2025-09-19 10:17:10,866 - DEBUG - Processing 0 RSS entries.
2025-09-19 10:17:10,866 - DEBUG - Waiting for next RSS check: 31.00s (paused=False)
2025-09-19 10:17:41,866 - DEBUG - RSS check triggered.
2025-09-19 10:17:41,866 - DEBUG - Fetching RSS feed: https://gengo.com/rss/available_jobs/6d9668ab271c486e52eb4d37b876cabd5a1cf2da958b7004205163 with headers: {}
2025-09-19 10:17:42,331 - DEBUG - RSS feed fetched successfully. Entries: 0
2025-09-19 10:17:42,331 - DEBUG - Processing 0 RSS entries.
2025-09-19 10:17:42,331 - DEBUG - Waiting for next RSS check: 31.00s (paused=False)
2025-09-19 10:18:13,331 - DEBUG - RSS check triggered.
2025-09-19 10:18:13,331 - DEBUG - Fetching RSS feed: https://gengo.com/rss/available_jobs/6d9668ab271c486e52eb4d37b876cabd5a1cf2da958b7004205163 with headers: {}
2025-09-19 10:18:13,823 - DEBUG - RSS feed fetched successfully. Entries: 0
2025-09-19 10:18:13,823 - DEBUG - Processing 0 RSS entries.
2025-09-19 10:18:13,823 - DEBUG - Waiting for next RSS check: 31.00s (paused=False)
2025-09-19 10:18:44,823 - DEBUG - RSS check triggered.
2025-09-19 10:18:44,824 - DEBUG - Fetching RSS feed: https://gengo.com/rss/available_jobs/6d9668ab271c486e52eb4d37b876cabd5a1cf2da958b7004205163 with headers: {}
2025-09-19 10:18:45,323 - DEBUG - RSS feed fetched successfully. Entries: 0
2025-09-19 10:18:45,323 - DEBUG - Processing 0 RSS entries.
2025-09-19 10:18:45,323 - DEBUG - Waiting for next RSS check: 31.00s (paused=False)
2025-09-19 10:19:16,323 - DEBUG - RSS check triggered.
2025-09-19 10:19:16,323 - DEBUG - Fetching RSS feed: https://gengo.com/rss/available_jobs/6d9668ab271c486e52eb4d37b876cabd5a1cf2da958b7004205163 with headers: {}
2025-09-19 10:19:16,826 - DEBUG - RSS feed fetched successfully. Entries: 0
2025-09-19 10:19:16,826 - DEBUG - Processing 0 RSS entries.
2025-09-19 10:19:16,826 - DEBUG - Waiting for next RSS check: 31.00s (paused=False)
2025-09-19 10:19:47,826 - DEBUG - RSS check triggered.
2025-09-19 10:19:47,827 - DEBUG - Fetching RSS feed: https://gengo.com/rss/available_jobs/6d9668ab271c486e52eb4d37b876cabd5a1cf2da958b7004205163 with headers: {}
2025-09-19 10:19:48,371 - DEBUG - RSS feed fetched successfully. Entries: 0
2025-09-19 10:19:48,372 - DEBUG - Processing 0 RSS entries.
2025-09-19 10:19:48,372 - DEBUG - Waiting for next RSS check: 31.00s (paused=False)
2025-09-19 10:20:19,372 - DEBUG - RSS check triggered.
2025-09-19 10:20:19,372 - DEBUG - Fetching RSS feed: https://gengo.com/rss/available_jobs/6d9668ab271c486e52eb4d37b876cabd5a1cf2da958b7004205163 with headers: {}
2025-09-19 10:20:19,938 - DEBUG - RSS feed fetched successfully. Entries: 0
2025-09-19 10:20:19,939 - DEBUG - Processing 0 RSS entries.
2025-09-19 10:20:19,939 - DEBUG - Waiting for next RSS check: 31.00s (paused=False)
2025-09-19 10:20:50,939 - DEBUG - RSS check triggered.
2025-09-19 10:20:50,939 - DEBUG - Fetching RSS feed: https://gengo.com/rss/available_jobs/6d9668ab271c486e52eb4d37b876cabd5a1cf2da958b7004205163 with headers: {}
2025-09-19 10:20:51,734 - DEBUG - RSS feed fetched successfully. Entries: 0
2025-09-19 10:20:51,734 - DEBUG - Processing 0 RSS entries.
2025-09-19 10:20:51,734 - DEBUG - Waiting for next RSS check: 31.00s (paused=False)
2025-09-19 10:21:22,734 - DEBUG - RSS check triggered.
2025-09-19 10:21:22,734 - DEBUG - Fetching RSS feed: https://gengo.com/rss/available_jobs/6d9668ab271c486e52eb4d37b876cabd5a1cf2da958b7004205163 with headers: {}
2025-09-19 10:21:23,259 - DEBUG - RSS feed fetched successfully. Entries: 0
2025-09-19 10:21:23,259 - DEBUG - Processing 0 RSS entries.
2025-09-19 10:21:23,259 - DEBUG - Waiting for next RSS check: 31.00s (paused=False)
2025-09-19 10:21:54,259 - DEBUG - RSS check triggered.
2025-09-19 10:21:54,259 - DEBUG - Fetching RSS feed: https://gengo.com/rss/available_jobs/6d9668ab271c486e52eb4d37b876cabd5a1cf2da958b7004205163 with headers: {}
2025-09-19 10:21:54,749 - DEBUG - RSS feed fetched successfully. Entries: 0
2025-09-19 10:21:54,749 - DEBUG - Processing 0 RSS entries.
2025-09-19 10:21:54,749 - DEBUG - Waiting for next RSS check: 31.00s (paused=False)
2025-09-19 10:22:25,749 - DEBUG - RSS check triggered.
2025-09-19 10:22:25,749 - DEBUG - Fetching RSS feed: https://gengo.com/rss/available_jobs/6d9668ab271c486e52eb4d37b876cabd5a1cf2da958b7004205163 with headers: {}
2025-09-19 10:22:26,252 - DEBUG - RSS feed fetched successfully. Entries: 0
2025-09-19 10:22:26,252 - DEBUG - Processing 0 RSS entries.
2025-09-19 10:22:26,252 - DEBUG - Waiting for next RSS check: 31.00s (paused=False)
2025-09-19 10:22:57,252 - DEBUG - RSS check triggered.
2025-09-19 10:22:57,252 - DEBUG - Fetching RSS feed: https://gengo.com/rss/available_jobs/6d9668ab271c486e52eb4d37b876cabd5a1cf2da958b7004205163 with headers: {}
2025-09-19 10:22:57,750 - DEBUG - RSS feed fetched successfully. Entries: 0
2025-09-19 10:22:57,750 - DEBUG - Processing 0 RSS entries.
2025-09-19 10:22:57,750 - DEBUG - Waiting for next RSS check: 31.00s (paused=False)
2025-09-19 10:23:28,750 - DEBUG - RSS check triggered.
2025-09-19 10:23:28,750 - DEBUG - Fetching RSS feed: https://gengo.com/rss/available_jobs/6d9668ab271c486e52eb4d37b876cabd5a1cf2da958b7004205163 with headers: {}
2025-09-19 10:23:29,210 - DEBUG - RSS feed fetched successfully. Entries: 0
2025-09-19 10:23:29,210 - DEBUG - Processing 0 RSS entries.
2025-09-19 10:23:29,210 - DEBUG - Waiting for next RSS check: 31.00s (paused=False)
2025-09-19 10:24:00,210 - DEBUG - RSS check triggered.
2025-09-19 10:24:00,210 - DEBUG - Fetching RSS feed: https://gengo.com/rss/available_jobs/6d9668ab271c486e52eb4d37b876cabd5a1cf2da958b7004205163 with headers: {}
2025-09-19 10:24:00,859 - DEBUG - RSS feed fetched successfully. Entries: 0
2025-09-19 10:24:00,859 - DEBUG - Processing 0 RSS entries.
2025-09-19 10:24:00,859 - DEBUG - Waiting for next RSS check: 31.00s (paused=False)
2025-09-19 10:24:31,859 - DEBUG - RSS check triggered.
2025-09-19 10:24:31,859 - DEBUG - Fetching RSS feed: https://gengo.com/rss/available_jobs/6d9668ab271c486e52eb4d37b876cabd5a1cf2da958b7004205163 with headers: {}
2025-09-19 10:24:32,509 - DEBUG - RSS feed fetched successfully. Entries: 0
2025-09-19 10:24:32,509 - DEBUG - Processing 0 RSS entries.
2025-09-19 10:24:32,509 - DEBUG - Waiting for next RSS check: 31.00s (paused=False)
2025-09-19 10:25:03,509 - DEBUG - RSS check triggered.
2025-09-19 10:25:03,509 - DEBUG - Fetching RSS feed: https://gengo.com/rss/available_jobs/6d9668ab271c486e52eb4d37b876cabd5a1cf2da958b7004205163 with headers: {}
2025-09-19 10:25:04,016 - DEBUG - RSS feed fetched successfully. Entries: 0
2025-09-19 10:25:04,016 - DEBUG - Processing 0 RSS entries.
2025-09-19 10:25:04,016 - DEBUG - Waiting for next RSS check: 31.00s (paused=False)
2025-09-19 10:25:35,016 - DEBUG - RSS check triggered.
2025-09-19 10:25:35,017 - DEBUG - Fetching RSS feed: https://gengo.com/rss/available_jobs/6d9668ab271c486e52eb4d37b876cabd5a1cf2da958b7004205163 with headers: {}
2025-09-19 10:25:35,494 - DEBUG - RSS feed fetched successfully. Entries: 0
2025-09-19 10:25:35,494 - DEBUG - Processing 0 RSS entries.
2025-09-19 10:25:35,494 - DEBUG - Waiting for next RSS check: 31.00s (paused=False)
2025-09-19 10:26:06,494 - DEBUG - RSS check triggered.
2025-09-19 10:26:06,494 - DEBUG - Fetching RSS feed: https://gengo.com/rss/available_jobs/6d9668ab271c486e52eb4d37b876cabd5a1cf2da958b7004205163 with headers: {}
2025-09-19 10:26:07,184 - DEBUG - RSS feed fetched successfully. Entries: 0
2025-09-19 10:26:07,184 - DEBUG - Processing 0 RSS entries.
2025-09-19 10:26:07,184 - DEBUG - Waiting for next RSS check: 31.00s (paused=False)
2025-09-19 10:26:38,184 - DEBUG - RSS check triggered.
2025-09-19 10:26:38,184 - DEBUG - Fetching RSS feed: https://gengo.com/rss/available_jobs/6d9668ab271c486e52eb4d37b876cabd5a1cf2da958b7004205163 with headers: {}
2025-09-19 10:26:38,633 - DEBUG - RSS feed fetched successfully. Entries: 0
2025-09-19 10:26:38,633 - DEBUG - Processing 0 RSS entries.
2025-09-19 10:26:38,633 - DEBUG - Waiting for next RSS check: 31.00s (paused=False)
2025-09-19 10:27:09,633 - DEBUG - RSS check triggered.
2025-09-19 10:27:09,633 - DEBUG - Fetching RSS feed: https://gengo.com/rss/available_jobs/6d9668ab271c486e52eb4d37b876cabd5a1cf2da958b7004205163 with headers: {}
2025-09-19 10:27:10,145 - DEBUG - RSS feed fetched successfully. Entries: 0
2025-09-19 10:27:10,145 - DEBUG - Processing 0 RSS entries.
2025-09-19 10:27:10,145 - DEBUG - Waiting for next RSS check: 31.00s (paused=False)
2025-09-19 10:27:41,145 - DEBUG - RSS check triggered.
2025-09-19 10:27:41,145 - DEBUG - Fetching RSS feed: https://gengo.com/rss/available_jobs/6d9668ab271c486e52eb4d37b876cabd5a1cf2da958b7004205163 with headers: {}
2025-09-19 10:27:41,666 - DEBUG - RSS feed fetched successfully. Entries: 0
2025-09-19 10:27:41,666 - DEBUG - Processing 0 RSS entries.
2025-09-19 10:27:41,666 - DEBUG - Waiting for next RSS check: 31.00s (paused=False)
2025-09-19 10:28:12,666 - DEBUG - RSS check triggered.
2025-09-19 10:28:12,667 - DEBUG - Fetching RSS feed: https://gengo.com/rss/available_jobs/6d9668ab271c486e52eb4d37b876cabd5a1cf2da958b7004205163 with headers: {}
2025-09-19 10:28:13,169 - DEBUG - RSS feed fetched successfully. Entries: 0
2025-09-19 10:28:13,169 - DEBUG - Processing 0 RSS entries.
2025-09-19 10:28:13,169 - DEBUG - Waiting for next RSS check: 31.00s (paused=False)
2025-09-19 10:28:44,169 - DEBUG - RSS check triggered.
2025-09-19 10:28:44,169 - DEBUG - Fetching RSS feed: https://gengo.com/rss/available_jobs/6d9668ab271c486e52eb4d37b876cabd5a1cf2da958b7004205163 with headers: {}
2025-09-19 10:28:44,632 - DEBUG - RSS feed fetched successfully. Entries: 0
2025-09-19 10:28:44,632 - DEBUG - Processing 0 RSS entries.
2025-09-19 10:28:44,632 - DEBUG - Waiting for next RSS check: 31.00s (paused=False)
2025-09-19 10:29:15,632 - DEBUG - RSS check triggered.
2025-09-19 10:29:15,632 - DEBUG - Fetching RSS feed: https://gengo.com/rss/available_jobs/6d9668ab271c486e52eb4d37b876cabd5a1cf2da958b7004205163 with headers: {}
2025-09-19 10:29:16,147 - DEBUG - RSS feed fetched successfully. Entries: 0
2025-09-19 10:29:16,147 - DEBUG - Processing 0 RSS entries.
2025-09-19 10:29:16,147 - DEBUG - Waiting for next RSS check: 31.00s (paused=False)
2025-09-19 10:29:47,147 - DEBUG - RSS check triggered.
2025-09-19 10:29:47,147 - DEBUG - Fetching RSS feed: https://gengo.com/rss/available_jobs/6d9668ab271c486e52eb4d37b876cabd5a1cf2da958b7004205163 with headers: {}
2025-09-19 10:29:47,632 - DEBUG - RSS feed fetched successfully. Entries: 0
2025-09-19 10:29:47,632 - DEBUG - Processing 0 RSS entries.
2025-09-19 10:29:47,633 - DEBUG - Waiting for next RSS check: 31.00s (paused=False)
2025-09-19 10:30:18,633 - DEBUG - RSS check triggered.
2025-09-19 10:30:18,633 - DEBUG - Fetching RSS feed: https://gengo.com/rss/available_jobs/6d9668ab271c486e52eb4d37b876cabd5a1cf2da958b7004205163 with headers: {}
2025-09-19 10:30:19,159 - DEBUG - RSS feed fetched successfully. Entries: 0
2025-09-19 10:30:19,159 - DEBUG - Processing 0 RSS entries.
2025-09-19 10:30:19,159 - DEBUG - Waiting for next RSS check: 31.00s (paused=False)
2025-09-19 10:30:50,159 - DEBUG - RSS check triggered.
2025-09-19 10:30:50,159 - DEBUG - Fetching RSS feed: https://gengo.com/rss/available_jobs/6d9668ab271c486e52eb4d37b876cabd5a1cf2da958b7004205163 with headers: {}
2025-09-19 10:30:50,627 - DEBUG - RSS feed fetched successfully. Entries: 0
2025-09-19 10:30:50,627 - DEBUG - Processing 0 RSS entries.
2025-09-19 10:30:50,627 - DEBUG - Waiting for next RSS check: 31.00s (paused=False)
2025-09-19 10:31:21,627 - DEBUG - RSS check triggered.
2025-09-19 10:31:21,627 - DEBUG - Fetching RSS feed: https://gengo.com/rss/available_jobs/6d9668ab271c486e52eb4d37b876cabd5a1cf2da958b7004205163 with headers: {}
2025-09-19 10:31:22,126 - DEBUG - RSS feed fetched successfully. Entries: 0
2025-09-19 10:31:22,126 - DEBUG - Processing 0 RSS entries.
2025-09-19 10:31:22,126 - DEBUG - Waiting for next RSS check: 31.00s (paused=False)
2025-09-19 10:31:53,126 - DEBUG - RSS check triggered.
2025-09-19 10:31:53,126 - DEBUG - Fetching RSS feed: https://gengo.com/rss/available_jobs/6d9668ab271c486e52eb4d37b876cabd5a1cf2da958b7004205163 with headers: {}
2025-09-19 10:31:53,617 - DEBUG - RSS feed fetched successfully. Entries: 0
2025-09-19 10:31:53,617 - DEBUG - Processing 0 RSS entries.
2025-09-19 10:31:53,617 - DEBUG - Waiting for next RSS check: 31.00s (paused=False)
2025-09-19 10:32:20,224 - DEBUG - WebSocket: Message received: {"type": "available_collection", "collection": {"id": 33883905, "lc_src": "ja", "lc_tgt": "en", "tier": "pro", "is_preferred": false, "currency": "JPY", "is_ezra": false, "type": "text", "content": "Gumpu Nakamura\u3078\u306e\u30a4\u30f3\u30bf\u30d3\u30e5\u30fc\n\u30a4\u30f3\u30bf\u30d3\u30e5\u30a2\u30fc\uff08\u4ee5\u4e0b\u3001 IW\uff09\u82b8\u8853", "rewards": 102.29, "unit_count": 2131, "has_tm": false, "filetype_src": 0}}
2025-09-19 10:32:20,224 - DEBUG - WebSocket: Message JSON: {'type': 'available_collection', 'collection': {'id': 33883905, 'lc_src': 'ja', 'lc_tgt': 'en', 'tier': 'pro', 'is_preferred': False, 'currency': 'JPY', 'is_ezra': False, 'type': 'text', 'content': 'Gumpu Nakamuraへのインタビュー\nインタビュアー（以下、 IW）芸術', 'rewards': 102.29, 'unit_count': 2131, 'has_tm': False, 'filetype_src': 0}}
2025-09-19 10:32:20,224 - DEBUG - WebSocket: Job data: {'id': 33883905, 'lc_src': 'ja', 'lc_tgt': 'en', 'tier': 'pro', 'is_preferred': False, 'currency': 'JPY', 'is_ezra': False, 'type': 'text', 'content': 'Gumpu Nakamuraへのインタビュー\nインタビュアー（以下、 IW）芸術', 'rewards': 102.29, 'unit_count': 2131, 'has_tm': False, 'filetype_src': 0}
2025-09-19 10:32:20,224 - DEBUG - Processing new job: 33883905, ja > en, 102.29, https://gengo.com/t/jobs/details/33883905, WebSocket
2025-09-19 10:32:20,224 - INFO - [success]New job via WebSocket: ja > en (US$ 102.29)[/success]
2025-09-19 10:32:20,224 - DEBUG - Showing notification: New Gengo Job Available! - ja > en
2025-09-19 10:32:20,227 - DEBUG - Attempting to play sound with paplay: /home/thomas/GengoWatcher/assets/alert.wav
2025-09-19 10:32:20,228 - DEBUG - Opening URL in browser: https://gengo.com/t/jobs/details/33883905
2025-09-19 10:32:20,228 - DEBUG - Added job 33883905 to storage
2025-09-19 10:32:20,228 - INFO - Job 33883905 meets auto-accept criteria, queuing for acceptance
2025-09-19 10:32:20,229 - INFO - Attempting to auto-accept job 33883905
2025-09-19 10:32:20,229 - DEBUG - Waiting 29.83s before accepting job 33883905
2025-09-19 10:32:21,043 - ERROR - Failed to initialize Chrome WebDriver: Message: unknown error: cannot find Chrome binary
Stacktrace:
#0 0x55fb3683d4e3 <unknown>
#1 0x55fb3656cc76 <unknown>
#2 0x55fb36593757 <unknown>
#3 0x55fb36592029 <unknown>
#4 0x55fb365d0ccc <unknown>
#5 0x55fb365d047f <unknown>
#6 0x55fb365c7de3 <unknown>
#7 0x55fb3659d2dd <unknown>
#8 0x55fb3659e34e <unknown>
#9 0x55fb367fd3e4 <unknown>
#10 0x55fb368013d7 <unknown>
#11 0x55fb3680bb20 <unknown>
#12 0x55fb36802023 <unknown>
#13 0x55fb367d01aa <unknown>
#14 0x55fb368266b8 <unknown>
#15 0x55fb36826847 <unknown>
#16 0x55fb36836243 <unknown>
#17 0x7fb79ccaa4f8 <unknown>

2025-09-19 10:32:21,043 - DEBUG - Accept watcher error: Message: unknown error: cannot find Chrome binary
Stacktrace:
#0 0x55fb3683d4e3 <unknown>
#1 0x55fb3656cc76 <unknown>
#2 0x55fb36593757 <unknown>
#3 0x55fb36592029 <unknown>
#4 0x55fb365d0ccc <unknown>
#5 0x55fb365d047f <unknown>
#6 0x55fb365c7de3 <unknown>
#7 0x55fb3659d2dd <unknown>
#8 0x55fb3659e34e <unknown>
#9 0x55fb367fd3e4 <unknown>
#10 0x55fb368013d7 <unknown>
#11 0x55fb3680bb20 <unknown>
#12 0x55fb36802023 <unknown>
#13 0x55fb367d01aa <unknown>
#14 0x55fb368266b8 <unknown>
#15 0x55fb36826847 <unknown>
#16 0x55fb36836243 <unknown>
#17 0x7fb79ccaa4f8 <unknown>

2025-09-19 10:32:24,617 - DEBUG - RSS check triggered.
2025-09-19 10:32:24,617 - DEBUG - Fetching RSS feed: https://gengo.com/rss/available_jobs/6d9668ab271c486e52eb4d37b876cabd5a1cf2da958b7004205163 with headers: {}
2025-09-19 10:32:25,137 - DEBUG - RSS feed fetched successfully. Entries: 1
2025-09-19 10:32:25,137 - DEBUG - Processing 1 RSS entries.
2025-09-19 10:32:25,137 - DEBUG - Logging 1 entries to CSV.
2025-09-19 10:32:25,137 - DEBUG - Extracting reward from entry: (Pro) | Gumpu Nakamuraへのインタビュー
インタビュアー（以下、 IW）芸術 | 2131 chars | Reward: US$102.29 | Japanese/English | Gumpu Nakamuraへのインタビュー
インタビュアー（以下、 IW）芸術
2025-09-19 10:32:25,137 - DEBUG - Found 1 new RSS entries.
2025-09-19 10:32:25,137 - DEBUG - Processing new RSS entry: (Pro) | Gumpu Nakamuraへのインタビュー
インタビュアー（以下、 IW）芸術 | 2131 chars | Reward: US$102.29 | Japanese/English https://gengo.com/t/jobs/details/33883905?referral=rss
2025-09-19 10:32:25,137 - DEBUG - Extracting reward from entry: (Pro) | Gumpu Nakamuraへのインタビュー
インタビュアー（以下、 IW）芸術 | 2131 chars | Reward: US$102.29 | Japanese/English | Gumpu Nakamuraへのインタビュー
インタビュアー（以下、 IW）芸術
2025-09-19 10:32:25,137 - DEBUG - Processing new job: 33883905, (Pro) | Gumpu Nakamuraへのインタビュー
インタビュアー（以下、 IW）芸術 | 2131 chars | Reward: US$102.29 | Japanese/English, 102.29, https://gengo.com/t/jobs/details/33883905?referral=rss, RSS
2025-09-19 10:32:25,137 - DEBUG - Waiting for next RSS check: 31.00s (paused=False)
2025-09-19 10:32:25,605 - DEBUG - WebSocket: Message received: {"type": "unavailable_collection", "collection": {"id": 33883905, "lc_src": "ja", "lc_tgt": "en", "tier": "pro", "is_preferred": false, "currency": "JPY", "is_ezra": false, "type": "text", "content": "Gumpu Nakamura\u3078\u306e\u30a4\u30f3\u30bf\u30d3\u30e5\u30fc\n\u30a4\u30f3\u30bf\u30d3\u30e5\u30a2\u30fc\uff08\u4ee5\u4e0b\u3001 IW\uff09\u82b8\u8853", "rewards": 102.29, "unit_count": 2131, "has_tm": false, "filetype_src": 0}}
2025-09-19 10:32:25,605 - DEBUG - WebSocket: Message JSON: {'type': 'unavailable_collection', 'collection': {'id': 33883905, 'lc_src': 'ja', 'lc_tgt': 'en', 'tier': 'pro', 'is_preferred': False, 'currency': 'JPY', 'is_ezra': False, 'type': 'text', 'content': 'Gumpu Nakamuraへのインタビュー\nインタビュアー（以下、 IW）芸術', 'rewards': 102.29, 'unit_count': 2131, 'has_tm': False, 'filetype_src': 0}}
2025-09-19 10:32:50,090 - DEBUG - Acceptance task raised
Traceback (most recent call last):
  File "/home/thomas/GengoWatcher/src/gengowatcher/job_acceptance.py", line 578, in _wait_for_winner
    result = task.result()
  File "/home/thomas/GengoWatcher/src/gengowatcher/job_acceptance.py", line 351, in _attempt_http_accept
    async with self.session.get(details_url, headers=headers, timeout=30) as response:
               ~~~~~~~~~~~~~~~~^^^^^^^^^^^^^^^^^^^^^^^^^^^^^^^^^^^^^^^^^^
  File "/home/thomas/GengoWatcher/src/.venv/lib/python3.13/site-packages/aiohttp/client.py", line 1488, in __aenter__
    self._resp: _RetType = await self._coro
                           ^^^^^^^^^^^^^^^^
  File "/home/thomas/GengoWatcher/src/.venv/lib/python3.13/site-packages/aiohttp/client.py", line 594, in _request
    handle = tm.start()
  File "/home/thomas/GengoWatcher/src/.venv/lib/python3.13/site-packages/aiohttp/helpers.py", line 587, in start
    return self._loop.call_at(when, self.__call__)
           ~~~~~~~~~~~~~~~~~~^^^^^^^^^^^^^^^^^^^^^
  File "/usr/lib/python3.13/asyncio/base_events.py", line 812, in call_at
    self._check_closed()
    ~~~~~~~~~~~~~~~~~~^^
  File "/usr/lib/python3.13/asyncio/base_events.py", line 556, in _check_closed
    raise RuntimeError('Event loop is closed')
RuntimeError: Event loop is closed
2025-09-19 10:32:50,881 - ERROR - Failed to initialize Chrome WebDriver: Message: unknown error: cannot find Chrome binary
Stacktrace:
#0 0x55704f1364e3 <unknown>
#1 0x55704ee65c76 <unknown>
#2 0x55704ee8c757 <unknown>
#3 0x55704ee8b029 <unknown>
#4 0x55704eec9ccc <unknown>
#5 0x55704eec947f <unknown>
#6 0x55704eec0de3 <unknown>
#7 0x55704ee962dd <unknown>
#8 0x55704ee9734e <unknown>
#9 0x55704f0f63e4 <unknown>
#10 0x55704f0fa3d7 <unknown>
#11 0x55704f104b20 <unknown>
#12 0x55704f0fb023 <unknown>
#13 0x55704f0c91aa <unknown>
#14 0x55704f11f6b8 <unknown>
#15 0x55704f11f847 <unknown>
#16 0x55704f12f243 <unknown>
#17 0x7fc7d42aa4f8 <unknown>

2025-09-19 10:32:50,881 - WARNING - Failed to accept job 33883905 via selenium (attempt 1/4). Reason: init_error:Message: unknown error: cannot find Chrome binary
Stacktrace:
#0 0x55704f1364e3 <unknown>
#1 0x55704ee65c76 <unknown>
#2 0x55704ee8c757 <unknown>
#3 0x55704ee8b029 <unknown>
#4 0x55704eec9ccc <unknown>
#5 0x55704eec947f <unknown>
#6 0x55704eec0de3 <unknown>
#7 0x55704ee962dd <unknown>
#8 0x55704ee9734e <unknown>
#9 0x55704f0f63e4 <unknown>
#10 0x55704f0fa3d7 <unknown>
#11 0x55704f104b20 <unknown>
#12 0x55704f0fb023 <unknown>
#13 0x55704f0c91aa <unknown>
#14 0x55704f11f6b8 <unknown>
#15 0x55704f11f847 <unknown>
#16 0x55704f12f243 <unknown>
#17 0x7fc7d42aa4f8 <unknown>

2025-09-19 10:32:50,882 - INFO - Retrying job 33883905 in 2.71s (attempt 2/4)
2025-09-19 10:32:53,595 - DEBUG - Acceptance task raised
Traceback (most recent call last):
  File "/home/thomas/GengoWatcher/src/gengowatcher/job_acceptance.py", line 578, in _wait_for_winner
    result = task.result()
  File "/home/thomas/GengoWatcher/src/gengowatcher/job_acceptance.py", line 351, in _attempt_http_accept
    async with self.session.get(details_url, headers=headers, timeout=30) as response:
               ~~~~~~~~~~~~~~~~^^^^^^^^^^^^^^^^^^^^^^^^^^^^^^^^^^^^^^^^^^
  File "/home/thomas/GengoWatcher/src/.venv/lib/python3.13/site-packages/aiohttp/client.py", line 1488, in __aenter__
    self._resp: _RetType = await self._coro
                           ^^^^^^^^^^^^^^^^
  File "/home/thomas/GengoWatcher/src/.venv/lib/python3.13/site-packages/aiohttp/client.py", line 594, in _request
    handle = tm.start()
  File "/home/thomas/GengoWatcher/src/.venv/lib/python3.13/site-packages/aiohttp/helpers.py", line 587, in start
    return self._loop.call_at(when, self.__call__)
           ~~~~~~~~~~~~~~~~~~^^^^^^^^^^^^^^^^^^^^^
  File "/usr/lib/python3.13/asyncio/base_events.py", line 812, in call_at
    self._check_closed()
    ~~~~~~~~~~~~~~~~~~^^
  File "/usr/lib/python3.13/asyncio/base_events.py", line 556, in _check_closed
    raise RuntimeError('Event loop is closed')
RuntimeError: Event loop is closed
2025-09-19 10:32:54,398 - ERROR - Failed to initialize Chrome WebDriver: Message: unknown error: cannot find Chrome binary
Stacktrace:
#0 0x556eb80574e3 <unknown>
#1 0x556eb7d86c76 <unknown>
#2 0x556eb7dad757 <unknown>
#3 0x556eb7dac029 <unknown>
#4 0x556eb7deaccc <unknown>
#5 0x556eb7dea47f <unknown>
#6 0x556eb7de1de3 <unknown>
#7 0x556eb7db72dd <unknown>
#8 0x556eb7db834e <unknown>
#9 0x556eb80173e4 <unknown>
#10 0x556eb801b3d7 <unknown>
#11 0x556eb8025b20 <unknown>
#12 0x556eb801c023 <unknown>
#13 0x556eb7fea1aa <unknown>
#14 0x556eb80406b8 <unknown>
#15 0x556eb8040847 <unknown>
#16 0x556eb8050243 <unknown>
#17 0x7f5f01caa4f8 <unknown>

2025-09-19 10:32:54,398 - WARNING - Failed to accept job 33883905 via selenium (attempt 2/4). Reason: init_error:Message: unknown error: cannot find Chrome binary
Stacktrace:
#0 0x556eb80574e3 <unknown>
#1 0x556eb7d86c76 <unknown>
#2 0x556eb7dad757 <unknown>
#3 0x556eb7dac029 <unknown>
#4 0x556eb7deaccc <unknown>
#5 0x556eb7dea47f <unknown>
#6 0x556eb7de1de3 <unknown>
#7 0x556eb7db72dd <unknown>
#8 0x556eb7db834e <unknown>
#9 0x556eb80173e4 <unknown>
#10 0x556eb801b3d7 <unknown>
#11 0x556eb8025b20 <unknown>
#12 0x556eb801c023 <unknown>
#13 0x556eb7fea1aa <unknown>
#14 0x556eb80406b8 <unknown>
#15 0x556eb8040847 <unknown>
#16 0x556eb8050243 <unknown>
#17 0x7f5f01caa4f8 <unknown>

2025-09-19 10:32:54,398 - INFO - Retrying job 33883905 in 4.60s (attempt 3/4)
2025-09-19 10:32:56,137 - DEBUG - RSS check triggered.
2025-09-19 10:32:56,137 - DEBUG - Fetching RSS feed: https://gengo.com/rss/available_jobs/6d9668ab271c486e52eb4d37b876cabd5a1cf2da958b7004205163 with headers: {}
2025-09-19 10:32:56,814 - DEBUG - RSS feed fetched successfully. Entries: 0
2025-09-19 10:32:56,814 - DEBUG - Processing 0 RSS entries.
2025-09-19 10:32:56,814 - DEBUG - Waiting for next RSS check: 31.00s (paused=False)
2025-09-19 10:32:59,004 - DEBUG - Acceptance task raised
Traceback (most recent call last):
  File "/home/thomas/GengoWatcher/src/gengowatcher/job_acceptance.py", line 578, in _wait_for_winner
    result = task.result()
  File "/home/thomas/GengoWatcher/src/gengowatcher/job_acceptance.py", line 351, in _attempt_http_accept
    async with self.session.get(details_url, headers=headers, timeout=30) as response:
               ~~~~~~~~~~~~~~~~^^^^^^^^^^^^^^^^^^^^^^^^^^^^^^^^^^^^^^^^^^
  File "/home/thomas/GengoWatcher/src/.venv/lib/python3.13/site-packages/aiohttp/client.py", line 1488, in __aenter__
    self._resp: _RetType = await self._coro
                           ^^^^^^^^^^^^^^^^
  File "/home/thomas/GengoWatcher/src/.venv/lib/python3.13/site-packages/aiohttp/client.py", line 594, in _request
    handle = tm.start()
  File "/home/thomas/GengoWatcher/src/.venv/lib/python3.13/site-packages/aiohttp/helpers.py", line 587, in start
    return self._loop.call_at(when, self.__call__)
           ~~~~~~~~~~~~~~~~~~^^^^^^^^^^^^^^^^^^^^^
  File "/usr/lib/python3.13/asyncio/base_events.py", line 812, in call_at
    self._check_closed()
    ~~~~~~~~~~~~~~~~~~^^
  File "/usr/lib/python3.13/asyncio/base_events.py", line 556, in _check_closed
    raise RuntimeError('Event loop is closed')
RuntimeError: Event loop is closed
2025-09-19 10:32:59,786 - ERROR - Failed to initialize Chrome WebDriver: Message: unknown error: cannot find Chrome binary
Stacktrace:
#0 0x56543f0fd4e3 <unknown>
#1 0x56543ee2cc76 <unknown>
#2 0x56543ee53757 <unknown>
#3 0x56543ee52029 <unknown>
#4 0x56543ee90ccc <unknown>
#5 0x56543ee9047f <unknown>
#6 0x56543ee87de3 <unknown>
#7 0x56543ee5d2dd <unknown>
#8 0x56543ee5e34e <unknown>
#9 0x56543f0bd3e4 <unknown>
#10 0x56543f0c13d7 <unknown>
#11 0x56543f0cbb20 <unknown>
#12 0x56543f0c2023 <unknown>
#13 0x56543f0901aa <unknown>
#14 0x56543f0e66b8 <unknown>
#15 0x56543f0e6847 <unknown>
#16 0x56543f0f6243 <unknown>
#17 0x7f7db7eaa4f8 <unknown>

2025-09-19 10:32:59,787 - WARNING - Failed to accept job 33883905 via selenium (attempt 3/4). Reason: init_error:Message: unknown error: cannot find Chrome binary
Stacktrace:
#0 0x56543f0fd4e3 <unknown>
#1 0x56543ee2cc76 <unknown>
#2 0x56543ee53757 <unknown>
#3 0x56543ee52029 <unknown>
#4 0x56543ee90ccc <unknown>
#5 0x56543ee9047f <unknown>
#6 0x56543ee87de3 <unknown>
#7 0x56543ee5d2dd <unknown>
#8 0x56543ee5e34e <unknown>
#9 0x56543f0bd3e4 <unknown>
#10 0x56543f0c13d7 <unknown>
#11 0x56543f0cbb20 <unknown>
#12 0x56543f0c2023 <unknown>
#13 0x56543f0901aa <unknown>
#14 0x56543f0e66b8 <unknown>
#15 0x56543f0e6847 <unknown>
#16 0x56543f0f6243 <unknown>
#17 0x7f7db7eaa4f8 <unknown>

2025-09-19 10:32:59,787 - INFO - Retrying job 33883905 in 8.87s (attempt 4/4)
2025-09-19 10:33:08,662 - DEBUG - Acceptance task raised
Traceback (most recent call last):
  File "/home/thomas/GengoWatcher/src/gengowatcher/job_acceptance.py", line 578, in _wait_for_winner
    result = task.result()
  File "/home/thomas/GengoWatcher/src/gengowatcher/job_acceptance.py", line 351, in _attempt_http_accept
    async with self.session.get(details_url, headers=headers, timeout=30) as response:
               ~~~~~~~~~~~~~~~~^^^^^^^^^^^^^^^^^^^^^^^^^^^^^^^^^^^^^^^^^^
  File "/home/thomas/GengoWatcher/src/.venv/lib/python3.13/site-packages/aiohttp/client.py", line 1488, in __aenter__
    self._resp: _RetType = await self._coro
                           ^^^^^^^^^^^^^^^^
  File "/home/thomas/GengoWatcher/src/.venv/lib/python3.13/site-packages/aiohttp/client.py", line 594, in _request
    handle = tm.start()
  File "/home/thomas/GengoWatcher/src/.venv/lib/python3.13/site-packages/aiohttp/helpers.py", line 587, in start
    return self._loop.call_at(when, self.__call__)
           ~~~~~~~~~~~~~~~~~~^^^^^^^^^^^^^^^^^^^^^
  File "/usr/lib/python3.13/asyncio/base_events.py", line 812, in call_at
    self._check_closed()
    ~~~~~~~~~~~~~~~~~~^^
  File "/usr/lib/python3.13/asyncio/base_events.py", line 556, in _check_closed
    raise RuntimeError('Event loop is closed')
RuntimeError: Event loop is closed
2025-09-19 10:33:09,421 - ERROR - Failed to initialize Chrome WebDriver: Message: unknown error: cannot find Chrome binary
Stacktrace:
#0 0x5638b692e4e3 <unknown>
#1 0x5638b665dc76 <unknown>
#2 0x5638b6684757 <unknown>
#3 0x5638b6683029 <unknown>
#4 0x5638b66c1ccc <unknown>
#5 0x5638b66c147f <unknown>
#6 0x5638b66b8de3 <unknown>
#7 0x5638b668e2dd <unknown>
#8 0x5638b668f34e <unknown>
#9 0x5638b68ee3e4 <unknown>
#10 0x5638b68f23d7 <unknown>
#11 0x5638b68fcb20 <unknown>
#12 0x5638b68f3023 <unknown>
#13 0x5638b68c11aa <unknown>
#14 0x5638b69176b8 <unknown>
#15 0x5638b6917847 <unknown>
#16 0x5638b6927243 <unknown>
#17 0x7fb7e5eaa4f8 <unknown>

2025-09-19 10:33:09,421 - WARNING - Failed to accept job 33883905 via selenium (attempt 4/4). Reason: init_error:Message: unknown error: cannot find Chrome binary
Stacktrace:
#0 0x5638b692e4e3 <unknown>
#1 0x5638b665dc76 <unknown>
#2 0x5638b6684757 <unknown>
#3 0x5638b6683029 <unknown>
#4 0x5638b66c1ccc <unknown>
#5 0x5638b66c147f <unknown>
#6 0x5638b66b8de3 <unknown>
#7 0x5638b668e2dd <unknown>
#8 0x5638b668f34e <unknown>
#9 0x5638b68ee3e4 <unknown>
#10 0x5638b68f23d7 <unknown>
#11 0x5638b68fcb20 <unknown>
#12 0x5638b68f3023 <unknown>
#13 0x5638b68c11aa <unknown>
#14 0x5638b69176b8 <unknown>
#15 0x5638b6917847 <unknown>
#16 0x5638b6927243 <unknown>
#17 0x7fb7e5eaa4f8 <unknown>

2025-09-19 10:33:09,421 - ERROR - Failed to accept job 33883905 after 4 attempts (last reason: init_error:Message: unknown error: cannot find Chrome binary
Stacktrace:
#0 0x5638b692e4e3 <unknown>
#1 0x5638b665dc76 <unknown>
#2 0x5638b6684757 <unknown>
#3 0x5638b6683029 <unknown>
#4 0x5638b66c1ccc <unknown>
#5 0x5638b66c147f <unknown>
#6 0x5638b66b8de3 <unknown>
#7 0x5638b668e2dd <unknown>
#8 0x5638b668f34e <unknown>
#9 0x5638b68ee3e4 <unknown>
#10 0x5638b68f23d7 <unknown>
#11 0x5638b68fcb20 <unknown>
#12 0x5638b68f3023 <unknown>
#13 0x5638b68c11aa <unknown>
#14 0x5638b69176b8 <unknown>
#15 0x5638b6917847 <unknown>
#16 0x5638b6927243 <unknown>
#17 0x7fb7e5eaa4f8 <unknown>
)
2025-09-19 10:33:27,814 - DEBUG - RSS check triggered.
2025-09-19 10:33:27,814 - DEBUG - Fetching RSS feed: https://gengo.com/rss/available_jobs/6d9668ab271c486e52eb4d37b876cabd5a1cf2da958b7004205163 with headers: {}
2025-09-19 10:33:28,297 - DEBUG - RSS feed fetched successfully. Entries: 0
2025-09-19 10:33:28,297 - DEBUG - Processing 0 RSS entries.
2025-09-19 10:33:28,297 - DEBUG - Waiting for next RSS check: 31.00s (paused=False)
2025-09-19 10:33:59,297 - DEBUG - RSS check triggered.
2025-09-19 10:33:59,297 - DEBUG - Fetching RSS feed: https://gengo.com/rss/available_jobs/6d9668ab271c486e52eb4d37b876cabd5a1cf2da958b7004205163 with headers: {}
2025-09-19 10:33:59,813 - DEBUG - RSS feed fetched successfully. Entries: 0
2025-09-19 10:33:59,813 - DEBUG - Processing 0 RSS entries.
2025-09-19 10:33:59,813 - DEBUG - Waiting for next RSS check: 31.00s (paused=False)
2025-09-19 10:34:30,817 - DEBUG - RSS check triggered.
2025-09-19 10:34:30,817 - DEBUG - Fetching RSS feed: https://gengo.com/rss/available_jobs/6d9668ab271c486e52eb4d37b876cabd5a1cf2da958b7004205163 with headers: {}
2025-09-19 10:34:31,420 - DEBUG - RSS feed fetched successfully. Entries: 0
2025-09-19 10:34:31,420 - DEBUG - Processing 0 RSS entries.
2025-09-19 10:34:31,421 - DEBUG - Waiting for next RSS check: 31.00s (paused=False)
2025-09-19 10:35:02,421 - DEBUG - RSS check triggered.
2025-09-19 10:35:02,421 - DEBUG - Fetching RSS feed: https://gengo.com/rss/available_jobs/6d9668ab271c486e52eb4d37b876cabd5a1cf2da958b7004205163 with headers: {}
2025-09-19 10:35:03,375 - DEBUG - RSS feed fetched successfully. Entries: 0
2025-09-19 10:35:03,376 - DEBUG - Processing 0 RSS entries.
2025-09-19 10:35:03,376 - DEBUG - Waiting for next RSS check: 31.00s (paused=False)
2025-09-19 10:35:34,376 - DEBUG - RSS check triggered.
2025-09-19 10:35:34,376 - DEBUG - Fetching RSS feed: https://gengo.com/rss/available_jobs/6d9668ab271c486e52eb4d37b876cabd5a1cf2da958b7004205163 with headers: {}
2025-09-19 10:35:34,861 - DEBUG - RSS feed fetched successfully. Entries: 0
2025-09-19 10:35:34,861 - DEBUG - Processing 0 RSS entries.
2025-09-19 10:35:34,861 - DEBUG - Waiting for next RSS check: 31.00s (paused=False)
2025-09-19 10:36:05,861 - DEBUG - RSS check triggered.
2025-09-19 10:36:05,862 - DEBUG - Fetching RSS feed: https://gengo.com/rss/available_jobs/6d9668ab271c486e52eb4d37b876cabd5a1cf2da958b7004205163 with headers: {}
2025-09-19 10:36:06,441 - DEBUG - RSS feed fetched successfully. Entries: 0
2025-09-19 10:36:06,441 - DEBUG - Processing 0 RSS entries.
2025-09-19 10:36:06,441 - DEBUG - Waiting for next RSS check: 31.00s (paused=False)
2025-09-19 10:36:37,441 - DEBUG - RSS check triggered.
2025-09-19 10:36:37,442 - DEBUG - Fetching RSS feed: https://gengo.com/rss/available_jobs/6d9668ab271c486e52eb4d37b876cabd5a1cf2da958b7004205163 with headers: {}
2025-09-19 10:36:37,932 - DEBUG - RSS feed fetched successfully. Entries: 0
2025-09-19 10:36:37,932 - DEBUG - Processing 0 RSS entries.
2025-09-19 10:36:37,932 - DEBUG - Waiting for next RSS check: 31.00s (paused=False)
2025-09-19 10:37:08,932 - DEBUG - RSS check triggered.
2025-09-19 10:37:08,932 - DEBUG - Fetching RSS feed: https://gengo.com/rss/available_jobs/6d9668ab271c486e52eb4d37b876cabd5a1cf2da958b7004205163 with headers: {}
2025-09-19 10:37:09,438 - DEBUG - RSS feed fetched successfully. Entries: 0
2025-09-19 10:37:09,438 - DEBUG - Processing 0 RSS entries.
2025-09-19 10:37:09,438 - DEBUG - Waiting for next RSS check: 31.00s (paused=False)
2025-09-19 10:37:40,438 - DEBUG - RSS check triggered.
2025-09-19 10:37:40,439 - DEBUG - Fetching RSS feed: https://gengo.com/rss/available_jobs/6d9668ab271c486e52eb4d37b876cabd5a1cf2da958b7004205163 with headers: {}
2025-09-19 10:37:40,932 - DEBUG - RSS feed fetched successfully. Entries: 0
2025-09-19 10:37:40,932 - DEBUG - Processing 0 RSS entries.
2025-09-19 10:37:40,932 - DEBUG - Waiting for next RSS check: 31.00s (paused=False)
2025-09-19 10:38:11,932 - DEBUG - RSS check triggered.
2025-09-19 10:38:11,932 - DEBUG - Fetching RSS feed: https://gengo.com/rss/available_jobs/6d9668ab271c486e52eb4d37b876cabd5a1cf2da958b7004205163 with headers: {}
2025-09-19 10:38:12,424 - DEBUG - RSS feed fetched successfully. Entries: 0
2025-09-19 10:38:12,424 - DEBUG - Processing 0 RSS entries.
2025-09-19 10:38:12,424 - DEBUG - Waiting for next RSS check: 31.00s (paused=False)
2025-09-19 10:38:43,424 - DEBUG - RSS check triggered.
2025-09-19 10:38:43,425 - DEBUG - Fetching RSS feed: https://gengo.com/rss/available_jobs/6d9668ab271c486e52eb4d37b876cabd5a1cf2da958b7004205163 with headers: {}
2025-09-19 10:38:43,927 - DEBUG - RSS feed fetched successfully. Entries: 0
2025-09-19 10:38:43,927 - DEBUG - Processing 0 RSS entries.
2025-09-19 10:38:43,927 - DEBUG - Waiting for next RSS check: 31.00s (paused=False)
2025-09-19 10:39:14,927 - DEBUG - RSS check triggered.
2025-09-19 10:39:14,927 - DEBUG - Fetching RSS feed: https://gengo.com/rss/available_jobs/6d9668ab271c486e52eb4d37b876cabd5a1cf2da958b7004205163 with headers: {}
2025-09-19 10:39:15,488 - DEBUG - RSS feed fetched successfully. Entries: 0
2025-09-19 10:39:15,488 - DEBUG - Processing 0 RSS entries.
2025-09-19 10:39:15,488 - DEBUG - Waiting for next RSS check: 31.00s (paused=False)
2025-09-19 10:39:46,488 - DEBUG - RSS check triggered.
2025-09-19 10:39:46,488 - DEBUG - Fetching RSS feed: https://gengo.com/rss/available_jobs/6d9668ab271c486e52eb4d37b876cabd5a1cf2da958b7004205163 with headers: {}
2025-09-19 10:39:47,125 - DEBUG - RSS feed fetched successfully. Entries: 0
2025-09-19 10:39:47,125 - DEBUG - Processing 0 RSS entries.
2025-09-19 10:39:47,125 - DEBUG - Waiting for next RSS check: 31.00s (paused=False)
2025-09-19 10:40:18,125 - DEBUG - RSS check triggered.
2025-09-19 10:40:18,125 - DEBUG - Fetching RSS feed: https://gengo.com/rss/available_jobs/6d9668ab271c486e52eb4d37b876cabd5a1cf2da958b7004205163 with headers: {}
2025-09-19 10:40:18,702 - DEBUG - RSS feed fetched successfully. Entries: 0
2025-09-19 10:40:18,703 - DEBUG - Processing 0 RSS entries.
2025-09-19 10:40:18,703 - DEBUG - Waiting for next RSS check: 31.00s (paused=False)
2025-09-19 10:40:49,703 - DEBUG - RSS check triggered.
2025-09-19 10:40:49,703 - DEBUG - Fetching RSS feed: https://gengo.com/rss/available_jobs/6d9668ab271c486e52eb4d37b876cabd5a1cf2da958b7004205163 with headers: {}
2025-09-19 10:40:50,210 - DEBUG - RSS feed fetched successfully. Entries: 0
2025-09-19 10:40:50,210 - DEBUG - Processing 0 RSS entries.
2025-09-19 10:40:50,211 - DEBUG - Waiting for next RSS check: 31.00s (paused=False)
2025-09-19 10:41:21,211 - DEBUG - RSS check triggered.
2025-09-19 10:41:21,211 - DEBUG - Fetching RSS feed: https://gengo.com/rss/available_jobs/6d9668ab271c486e52eb4d37b876cabd5a1cf2da958b7004205163 with headers: {}
2025-09-19 10:41:21,695 - DEBUG - RSS feed fetched successfully. Entries: 0
2025-09-19 10:41:21,695 - DEBUG - Processing 0 RSS entries.
2025-09-19 10:41:21,695 - DEBUG - Waiting for next RSS check: 31.00s (paused=False)
2025-09-19 10:41:52,696 - DEBUG - RSS check triggered.
2025-09-19 10:41:52,696 - DEBUG - Fetching RSS feed: https://gengo.com/rss/available_jobs/6d9668ab271c486e52eb4d37b876cabd5a1cf2da958b7004205163 with headers: {}
2025-09-19 10:41:53,244 - DEBUG - RSS feed fetched successfully. Entries: 0
2025-09-19 10:41:53,244 - DEBUG - Processing 0 RSS entries.
2025-09-19 10:41:53,244 - DEBUG - Waiting for next RSS check: 31.00s (paused=False)
2025-09-19 10:42:24,244 - DEBUG - RSS check triggered.
2025-09-19 10:42:24,244 - DEBUG - Fetching RSS feed: https://gengo.com/rss/available_jobs/6d9668ab271c486e52eb4d37b876cabd5a1cf2da958b7004205163 with headers: {}
2025-09-19 10:42:24,709 - DEBUG - RSS feed fetched successfully. Entries: 0
2025-09-19 10:42:24,709 - DEBUG - Processing 0 RSS entries.
2025-09-19 10:42:24,709 - DEBUG - Waiting for next RSS check: 31.00s (paused=False)
2025-09-19 10:42:55,712 - DEBUG - RSS check triggered.
2025-09-19 10:42:55,712 - DEBUG - Fetching RSS feed: https://gengo.com/rss/available_jobs/6d9668ab271c486e52eb4d37b876cabd5a1cf2da958b7004205163 with headers: {}
2025-09-19 10:42:56,285 - DEBUG - RSS feed fetched successfully. Entries: 0
2025-09-19 10:42:56,285 - DEBUG - Processing 0 RSS entries.
2025-09-19 10:42:56,285 - DEBUG - Waiting for next RSS check: 31.00s (paused=False)
2025-09-19 10:43:27,285 - DEBUG - RSS check triggered.
2025-09-19 10:43:27,285 - DEBUG - Fetching RSS feed: https://gengo.com/rss/available_jobs/6d9668ab271c486e52eb4d37b876cabd5a1cf2da958b7004205163 with headers: {}
2025-09-19 10:43:27,874 - DEBUG - RSS feed fetched successfully. Entries: 0
2025-09-19 10:43:27,874 - DEBUG - Processing 0 RSS entries.
2025-09-19 10:43:27,874 - DEBUG - Waiting for next RSS check: 31.00s (paused=False)
2025-09-19 10:43:58,874 - DEBUG - RSS check triggered.
2025-09-19 10:43:58,874 - DEBUG - Fetching RSS feed: https://gengo.com/rss/available_jobs/6d9668ab271c486e52eb4d37b876cabd5a1cf2da958b7004205163 with headers: {}
2025-09-19 10:43:59,425 - DEBUG - RSS feed fetched successfully. Entries: 0
2025-09-19 10:43:59,425 - DEBUG - Processing 0 RSS entries.
2025-09-19 10:43:59,425 - DEBUG - Waiting for next RSS check: 31.00s (paused=False)
2025-09-19 10:44:30,425 - DEBUG - RSS check triggered.
2025-09-19 10:44:30,425 - DEBUG - Fetching RSS feed: https://gengo.com/rss/available_jobs/6d9668ab271c486e52eb4d37b876cabd5a1cf2da958b7004205163 with headers: {}
2025-09-19 10:44:30,862 - DEBUG - RSS feed fetched successfully. Entries: 0
2025-09-19 10:44:30,862 - DEBUG - Processing 0 RSS entries.
2025-09-19 10:44:30,862 - DEBUG - Waiting for next RSS check: 31.00s (paused=False)
2025-09-19 10:45:01,862 - DEBUG - RSS check triggered.
2025-09-19 10:45:01,862 - DEBUG - Fetching RSS feed: https://gengo.com/rss/available_jobs/6d9668ab271c486e52eb4d37b876cabd5a1cf2da958b7004205163 with headers: {}
2025-09-19 10:45:02,545 - DEBUG - RSS feed fetched successfully. Entries: 0
2025-09-19 10:45:02,545 - DEBUG - Processing 0 RSS entries.
2025-09-19 10:45:02,545 - DEBUG - Waiting for next RSS check: 31.00s (paused=False)
2025-09-19 10:45:33,545 - DEBUG - RSS check triggered.
2025-09-19 10:45:33,545 - DEBUG - Fetching RSS feed: https://gengo.com/rss/available_jobs/6d9668ab271c486e52eb4d37b876cabd5a1cf2da958b7004205163 with headers: {}
2025-09-19 10:45:34,008 - DEBUG - RSS feed fetched successfully. Entries: 0
2025-09-19 10:45:34,008 - DEBUG - Processing 0 RSS entries.
2025-09-19 10:45:34,008 - DEBUG - Waiting for next RSS check: 31.00s (paused=False)
2025-09-19 10:46:05,008 - DEBUG - RSS check triggered.
2025-09-19 10:46:05,008 - DEBUG - Fetching RSS feed: https://gengo.com/rss/available_jobs/6d9668ab271c486e52eb4d37b876cabd5a1cf2da958b7004205163 with headers: {}
2025-09-19 10:46:05,518 - DEBUG - RSS feed fetched successfully. Entries: 0
2025-09-19 10:46:05,518 - DEBUG - Processing 0 RSS entries.
2025-09-19 10:46:05,518 - DEBUG - Waiting for next RSS check: 31.00s (paused=False)
2025-09-19 10:46:36,519 - DEBUG - RSS check triggered.
2025-09-19 10:46:36,519 - DEBUG - Fetching RSS feed: https://gengo.com/rss/available_jobs/6d9668ab271c486e52eb4d37b876cabd5a1cf2da958b7004205163 with headers: {}
2025-09-19 10:46:37,008 - DEBUG - RSS feed fetched successfully. Entries: 0
2025-09-19 10:46:37,008 - DEBUG - Processing 0 RSS entries.
2025-09-19 10:46:37,008 - DEBUG - Waiting for next RSS check: 31.00s (paused=False)
2025-09-19 10:47:08,008 - DEBUG - RSS check triggered.
2025-09-19 10:47:08,008 - DEBUG - Fetching RSS feed: https://gengo.com/rss/available_jobs/6d9668ab271c486e52eb4d37b876cabd5a1cf2da958b7004205163 with headers: {}
2025-09-19 10:47:08,510 - DEBUG - RSS feed fetched successfully. Entries: 0
2025-09-19 10:47:08,510 - DEBUG - Processing 0 RSS entries.
2025-09-19 10:47:08,510 - DEBUG - Waiting for next RSS check: 31.00s (paused=False)
2025-09-19 10:47:39,511 - DEBUG - RSS check triggered.
2025-09-19 10:47:39,511 - DEBUG - Fetching RSS feed: https://gengo.com/rss/available_jobs/6d9668ab271c486e52eb4d37b876cabd5a1cf2da958b7004205163 with headers: {}
2025-09-19 10:47:40,064 - DEBUG - RSS feed fetched successfully. Entries: 0
2025-09-19 10:47:40,064 - DEBUG - Processing 0 RSS entries.
2025-09-19 10:47:40,064 - DEBUG - Waiting for next RSS check: 31.00s (paused=False)
2025-09-19 10:48:11,064 - DEBUG - RSS check triggered.
2025-09-19 10:48:11,064 - DEBUG - Fetching RSS feed: https://gengo.com/rss/available_jobs/6d9668ab271c486e52eb4d37b876cabd5a1cf2da958b7004205163 with headers: {}
2025-09-19 10:48:11,537 - DEBUG - RSS feed fetched successfully. Entries: 0
2025-09-19 10:48:11,537 - DEBUG - Processing 0 RSS entries.
2025-09-19 10:48:11,537 - DEBUG - Waiting for next RSS check: 31.00s (paused=False)
2025-09-19 10:48:42,537 - DEBUG - RSS check triggered.
2025-09-19 10:48:42,538 - DEBUG - Fetching RSS feed: https://gengo.com/rss/available_jobs/6d9668ab271c486e52eb4d37b876cabd5a1cf2da958b7004205163 with headers: {}
2025-09-19 10:48:43,029 - DEBUG - RSS feed fetched successfully. Entries: 0
2025-09-19 10:48:43,029 - DEBUG - Processing 0 RSS entries.
2025-09-19 10:48:43,029 - DEBUG - Waiting for next RSS check: 31.00s (paused=False)
2025-09-19 10:49:14,029 - DEBUG - RSS check triggered.
2025-09-19 10:49:14,029 - DEBUG - Fetching RSS feed: https://gengo.com/rss/available_jobs/6d9668ab271c486e52eb4d37b876cabd5a1cf2da958b7004205163 with headers: {}
2025-09-19 10:49:14,517 - DEBUG - RSS feed fetched successfully. Entries: 0
2025-09-19 10:49:14,517 - DEBUG - Processing 0 RSS entries.
2025-09-19 10:49:14,517 - DEBUG - Waiting for next RSS check: 31.00s (paused=False)
2025-09-19 10:49:45,517 - DEBUG - RSS check triggered.
2025-09-19 10:49:45,518 - DEBUG - Fetching RSS feed: https://gengo.com/rss/available_jobs/6d9668ab271c486e52eb4d37b876cabd5a1cf2da958b7004205163 with headers: {}
2025-09-19 10:49:45,989 - DEBUG - RSS feed fetched successfully. Entries: 0
2025-09-19 10:49:45,989 - DEBUG - Processing 0 RSS entries.
2025-09-19 10:49:45,989 - DEBUG - Waiting for next RSS check: 31.00s (paused=False)
2025-09-19 10:50:16,989 - DEBUG - RSS check triggered.
2025-09-19 10:50:16,989 - DEBUG - Fetching RSS feed: https://gengo.com/rss/available_jobs/6d9668ab271c486e52eb4d37b876cabd5a1cf2da958b7004205163 with headers: {}
2025-09-19 10:50:17,514 - DEBUG - RSS feed fetched successfully. Entries: 0
2025-09-19 10:50:17,514 - DEBUG - Processing 0 RSS entries.
2025-09-19 10:50:17,514 - DEBUG - Waiting for next RSS check: 31.00s (paused=False)
2025-09-19 10:50:48,514 - DEBUG - RSS check triggered.
2025-09-19 10:50:48,514 - DEBUG - Fetching RSS feed: https://gengo.com/rss/available_jobs/6d9668ab271c486e52eb4d37b876cabd5a1cf2da958b7004205163 with headers: {}
2025-09-19 10:50:49,197 - DEBUG - RSS feed fetched successfully. Entries: 0
2025-09-19 10:50:49,197 - DEBUG - Processing 0 RSS entries.
2025-09-19 10:50:49,197 - DEBUG - Waiting for next RSS check: 31.00s (paused=False)
2025-09-19 10:51:20,197 - DEBUG - RSS check triggered.
2025-09-19 10:51:20,197 - DEBUG - Fetching RSS feed: https://gengo.com/rss/available_jobs/6d9668ab271c486e52eb4d37b876cabd5a1cf2da958b7004205163 with headers: {}
2025-09-19 10:51:21,037 - DEBUG - RSS feed fetched successfully. Entries: 0
2025-09-19 10:51:21,037 - DEBUG - Processing 0 RSS entries.
2025-09-19 10:51:21,037 - DEBUG - Waiting for next RSS check: 31.00s (paused=False)
2025-09-19 10:51:52,037 - DEBUG - RSS check triggered.
2025-09-19 10:51:52,037 - DEBUG - Fetching RSS feed: https://gengo.com/rss/available_jobs/6d9668ab271c486e52eb4d37b876cabd5a1cf2da958b7004205163 with headers: {}
2025-09-19 10:51:52,503 - DEBUG - RSS feed fetched successfully. Entries: 0
2025-09-19 10:51:52,503 - DEBUG - Processing 0 RSS entries.
2025-09-19 10:51:52,503 - DEBUG - Waiting for next RSS check: 31.00s (paused=False)
2025-09-19 10:52:23,503 - DEBUG - RSS check triggered.
2025-09-19 10:52:23,503 - DEBUG - Fetching RSS feed: https://gengo.com/rss/available_jobs/6d9668ab271c486e52eb4d37b876cabd5a1cf2da958b7004205163 with headers: {}
2025-09-19 10:52:23,986 - DEBUG - RSS feed fetched successfully. Entries: 0
2025-09-19 10:52:23,986 - DEBUG - Processing 0 RSS entries.
2025-09-19 10:52:23,986 - DEBUG - Waiting for next RSS check: 31.00s (paused=False)
2025-09-19 10:52:54,986 - DEBUG - RSS check triggered.
2025-09-19 10:52:54,986 - DEBUG - Fetching RSS feed: https://gengo.com/rss/available_jobs/6d9668ab271c486e52eb4d37b876cabd5a1cf2da958b7004205163 with headers: {}
2025-09-19 10:52:55,439 - DEBUG - RSS feed fetched successfully. Entries: 0
2025-09-19 10:52:55,439 - DEBUG - Processing 0 RSS entries.
2025-09-19 10:52:55,439 - DEBUG - Waiting for next RSS check: 31.00s (paused=False)
2025-09-19 10:53:26,439 - DEBUG - RSS check triggered.
2025-09-19 10:53:26,439 - DEBUG - Fetching RSS feed: https://gengo.com/rss/available_jobs/6d9668ab271c486e52eb4d37b876cabd5a1cf2da958b7004205163 with headers: {}
2025-09-19 10:53:26,929 - DEBUG - RSS feed fetched successfully. Entries: 0
2025-09-19 10:53:26,929 - DEBUG - Processing 0 RSS entries.
2025-09-19 10:53:26,929 - DEBUG - Waiting for next RSS check: 31.00s (paused=False)
2025-09-19 10:53:57,929 - DEBUG - RSS check triggered.
2025-09-19 10:53:57,930 - DEBUG - Fetching RSS feed: https://gengo.com/rss/available_jobs/6d9668ab271c486e52eb4d37b876cabd5a1cf2da958b7004205163 with headers: {}
2025-09-19 10:53:58,451 - DEBUG - RSS feed fetched successfully. Entries: 0
2025-09-19 10:53:58,451 - DEBUG - Processing 0 RSS entries.
2025-09-19 10:53:58,451 - DEBUG - Waiting for next RSS check: 31.00s (paused=False)
2025-09-19 10:54:29,451 - DEBUG - RSS check triggered.
2025-09-19 10:54:29,452 - DEBUG - Fetching RSS feed: https://gengo.com/rss/available_jobs/6d9668ab271c486e52eb4d37b876cabd5a1cf2da958b7004205163 with headers: {}
2025-09-19 10:54:29,988 - DEBUG - RSS feed fetched successfully. Entries: 0
2025-09-19 10:54:29,988 - DEBUG - Processing 0 RSS entries.
2025-09-19 10:54:29,988 - DEBUG - Waiting for next RSS check: 31.00s (paused=False)
2025-09-19 10:55:00,988 - DEBUG - RSS check triggered.
2025-09-19 10:55:00,989 - DEBUG - Fetching RSS feed: https://gengo.com/rss/available_jobs/6d9668ab271c486e52eb4d37b876cabd5a1cf2da958b7004205163 with headers: {}
2025-09-19 10:55:01,887 - DEBUG - RSS feed fetched successfully. Entries: 0
2025-09-19 10:55:01,887 - DEBUG - Processing 0 RSS entries.
2025-09-19 10:55:01,887 - DEBUG - Waiting for next RSS check: 31.00s (paused=False)
2025-09-19 10:55:32,887 - DEBUG - RSS check triggered.
2025-09-19 10:55:32,888 - DEBUG - Fetching RSS feed: https://gengo.com/rss/available_jobs/6d9668ab271c486e52eb4d37b876cabd5a1cf2da958b7004205163 with headers: {}
2025-09-19 10:55:33,376 - DEBUG - RSS feed fetched successfully. Entries: 0
2025-09-19 10:55:33,376 - DEBUG - Processing 0 RSS entries.
2025-09-19 10:55:33,376 - DEBUG - Waiting for next RSS check: 31.00s (paused=False)
2025-09-19 10:56:04,376 - DEBUG - RSS check triggered.
2025-09-19 10:56:04,376 - DEBUG - Fetching RSS feed: https://gengo.com/rss/available_jobs/6d9668ab271c486e52eb4d37b876cabd5a1cf2da958b7004205163 with headers: {}
2025-09-19 10:56:04,899 - DEBUG - RSS feed fetched successfully. Entries: 0
2025-09-19 10:56:04,899 - DEBUG - Processing 0 RSS entries.
2025-09-19 10:56:04,899 - DEBUG - Waiting for next RSS check: 31.00s (paused=False)
2025-09-19 10:56:35,899 - DEBUG - RSS check triggered.
2025-09-19 10:56:35,900 - DEBUG - Fetching RSS feed: https://gengo.com/rss/available_jobs/6d9668ab271c486e52eb4d37b876cabd5a1cf2da958b7004205163 with headers: {}
2025-09-19 10:56:36,397 - DEBUG - RSS feed fetched successfully. Entries: 0
2025-09-19 10:56:36,397 - DEBUG - Processing 0 RSS entries.
2025-09-19 10:56:36,397 - DEBUG - Waiting for next RSS check: 31.00s (paused=False)
2025-09-19 10:57:07,397 - DEBUG - RSS check triggered.
2025-09-19 10:57:07,397 - DEBUG - Fetching RSS feed: https://gengo.com/rss/available_jobs/6d9668ab271c486e52eb4d37b876cabd5a1cf2da958b7004205163 with headers: {}
2025-09-19 10:57:07,885 - DEBUG - RSS feed fetched successfully. Entries: 0
2025-09-19 10:57:07,885 - DEBUG - Processing 0 RSS entries.
2025-09-19 10:57:07,885 - DEBUG - Waiting for next RSS check: 31.00s (paused=False)
2025-09-19 10:57:38,885 - DEBUG - RSS check triggered.
2025-09-19 10:57:38,885 - DEBUG - Fetching RSS feed: https://gengo.com/rss/available_jobs/6d9668ab271c486e52eb4d37b876cabd5a1cf2da958b7004205163 with headers: {}
2025-09-19 10:57:39,400 - DEBUG - RSS feed fetched successfully. Entries: 0
2025-09-19 10:57:39,400 - DEBUG - Processing 0 RSS entries.
2025-09-19 10:57:39,400 - DEBUG - Waiting for next RSS check: 31.00s (paused=False)
2025-09-19 10:58:10,401 - DEBUG - RSS check triggered.
2025-09-19 10:58:10,401 - DEBUG - Fetching RSS feed: https://gengo.com/rss/available_jobs/6d9668ab271c486e52eb4d37b876cabd5a1cf2da958b7004205163 with headers: {}
2025-09-19 10:58:10,985 - DEBUG - RSS feed fetched successfully. Entries: 0
2025-09-19 10:58:10,985 - DEBUG - Processing 0 RSS entries.
2025-09-19 10:58:10,985 - DEBUG - Waiting for next RSS check: 31.00s (paused=False)
2025-09-19 10:58:41,985 - DEBUG - RSS check triggered.
2025-09-19 10:58:41,985 - DEBUG - Fetching RSS feed: https://gengo.com/rss/available_jobs/6d9668ab271c486e52eb4d37b876cabd5a1cf2da958b7004205163 with headers: {}
2025-09-19 10:58:42,487 - DEBUG - RSS feed fetched successfully. Entries: 0
2025-09-19 10:58:42,487 - DEBUG - Processing 0 RSS entries.
2025-09-19 10:58:42,487 - DEBUG - Waiting for next RSS check: 31.00s (paused=False)
2025-09-19 10:59:13,487 - DEBUG - RSS check triggered.
2025-09-19 10:59:13,487 - DEBUG - Fetching RSS feed: https://gengo.com/rss/available_jobs/6d9668ab271c486e52eb4d37b876cabd5a1cf2da958b7004205163 with headers: {}
2025-09-19 10:59:13,968 - DEBUG - RSS feed fetched successfully. Entries: 0
2025-09-19 10:59:13,968 - DEBUG - Processing 0 RSS entries.
2025-09-19 10:59:13,968 - DEBUG - Waiting for next RSS check: 31.00s (paused=False)
2025-09-19 10:59:44,968 - DEBUG - RSS check triggered.
2025-09-19 10:59:44,969 - DEBUG - Fetching RSS feed: https://gengo.com/rss/available_jobs/6d9668ab271c486e52eb4d37b876cabd5a1cf2da958b7004205163 with headers: {}
2025-09-19 10:59:45,465 - DEBUG - RSS feed fetched successfully. Entries: 0
2025-09-19 10:59:45,465 - DEBUG - Processing 0 RSS entries.
2025-09-19 10:59:45,465 - DEBUG - Waiting for next RSS check: 31.00s (paused=False)
2025-09-19 11:00:16,465 - DEBUG - RSS check triggered.
2025-09-19 11:00:16,465 - DEBUG - Fetching RSS feed: https://gengo.com/rss/available_jobs/6d9668ab271c486e52eb4d37b876cabd5a1cf2da958b7004205163 with headers: {}
2025-09-19 11:00:16,931 - DEBUG - RSS feed fetched successfully. Entries: 0
2025-09-19 11:00:16,931 - DEBUG - Processing 0 RSS entries.
2025-09-19 11:00:16,931 - DEBUG - Waiting for next RSS check: 31.00s (paused=False)
2025-09-19 11:00:47,931 - DEBUG - RSS check triggered.
2025-09-19 11:00:47,931 - DEBUG - Fetching RSS feed: https://gengo.com/rss/available_jobs/6d9668ab271c486e52eb4d37b876cabd5a1cf2da958b7004205163 with headers: {}
2025-09-19 11:00:48,667 - DEBUG - RSS feed fetched successfully. Entries: 0
2025-09-19 11:00:48,667 - DEBUG - Processing 0 RSS entries.
2025-09-19 11:00:48,667 - DEBUG - Waiting for next RSS check: 31.00s (paused=False)
2025-09-19 11:01:19,667 - DEBUG - RSS check triggered.
2025-09-19 11:01:19,667 - DEBUG - Fetching RSS feed: https://gengo.com/rss/available_jobs/6d9668ab271c486e52eb4d37b876cabd5a1cf2da958b7004205163 with headers: {}
2025-09-19 11:01:20,145 - DEBUG - RSS feed fetched successfully. Entries: 0
2025-09-19 11:01:20,145 - DEBUG - Processing 0 RSS entries.
2025-09-19 11:01:20,145 - DEBUG - Waiting for next RSS check: 31.00s (paused=False)
2025-09-19 11:01:51,145 - DEBUG - RSS check triggered.
2025-09-19 11:01:51,145 - DEBUG - Fetching RSS feed: https://gengo.com/rss/available_jobs/6d9668ab271c486e52eb4d37b876cabd5a1cf2da958b7004205163 with headers: {}
2025-09-19 11:01:51,716 - DEBUG - RSS feed fetched successfully. Entries: 0
2025-09-19 11:01:51,716 - DEBUG - Processing 0 RSS entries.
2025-09-19 11:01:51,716 - DEBUG - Waiting for next RSS check: 31.00s (paused=False)
2025-09-19 11:02:22,716 - DEBUG - RSS check triggered.
2025-09-19 11:02:22,716 - DEBUG - Fetching RSS feed: https://gengo.com/rss/available_jobs/6d9668ab271c486e52eb4d37b876cabd5a1cf2da958b7004205163 with headers: {}
2025-09-19 11:02:23,168 - DEBUG - RSS feed fetched successfully. Entries: 0
2025-09-19 11:02:23,168 - DEBUG - Processing 0 RSS entries.
2025-09-19 11:02:23,168 - DEBUG - Waiting for next RSS check: 31.00s (paused=False)
2025-09-19 11:02:54,168 - DEBUG - RSS check triggered.
2025-09-19 11:02:54,168 - DEBUG - Fetching RSS feed: https://gengo.com/rss/available_jobs/6d9668ab271c486e52eb4d37b876cabd5a1cf2da958b7004205163 with headers: {}
2025-09-19 11:02:54,691 - DEBUG - RSS feed fetched successfully. Entries: 0
2025-09-19 11:02:54,691 - DEBUG - Processing 0 RSS entries.
2025-09-19 11:02:54,691 - DEBUG - Waiting for next RSS check: 31.00s (paused=False)
2025-09-19 11:03:25,691 - DEBUG - RSS check triggered.
2025-09-19 11:03:25,692 - DEBUG - Fetching RSS feed: https://gengo.com/rss/available_jobs/6d9668ab271c486e52eb4d37b876cabd5a1cf2da958b7004205163 with headers: {}
2025-09-19 11:03:26,139 - DEBUG - RSS feed fetched successfully. Entries: 0
2025-09-19 11:03:26,139 - DEBUG - Processing 0 RSS entries.
2025-09-19 11:03:26,139 - DEBUG - Waiting for next RSS check: 31.00s (paused=False)
2025-09-19 11:03:57,140 - DEBUG - RSS check triggered.
2025-09-19 11:03:57,140 - DEBUG - Fetching RSS feed: https://gengo.com/rss/available_jobs/6d9668ab271c486e52eb4d37b876cabd5a1cf2da958b7004205163 with headers: {}
2025-09-19 11:03:57,631 - DEBUG - RSS feed fetched successfully. Entries: 0
2025-09-19 11:03:57,631 - DEBUG - Processing 0 RSS entries.
2025-09-19 11:03:57,631 - DEBUG - Waiting for next RSS check: 31.00s (paused=False)
2025-09-19 11:04:28,631 - DEBUG - RSS check triggered.
2025-09-19 11:04:28,631 - DEBUG - Fetching RSS feed: https://gengo.com/rss/available_jobs/6d9668ab271c486e52eb4d37b876cabd5a1cf2da958b7004205163 with headers: {}
2025-09-19 11:04:29,114 - DEBUG - RSS feed fetched successfully. Entries: 0
2025-09-19 11:04:29,114 - DEBUG - Processing 0 RSS entries.
2025-09-19 11:04:29,114 - DEBUG - Waiting for next RSS check: 31.00s (paused=False)
2025-09-19 11:05:00,114 - DEBUG - RSS check triggered.
2025-09-19 11:05:00,115 - DEBUG - Fetching RSS feed: https://gengo.com/rss/available_jobs/6d9668ab271c486e52eb4d37b876cabd5a1cf2da958b7004205163 with headers: {}
2025-09-19 11:05:00,612 - DEBUG - RSS feed fetched successfully. Entries: 0
2025-09-19 11:05:00,612 - DEBUG - Processing 0 RSS entries.
2025-09-19 11:05:00,612 - DEBUG - Waiting for next RSS check: 31.00s (paused=False)
2025-09-19 11:05:31,612 - DEBUG - RSS check triggered.
2025-09-19 11:05:31,612 - DEBUG - Fetching RSS feed: https://gengo.com/rss/available_jobs/6d9668ab271c486e52eb4d37b876cabd5a1cf2da958b7004205163 with headers: {}
2025-09-19 11:05:32,070 - DEBUG - RSS feed fetched successfully. Entries: 0
2025-09-19 11:05:32,070 - DEBUG - Processing 0 RSS entries.
2025-09-19 11:05:32,070 - DEBUG - Waiting for next RSS check: 31.00s (paused=False)
2025-09-19 11:06:03,070 - DEBUG - RSS check triggered.
2025-09-19 11:06:03,070 - DEBUG - Fetching RSS feed: https://gengo.com/rss/available_jobs/6d9668ab271c486e52eb4d37b876cabd5a1cf2da958b7004205163 with headers: {}
2025-09-19 11:06:05,573 - DEBUG - RSS feed fetched successfully. Entries: 0
2025-09-19 11:06:05,573 - DEBUG - Processing 0 RSS entries.
2025-09-19 11:06:05,573 - DEBUG - Waiting for next RSS check: 31.00s (paused=False)
2025-09-19 11:06:36,573 - DEBUG - RSS check triggered.
2025-09-19 11:06:36,573 - DEBUG - Fetching RSS feed: https://gengo.com/rss/available_jobs/6d9668ab271c486e52eb4d37b876cabd5a1cf2da958b7004205163 with headers: {}
2025-09-19 11:06:37,082 - DEBUG - RSS feed fetched successfully. Entries: 0
2025-09-19 11:06:37,082 - DEBUG - Processing 0 RSS entries.
2025-09-19 11:06:37,082 - DEBUG - Waiting for next RSS check: 31.00s (paused=False)
2025-09-19 11:07:08,082 - DEBUG - RSS check triggered.
2025-09-19 11:07:08,083 - DEBUG - Fetching RSS feed: https://gengo.com/rss/available_jobs/6d9668ab271c486e52eb4d37b876cabd5a1cf2da958b7004205163 with headers: {}
2025-09-19 11:07:08,657 - DEBUG - RSS feed fetched successfully. Entries: 0
2025-09-19 11:07:08,657 - DEBUG - Processing 0 RSS entries.
2025-09-19 11:07:08,657 - DEBUG - Waiting for next RSS check: 31.00s (paused=False)
2025-09-19 11:07:39,657 - DEBUG - RSS check triggered.
2025-09-19 11:07:39,657 - DEBUG - Fetching RSS feed: https://gengo.com/rss/available_jobs/6d9668ab271c486e52eb4d37b876cabd5a1cf2da958b7004205163 with headers: {}
2025-09-19 11:07:40,128 - DEBUG - RSS feed fetched successfully. Entries: 0
2025-09-19 11:07:40,128 - DEBUG - Processing 0 RSS entries.
2025-09-19 11:07:40,128 - DEBUG - Waiting for next RSS check: 31.00s (paused=False)
2025-09-19 11:08:11,128 - DEBUG - RSS check triggered.
2025-09-19 11:08:11,128 - DEBUG - Fetching RSS feed: https://gengo.com/rss/available_jobs/6d9668ab271c486e52eb4d37b876cabd5a1cf2da958b7004205163 with headers: {}
2025-09-19 11:08:11,670 - DEBUG - RSS feed fetched successfully. Entries: 0
2025-09-19 11:08:11,670 - DEBUG - Processing 0 RSS entries.
2025-09-19 11:08:11,670 - DEBUG - Waiting for next RSS check: 31.00s (paused=False)
2025-09-19 11:08:42,670 - DEBUG - RSS check triggered.
2025-09-19 11:08:42,670 - DEBUG - Fetching RSS feed: https://gengo.com/rss/available_jobs/6d9668ab271c486e52eb4d37b876cabd5a1cf2da958b7004205163 with headers: {}
2025-09-19 11:08:43,269 - DEBUG - RSS feed fetched successfully. Entries: 0
2025-09-19 11:08:43,269 - DEBUG - Processing 0 RSS entries.
2025-09-19 11:08:43,269 - DEBUG - Waiting for next RSS check: 31.00s (paused=False)
2025-09-19 11:09:14,269 - DEBUG - RSS check triggered.
2025-09-19 11:09:14,269 - DEBUG - Fetching RSS feed: https://gengo.com/rss/available_jobs/6d9668ab271c486e52eb4d37b876cabd5a1cf2da958b7004205163 with headers: {}
2025-09-19 11:09:14,761 - DEBUG - RSS feed fetched successfully. Entries: 0
2025-09-19 11:09:14,761 - DEBUG - Processing 0 RSS entries.
2025-09-19 11:09:14,761 - DEBUG - Waiting for next RSS check: 31.00s (paused=False)
2025-09-19 11:09:45,761 - DEBUG - RSS check triggered.
2025-09-19 11:09:45,761 - DEBUG - Fetching RSS feed: https://gengo.com/rss/available_jobs/6d9668ab271c486e52eb4d37b876cabd5a1cf2da958b7004205163 with headers: {}
2025-09-19 11:09:46,229 - DEBUG - RSS feed fetched successfully. Entries: 0
2025-09-19 11:09:46,230 - DEBUG - Processing 0 RSS entries.
2025-09-19 11:09:46,230 - DEBUG - Waiting for next RSS check: 31.00s (paused=False)
2025-09-19 11:10:17,230 - DEBUG - RSS check triggered.
2025-09-19 11:10:17,230 - DEBUG - Fetching RSS feed: https://gengo.com/rss/available_jobs/6d9668ab271c486e52eb4d37b876cabd5a1cf2da958b7004205163 with headers: {}
2025-09-19 11:10:17,806 - DEBUG - RSS feed fetched successfully. Entries: 0
2025-09-19 11:10:17,806 - DEBUG - Processing 0 RSS entries.
2025-09-19 11:10:17,806 - DEBUG - Waiting for next RSS check: 31.00s (paused=False)
2025-09-19 11:10:48,806 - DEBUG - RSS check triggered.
2025-09-19 11:10:48,807 - DEBUG - Fetching RSS feed: https://gengo.com/rss/available_jobs/6d9668ab271c486e52eb4d37b876cabd5a1cf2da958b7004205163 with headers: {}
2025-09-19 11:10:49,274 - DEBUG - RSS feed fetched successfully. Entries: 0
2025-09-19 11:10:49,274 - DEBUG - Processing 0 RSS entries.
2025-09-19 11:10:49,274 - DEBUG - Waiting for next RSS check: 31.00s (paused=False)
2025-09-19 11:11:20,274 - DEBUG - RSS check triggered.
2025-09-19 11:11:20,275 - DEBUG - Fetching RSS feed: https://gengo.com/rss/available_jobs/6d9668ab271c486e52eb4d37b876cabd5a1cf2da958b7004205163 with headers: {}
2025-09-19 11:11:20,813 - DEBUG - RSS feed fetched successfully. Entries: 0
2025-09-19 11:11:20,813 - DEBUG - Processing 0 RSS entries.
2025-09-19 11:11:20,813 - DEBUG - Waiting for next RSS check: 31.00s (paused=False)
2025-09-19 11:11:51,814 - DEBUG - RSS check triggered.
2025-09-19 11:11:51,814 - DEBUG - Fetching RSS feed: https://gengo.com/rss/available_jobs/6d9668ab271c486e52eb4d37b876cabd5a1cf2da958b7004205163 with headers: {}
2025-09-19 11:11:52,311 - DEBUG - RSS feed fetched successfully. Entries: 0
2025-09-19 11:11:52,311 - DEBUG - Processing 0 RSS entries.
2025-09-19 11:11:52,311 - DEBUG - Waiting for next RSS check: 31.00s (paused=False)
2025-09-19 11:12:23,311 - DEBUG - RSS check triggered.
2025-09-19 11:12:23,311 - DEBUG - Fetching RSS feed: https://gengo.com/rss/available_jobs/6d9668ab271c486e52eb4d37b876cabd5a1cf2da958b7004205163 with headers: {}
2025-09-19 11:12:23,817 - DEBUG - RSS feed fetched successfully. Entries: 0
2025-09-19 11:12:23,817 - DEBUG - Processing 0 RSS entries.
2025-09-19 11:12:23,817 - DEBUG - Waiting for next RSS check: 31.00s (paused=False)
2025-09-19 11:12:54,817 - DEBUG - RSS check triggered.
2025-09-19 11:12:54,817 - DEBUG - Fetching RSS feed: https://gengo.com/rss/available_jobs/6d9668ab271c486e52eb4d37b876cabd5a1cf2da958b7004205163 with headers: {}
2025-09-19 11:12:55,428 - DEBUG - RSS feed fetched successfully. Entries: 0
2025-09-19 11:12:55,428 - DEBUG - Processing 0 RSS entries.
2025-09-19 11:12:55,428 - DEBUG - Waiting for next RSS check: 31.00s (paused=False)
2025-09-19 11:13:26,429 - DEBUG - RSS check triggered.
2025-09-19 11:13:26,429 - DEBUG - Fetching RSS feed: https://gengo.com/rss/available_jobs/6d9668ab271c486e52eb4d37b876cabd5a1cf2da958b7004205163 with headers: {}
2025-09-19 11:13:26,984 - DEBUG - RSS feed fetched successfully. Entries: 0
2025-09-19 11:13:26,984 - DEBUG - Processing 0 RSS entries.
2025-09-19 11:13:26,984 - DEBUG - Waiting for next RSS check: 31.00s (paused=False)
2025-09-19 11:13:57,984 - DEBUG - RSS check triggered.
2025-09-19 11:13:57,984 - DEBUG - Fetching RSS feed: https://gengo.com/rss/available_jobs/6d9668ab271c486e52eb4d37b876cabd5a1cf2da958b7004205163 with headers: {}
2025-09-19 11:13:58,516 - DEBUG - RSS feed fetched successfully. Entries: 0
2025-09-19 11:13:58,516 - DEBUG - Processing 0 RSS entries.
2025-09-19 11:13:58,516 - DEBUG - Waiting for next RSS check: 31.00s (paused=False)
2025-09-19 11:14:29,516 - DEBUG - RSS check triggered.
2025-09-19 11:14:29,516 - DEBUG - Fetching RSS feed: https://gengo.com/rss/available_jobs/6d9668ab271c486e52eb4d37b876cabd5a1cf2da958b7004205163 with headers: {}
2025-09-19 11:14:30,061 - DEBUG - RSS feed fetched successfully. Entries: 0
2025-09-19 11:14:30,061 - DEBUG - Processing 0 RSS entries.
2025-09-19 11:14:30,061 - DEBUG - Waiting for next RSS check: 31.00s (paused=False)
2025-09-19 11:15:01,061 - DEBUG - RSS check triggered.
2025-09-19 11:15:01,061 - DEBUG - Fetching RSS feed: https://gengo.com/rss/available_jobs/6d9668ab271c486e52eb4d37b876cabd5a1cf2da958b7004205163 with headers: {}
2025-09-19 11:15:02,004 - DEBUG - RSS feed fetched successfully. Entries: 0
2025-09-19 11:15:02,005 - DEBUG - Processing 0 RSS entries.
2025-09-19 11:15:02,005 - DEBUG - Waiting for next RSS check: 31.00s (paused=False)
2025-09-19 11:15:33,005 - DEBUG - RSS check triggered.
2025-09-19 11:15:33,005 - DEBUG - Fetching RSS feed: https://gengo.com/rss/available_jobs/6d9668ab271c486e52eb4d37b876cabd5a1cf2da958b7004205163 with headers: {}
2025-09-19 11:15:33,517 - DEBUG - RSS feed fetched successfully. Entries: 0
2025-09-19 11:15:33,517 - DEBUG - Processing 0 RSS entries.
2025-09-19 11:15:33,517 - DEBUG - Waiting for next RSS check: 31.00s (paused=False)
2025-09-19 11:16:04,517 - DEBUG - RSS check triggered.
2025-09-19 11:16:04,517 - DEBUG - Fetching RSS feed: https://gengo.com/rss/available_jobs/6d9668ab271c486e52eb4d37b876cabd5a1cf2da958b7004205163 with headers: {}
2025-09-19 11:16:05,090 - DEBUG - RSS feed fetched successfully. Entries: 0
2025-09-19 11:16:05,090 - DEBUG - Processing 0 RSS entries.
2025-09-19 11:16:05,090 - DEBUG - Waiting for next RSS check: 31.00s (paused=False)
2025-09-19 11:16:36,090 - DEBUG - RSS check triggered.
2025-09-19 11:16:36,091 - DEBUG - Fetching RSS feed: https://gengo.com/rss/available_jobs/6d9668ab271c486e52eb4d37b876cabd5a1cf2da958b7004205163 with headers: {}
2025-09-19 11:16:36,581 - DEBUG - RSS feed fetched successfully. Entries: 0
2025-09-19 11:16:36,581 - DEBUG - Processing 0 RSS entries.
2025-09-19 11:16:36,581 - DEBUG - Waiting for next RSS check: 31.00s (paused=False)
2025-09-19 11:17:07,581 - DEBUG - RSS check triggered.
2025-09-19 11:17:07,581 - DEBUG - Fetching RSS feed: https://gengo.com/rss/available_jobs/6d9668ab271c486e52eb4d37b876cabd5a1cf2da958b7004205163 with headers: {}
2025-09-19 11:17:08,053 - DEBUG - RSS feed fetched successfully. Entries: 0
2025-09-19 11:17:08,053 - DEBUG - Processing 0 RSS entries.
2025-09-19 11:17:08,054 - DEBUG - Waiting for next RSS check: 31.00s (paused=False)
2025-09-19 11:17:39,054 - DEBUG - RSS check triggered.
2025-09-19 11:17:39,054 - DEBUG - Fetching RSS feed: https://gengo.com/rss/available_jobs/6d9668ab271c486e52eb4d37b876cabd5a1cf2da958b7004205163 with headers: {}
2025-09-19 11:17:39,565 - DEBUG - RSS feed fetched successfully. Entries: 0
2025-09-19 11:17:39,565 - DEBUG - Processing 0 RSS entries.
2025-09-19 11:17:39,565 - DEBUG - Waiting for next RSS check: 31.00s (paused=False)
2025-09-19 11:18:10,566 - DEBUG - RSS check triggered.
2025-09-19 11:18:10,566 - DEBUG - Fetching RSS feed: https://gengo.com/rss/available_jobs/6d9668ab271c486e52eb4d37b876cabd5a1cf2da958b7004205163 with headers: {}
2025-09-19 11:18:11,059 - DEBUG - RSS feed fetched successfully. Entries: 0
2025-09-19 11:18:11,059 - DEBUG - Processing 0 RSS entries.
2025-09-19 11:18:11,059 - DEBUG - Waiting for next RSS check: 31.00s (paused=False)
2025-09-19 11:18:42,059 - DEBUG - RSS check triggered.
2025-09-19 11:18:42,060 - DEBUG - Fetching RSS feed: https://gengo.com/rss/available_jobs/6d9668ab271c486e52eb4d37b876cabd5a1cf2da958b7004205163 with headers: {}
2025-09-19 11:18:42,562 - DEBUG - RSS feed fetched successfully. Entries: 0
2025-09-19 11:18:42,562 - DEBUG - Processing 0 RSS entries.
2025-09-19 11:18:42,562 - DEBUG - Waiting for next RSS check: 31.00s (paused=False)
2025-09-19 11:19:13,562 - DEBUG - RSS check triggered.
2025-09-19 11:19:13,562 - DEBUG - Fetching RSS feed: https://gengo.com/rss/available_jobs/6d9668ab271c486e52eb4d37b876cabd5a1cf2da958b7004205163 with headers: {}
2025-09-19 11:19:14,022 - DEBUG - RSS feed fetched successfully. Entries: 0
2025-09-19 11:19:14,022 - DEBUG - Processing 0 RSS entries.
2025-09-19 11:19:14,022 - DEBUG - Waiting for next RSS check: 31.00s (paused=False)
2025-09-19 11:19:45,022 - DEBUG - RSS check triggered.
2025-09-19 11:19:45,022 - DEBUG - Fetching RSS feed: https://gengo.com/rss/available_jobs/6d9668ab271c486e52eb4d37b876cabd5a1cf2da958b7004205163 with headers: {}
2025-09-19 11:19:45,497 - DEBUG - RSS feed fetched successfully. Entries: 0
2025-09-19 11:19:45,497 - DEBUG - Processing 0 RSS entries.
2025-09-19 11:19:45,497 - DEBUG - Waiting for next RSS check: 31.00s (paused=False)
2025-09-19 11:20:16,497 - DEBUG - RSS check triggered.
2025-09-19 11:20:16,497 - DEBUG - Fetching RSS feed: https://gengo.com/rss/available_jobs/6d9668ab271c486e52eb4d37b876cabd5a1cf2da958b7004205163 with headers: {}
2025-09-19 11:20:17,137 - DEBUG - RSS feed fetched successfully. Entries: 0
2025-09-19 11:20:17,137 - DEBUG - Processing 0 RSS entries.
2025-09-19 11:20:17,137 - DEBUG - Waiting for next RSS check: 31.00s (paused=False)
2025-09-19 11:20:48,137 - DEBUG - RSS check triggered.
2025-09-19 11:20:48,137 - DEBUG - Fetching RSS feed: https://gengo.com/rss/available_jobs/6d9668ab271c486e52eb4d37b876cabd5a1cf2da958b7004205163 with headers: {}
2025-09-19 11:20:48,683 - DEBUG - RSS feed fetched successfully. Entries: 0
2025-09-19 11:20:48,683 - DEBUG - Processing 0 RSS entries.
2025-09-19 11:20:48,683 - DEBUG - Waiting for next RSS check: 31.00s (paused=False)
2025-09-19 11:21:19,683 - DEBUG - RSS check triggered.
2025-09-19 11:21:19,683 - DEBUG - Fetching RSS feed: https://gengo.com/rss/available_jobs/6d9668ab271c486e52eb4d37b876cabd5a1cf2da958b7004205163 with headers: {}
2025-09-19 11:21:20,148 - DEBUG - RSS feed fetched successfully. Entries: 0
2025-09-19 11:21:20,148 - DEBUG - Processing 0 RSS entries.
2025-09-19 11:21:20,148 - DEBUG - Waiting for next RSS check: 31.00s (paused=False)
2025-09-19 11:21:51,148 - DEBUG - RSS check triggered.
2025-09-19 11:21:51,148 - DEBUG - Fetching RSS feed: https://gengo.com/rss/available_jobs/6d9668ab271c486e52eb4d37b876cabd5a1cf2da958b7004205163 with headers: {}
2025-09-19 11:21:51,660 - DEBUG - RSS feed fetched successfully. Entries: 0
2025-09-19 11:21:51,660 - DEBUG - Processing 0 RSS entries.
2025-09-19 11:21:51,660 - DEBUG - Waiting for next RSS check: 31.00s (paused=False)
2025-09-19 11:22:22,660 - DEBUG - RSS check triggered.
2025-09-19 11:22:22,660 - DEBUG - Fetching RSS feed: https://gengo.com/rss/available_jobs/6d9668ab271c486e52eb4d37b876cabd5a1cf2da958b7004205163 with headers: {}
2025-09-19 11:22:23,156 - DEBUG - RSS feed fetched successfully. Entries: 0
2025-09-19 11:22:23,157 - DEBUG - Processing 0 RSS entries.
2025-09-19 11:22:23,157 - DEBUG - Waiting for next RSS check: 31.00s (paused=False)
2025-09-19 11:22:54,157 - DEBUG - RSS check triggered.
2025-09-19 11:22:54,157 - DEBUG - Fetching RSS feed: https://gengo.com/rss/available_jobs/6d9668ab271c486e52eb4d37b876cabd5a1cf2da958b7004205163 with headers: {}
2025-09-19 11:22:54,654 - DEBUG - RSS feed fetched successfully. Entries: 0
2025-09-19 11:22:54,654 - DEBUG - Processing 0 RSS entries.
2025-09-19 11:22:54,654 - DEBUG - Waiting for next RSS check: 31.00s (paused=False)
2025-09-19 11:23:25,654 - DEBUG - RSS check triggered.
2025-09-19 11:23:25,654 - DEBUG - Fetching RSS feed: https://gengo.com/rss/available_jobs/6d9668ab271c486e52eb4d37b876cabd5a1cf2da958b7004205163 with headers: {}
2025-09-19 11:23:26,113 - DEBUG - RSS feed fetched successfully. Entries: 0
2025-09-19 11:23:26,113 - DEBUG - Processing 0 RSS entries.
2025-09-19 11:23:26,113 - DEBUG - Waiting for next RSS check: 31.00s (paused=False)
2025-09-19 11:23:57,113 - DEBUG - RSS check triggered.
2025-09-19 11:23:57,113 - DEBUG - Fetching RSS feed: https://gengo.com/rss/available_jobs/6d9668ab271c486e52eb4d37b876cabd5a1cf2da958b7004205163 with headers: {}
2025-09-19 11:23:57,640 - DEBUG - RSS feed fetched successfully. Entries: 0
2025-09-19 11:23:57,640 - DEBUG - Processing 0 RSS entries.
2025-09-19 11:23:57,640 - DEBUG - Waiting for next RSS check: 31.00s (paused=False)
2025-09-19 11:24:28,640 - DEBUG - RSS check triggered.
2025-09-19 11:24:28,641 - DEBUG - Fetching RSS feed: https://gengo.com/rss/available_jobs/6d9668ab271c486e52eb4d37b876cabd5a1cf2da958b7004205163 with headers: {}
2025-09-19 11:24:29,097 - DEBUG - RSS feed fetched successfully. Entries: 0
2025-09-19 11:24:29,097 - DEBUG - Processing 0 RSS entries.
2025-09-19 11:24:29,097 - DEBUG - Waiting for next RSS check: 31.00s (paused=False)
2025-09-19 11:25:00,097 - DEBUG - RSS check triggered.
2025-09-19 11:25:00,097 - DEBUG - Fetching RSS feed: https://gengo.com/rss/available_jobs/6d9668ab271c486e52eb4d37b876cabd5a1cf2da958b7004205163 with headers: {}
2025-09-19 11:25:00,629 - DEBUG - RSS feed fetched successfully. Entries: 0
2025-09-19 11:25:00,629 - DEBUG - Processing 0 RSS entries.
2025-09-19 11:25:00,629 - DEBUG - Waiting for next RSS check: 31.00s (paused=False)
2025-09-19 11:25:31,630 - DEBUG - RSS check triggered.
2025-09-19 11:25:31,630 - DEBUG - Fetching RSS feed: https://gengo.com/rss/available_jobs/6d9668ab271c486e52eb4d37b876cabd5a1cf2da958b7004205163 with headers: {}
2025-09-19 11:25:32,093 - DEBUG - RSS feed fetched successfully. Entries: 0
2025-09-19 11:25:32,093 - DEBUG - Processing 0 RSS entries.
2025-09-19 11:25:32,093 - DEBUG - Waiting for next RSS check: 31.00s (paused=False)
2025-09-19 11:26:03,093 - DEBUG - RSS check triggered.
2025-09-19 11:26:03,093 - DEBUG - Fetching RSS feed: https://gengo.com/rss/available_jobs/6d9668ab271c486e52eb4d37b876cabd5a1cf2da958b7004205163 with headers: {}
2025-09-19 11:26:04,155 - DEBUG - RSS feed fetched successfully. Entries: 0
2025-09-19 11:26:04,155 - DEBUG - Processing 0 RSS entries.
2025-09-19 11:26:04,155 - DEBUG - Waiting for next RSS check: 31.00s (paused=False)
2025-09-19 11:26:35,155 - DEBUG - RSS check triggered.
2025-09-19 11:26:35,155 - DEBUG - Fetching RSS feed: https://gengo.com/rss/available_jobs/6d9668ab271c486e52eb4d37b876cabd5a1cf2da958b7004205163 with headers: {}
2025-09-19 11:26:35,604 - DEBUG - RSS feed fetched successfully. Entries: 0
2025-09-19 11:26:35,604 - DEBUG - Processing 0 RSS entries.
2025-09-19 11:26:35,604 - DEBUG - Waiting for next RSS check: 31.00s (paused=False)
2025-09-19 11:27:06,604 - DEBUG - RSS check triggered.
2025-09-19 11:27:06,604 - DEBUG - Fetching RSS feed: https://gengo.com/rss/available_jobs/6d9668ab271c486e52eb4d37b876cabd5a1cf2da958b7004205163 with headers: {}
2025-09-19 11:27:07,201 - DEBUG - RSS feed fetched successfully. Entries: 0
2025-09-19 11:27:07,201 - DEBUG - Processing 0 RSS entries.
2025-09-19 11:27:07,201 - DEBUG - Waiting for next RSS check: 31.00s (paused=False)
2025-09-19 11:27:38,202 - DEBUG - RSS check triggered.
2025-09-19 11:27:38,202 - DEBUG - Fetching RSS feed: https://gengo.com/rss/available_jobs/6d9668ab271c486e52eb4d37b876cabd5a1cf2da958b7004205163 with headers: {}
2025-09-19 11:27:38,665 - DEBUG - RSS feed fetched successfully. Entries: 0
2025-09-19 11:27:38,665 - DEBUG - Processing 0 RSS entries.
2025-09-19 11:27:38,665 - DEBUG - Waiting for next RSS check: 31.00s (paused=False)
2025-09-19 11:28:09,665 - DEBUG - RSS check triggered.
2025-09-19 11:28:09,665 - DEBUG - Fetching RSS feed: https://gengo.com/rss/available_jobs/6d9668ab271c486e52eb4d37b876cabd5a1cf2da958b7004205163 with headers: {}
2025-09-19 11:28:10,156 - DEBUG - RSS feed fetched successfully. Entries: 0
2025-09-19 11:28:10,156 - DEBUG - Processing 0 RSS entries.
2025-09-19 11:28:10,156 - DEBUG - Waiting for next RSS check: 31.00s (paused=False)
2025-09-19 11:28:41,156 - DEBUG - RSS check triggered.
2025-09-19 11:28:41,156 - DEBUG - Fetching RSS feed: https://gengo.com/rss/available_jobs/6d9668ab271c486e52eb4d37b876cabd5a1cf2da958b7004205163 with headers: {}
2025-09-19 11:28:41,626 - DEBUG - RSS feed fetched successfully. Entries: 0
2025-09-19 11:28:41,627 - DEBUG - Processing 0 RSS entries.
2025-09-19 11:28:41,627 - DEBUG - Waiting for next RSS check: 31.00s (paused=False)
2025-09-19 11:29:12,627 - DEBUG - RSS check triggered.
2025-09-19 11:29:12,627 - DEBUG - Fetching RSS feed: https://gengo.com/rss/available_jobs/6d9668ab271c486e52eb4d37b876cabd5a1cf2da958b7004205163 with headers: {}
2025-09-19 11:29:13,175 - DEBUG - RSS feed fetched successfully. Entries: 0
2025-09-19 11:29:13,175 - DEBUG - Processing 0 RSS entries.
2025-09-19 11:29:13,175 - DEBUG - Waiting for next RSS check: 31.00s (paused=False)
2025-09-19 11:29:44,176 - DEBUG - RSS check triggered.
2025-09-19 11:29:44,176 - DEBUG - Fetching RSS feed: https://gengo.com/rss/available_jobs/6d9668ab271c486e52eb4d37b876cabd5a1cf2da958b7004205163 with headers: {}
2025-09-19 11:29:44,640 - DEBUG - RSS feed fetched successfully. Entries: 0
2025-09-19 11:29:44,640 - DEBUG - Processing 0 RSS entries.
2025-09-19 11:29:44,640 - DEBUG - Waiting for next RSS check: 31.00s (paused=False)
2025-09-19 11:30:15,640 - DEBUG - RSS check triggered.
2025-09-19 11:30:15,640 - DEBUG - Fetching RSS feed: https://gengo.com/rss/available_jobs/6d9668ab271c486e52eb4d37b876cabd5a1cf2da958b7004205163 with headers: {}
2025-09-19 11:30:16,181 - DEBUG - RSS feed fetched successfully. Entries: 0
2025-09-19 11:30:16,181 - DEBUG - Processing 0 RSS entries.
2025-09-19 11:30:16,181 - DEBUG - Waiting for next RSS check: 31.00s (paused=False)
2025-09-19 11:30:47,181 - DEBUG - RSS check triggered.
2025-09-19 11:30:47,181 - DEBUG - Fetching RSS feed: https://gengo.com/rss/available_jobs/6d9668ab271c486e52eb4d37b876cabd5a1cf2da958b7004205163 with headers: {}
2025-09-19 11:30:47,643 - DEBUG - RSS feed fetched successfully. Entries: 0
2025-09-19 11:30:47,643 - DEBUG - Processing 0 RSS entries.
2025-09-19 11:30:47,643 - DEBUG - Waiting for next RSS check: 31.00s (paused=False)
2025-09-19 11:31:18,643 - DEBUG - RSS check triggered.
2025-09-19 11:31:18,643 - DEBUG - Fetching RSS feed: https://gengo.com/rss/available_jobs/6d9668ab271c486e52eb4d37b876cabd5a1cf2da958b7004205163 with headers: {}
2025-09-19 11:31:19,126 - DEBUG - RSS feed fetched successfully. Entries: 0
2025-09-19 11:31:19,126 - DEBUG - Processing 0 RSS entries.
2025-09-19 11:31:19,126 - DEBUG - Waiting for next RSS check: 31.00s (paused=False)
2025-09-19 11:31:50,126 - DEBUG - RSS check triggered.
2025-09-19 11:31:50,126 - DEBUG - Fetching RSS feed: https://gengo.com/rss/available_jobs/6d9668ab271c486e52eb4d37b876cabd5a1cf2da958b7004205163 with headers: {}
2025-09-19 11:31:50,609 - DEBUG - RSS feed fetched successfully. Entries: 0
2025-09-19 11:31:50,609 - DEBUG - Processing 0 RSS entries.
2025-09-19 11:31:50,609 - DEBUG - Waiting for next RSS check: 31.00s (paused=False)
2025-09-19 11:32:21,609 - DEBUG - RSS check triggered.
2025-09-19 11:32:21,609 - DEBUG - Fetching RSS feed: https://gengo.com/rss/available_jobs/6d9668ab271c486e52eb4d37b876cabd5a1cf2da958b7004205163 with headers: {}
2025-09-19 11:32:22,085 - DEBUG - RSS feed fetched successfully. Entries: 0
2025-09-19 11:32:22,085 - DEBUG - Processing 0 RSS entries.
2025-09-19 11:32:22,085 - DEBUG - Waiting for next RSS check: 31.00s (paused=False)
2025-09-19 11:32:53,085 - DEBUG - RSS check triggered.
2025-09-19 11:32:53,086 - DEBUG - Fetching RSS feed: https://gengo.com/rss/available_jobs/6d9668ab271c486e52eb4d37b876cabd5a1cf2da958b7004205163 with headers: {}
2025-09-19 11:32:53,567 - DEBUG - RSS feed fetched successfully. Entries: 0
2025-09-19 11:32:53,567 - DEBUG - Processing 0 RSS entries.
2025-09-19 11:32:53,567 - DEBUG - Waiting for next RSS check: 31.00s (paused=False)
2025-09-19 11:33:24,567 - DEBUG - RSS check triggered.
2025-09-19 11:33:24,567 - DEBUG - Fetching RSS feed: https://gengo.com/rss/available_jobs/6d9668ab271c486e52eb4d37b876cabd5a1cf2da958b7004205163 with headers: {}
2025-09-19 11:33:25,144 - DEBUG - RSS feed fetched successfully. Entries: 0
2025-09-19 11:33:25,144 - DEBUG - Processing 0 RSS entries.
2025-09-19 11:33:25,144 - DEBUG - Waiting for next RSS check: 31.00s (paused=False)
2025-09-19 11:33:56,144 - DEBUG - RSS check triggered.
2025-09-19 11:33:56,144 - DEBUG - Fetching RSS feed: https://gengo.com/rss/available_jobs/6d9668ab271c486e52eb4d37b876cabd5a1cf2da958b7004205163 with headers: {}
2025-09-19 11:33:56,612 - DEBUG - RSS feed fetched successfully. Entries: 0
2025-09-19 11:33:56,612 - DEBUG - Processing 0 RSS entries.
2025-09-19 11:33:56,612 - DEBUG - Waiting for next RSS check: 31.00s (paused=False)
2025-09-19 11:34:27,613 - DEBUG - RSS check triggered.
2025-09-19 11:34:27,613 - DEBUG - Fetching RSS feed: https://gengo.com/rss/available_jobs/6d9668ab271c486e52eb4d37b876cabd5a1cf2da958b7004205163 with headers: {}
2025-09-19 11:34:28,103 - DEBUG - RSS feed fetched successfully. Entries: 0
2025-09-19 11:34:28,103 - DEBUG - Processing 0 RSS entries.
2025-09-19 11:34:28,103 - DEBUG - Waiting for next RSS check: 31.00s (paused=False)
2025-09-19 11:34:59,103 - DEBUG - RSS check triggered.
2025-09-19 11:34:59,103 - DEBUG - Fetching RSS feed: https://gengo.com/rss/available_jobs/6d9668ab271c486e52eb4d37b876cabd5a1cf2da958b7004205163 with headers: {}
2025-09-19 11:34:59,572 - DEBUG - RSS feed fetched successfully. Entries: 0
2025-09-19 11:34:59,572 - DEBUG - Processing 0 RSS entries.
2025-09-19 11:34:59,572 - DEBUG - Waiting for next RSS check: 31.00s (paused=False)
2025-09-19 11:35:30,572 - DEBUG - RSS check triggered.
2025-09-19 11:35:30,572 - DEBUG - Fetching RSS feed: https://gengo.com/rss/available_jobs/6d9668ab271c486e52eb4d37b876cabd5a1cf2da958b7004205163 with headers: {}
2025-09-19 11:35:31,146 - DEBUG - RSS feed fetched successfully. Entries: 0
2025-09-19 11:35:31,146 - DEBUG - Processing 0 RSS entries.
2025-09-19 11:35:31,146 - DEBUG - Waiting for next RSS check: 31.00s (paused=False)
2025-09-19 11:36:02,146 - DEBUG - RSS check triggered.
2025-09-19 11:36:02,146 - DEBUG - Fetching RSS feed: https://gengo.com/rss/available_jobs/6d9668ab271c486e52eb4d37b876cabd5a1cf2da958b7004205163 with headers: {}
2025-09-19 11:36:02,941 - DEBUG - RSS feed fetched successfully. Entries: 0
2025-09-19 11:36:02,941 - DEBUG - Processing 0 RSS entries.
2025-09-19 11:36:02,941 - DEBUG - Waiting for next RSS check: 31.00s (paused=False)
2025-09-19 11:36:33,941 - DEBUG - RSS check triggered.
2025-09-19 11:36:33,941 - DEBUG - Fetching RSS feed: https://gengo.com/rss/available_jobs/6d9668ab271c486e52eb4d37b876cabd5a1cf2da958b7004205163 with headers: {}
2025-09-19 11:36:34,586 - DEBUG - RSS feed fetched successfully. Entries: 0
2025-09-19 11:36:34,586 - DEBUG - Processing 0 RSS entries.
2025-09-19 11:36:34,586 - DEBUG - Waiting for next RSS check: 31.00s (paused=False)
2025-09-19 11:37:05,587 - DEBUG - RSS check triggered.
2025-09-19 11:37:05,587 - DEBUG - Fetching RSS feed: https://gengo.com/rss/available_jobs/6d9668ab271c486e52eb4d37b876cabd5a1cf2da958b7004205163 with headers: {}
2025-09-19 11:37:06,104 - DEBUG - RSS feed fetched successfully. Entries: 0
2025-09-19 11:37:06,104 - DEBUG - Processing 0 RSS entries.
2025-09-19 11:37:06,104 - DEBUG - Waiting for next RSS check: 31.00s (paused=False)
2025-09-19 11:37:37,104 - DEBUG - RSS check triggered.
2025-09-19 11:37:37,104 - DEBUG - Fetching RSS feed: https://gengo.com/rss/available_jobs/6d9668ab271c486e52eb4d37b876cabd5a1cf2da958b7004205163 with headers: {}
2025-09-19 11:37:37,638 - DEBUG - RSS feed fetched successfully. Entries: 0
2025-09-19 11:37:37,639 - DEBUG - Processing 0 RSS entries.
2025-09-19 11:37:37,639 - DEBUG - Waiting for next RSS check: 31.00s (paused=False)
2025-09-19 11:38:08,639 - DEBUG - RSS check triggered.
2025-09-19 11:38:08,639 - DEBUG - Fetching RSS feed: https://gengo.com/rss/available_jobs/6d9668ab271c486e52eb4d37b876cabd5a1cf2da958b7004205163 with headers: {}
2025-09-19 11:38:09,100 - DEBUG - RSS feed fetched successfully. Entries: 0
2025-09-19 11:38:09,100 - DEBUG - Processing 0 RSS entries.
2025-09-19 11:38:09,100 - DEBUG - Waiting for next RSS check: 31.00s (paused=False)
2025-09-19 11:38:40,102 - DEBUG - RSS check triggered.
2025-09-19 11:38:40,102 - DEBUG - Fetching RSS feed: https://gengo.com/rss/available_jobs/6d9668ab271c486e52eb4d37b876cabd5a1cf2da958b7004205163 with headers: {}
2025-09-19 11:38:40,592 - DEBUG - RSS feed fetched successfully. Entries: 0
2025-09-19 11:38:40,592 - DEBUG - Processing 0 RSS entries.
2025-09-19 11:38:40,592 - DEBUG - Waiting for next RSS check: 31.00s (paused=False)
2025-09-19 11:39:11,592 - DEBUG - RSS check triggered.
2025-09-19 11:39:11,593 - DEBUG - Fetching RSS feed: https://gengo.com/rss/available_jobs/6d9668ab271c486e52eb4d37b876cabd5a1cf2da958b7004205163 with headers: {}
2025-09-19 11:39:12,056 - DEBUG - RSS feed fetched successfully. Entries: 0
2025-09-19 11:39:12,056 - DEBUG - Processing 0 RSS entries.
2025-09-19 11:39:12,056 - DEBUG - Waiting for next RSS check: 31.00s (paused=False)
2025-09-19 11:39:43,056 - DEBUG - RSS check triggered.
2025-09-19 11:39:43,056 - DEBUG - Fetching RSS feed: https://gengo.com/rss/available_jobs/6d9668ab271c486e52eb4d37b876cabd5a1cf2da958b7004205163 with headers: {}
2025-09-19 11:39:43,608 - DEBUG - RSS feed fetched successfully. Entries: 0
2025-09-19 11:39:43,608 - DEBUG - Processing 0 RSS entries.
2025-09-19 11:39:43,608 - DEBUG - Waiting for next RSS check: 31.00s (paused=False)
2025-09-19 11:40:14,609 - DEBUG - RSS check triggered.
2025-09-19 11:40:14,609 - DEBUG - Fetching RSS feed: https://gengo.com/rss/available_jobs/6d9668ab271c486e52eb4d37b876cabd5a1cf2da958b7004205163 with headers: {}
2025-09-19 11:40:15,076 - DEBUG - RSS feed fetched successfully. Entries: 0
2025-09-19 11:40:15,076 - DEBUG - Processing 0 RSS entries.
2025-09-19 11:40:15,076 - DEBUG - Waiting for next RSS check: 31.00s (paused=False)
2025-09-19 11:40:46,077 - DEBUG - RSS check triggered.
2025-09-19 11:40:46,077 - DEBUG - Fetching RSS feed: https://gengo.com/rss/available_jobs/6d9668ab271c486e52eb4d37b876cabd5a1cf2da958b7004205163 with headers: {}
2025-09-19 11:40:46,661 - DEBUG - RSS feed fetched successfully. Entries: 0
2025-09-19 11:40:46,661 - DEBUG - Processing 0 RSS entries.
2025-09-19 11:40:46,661 - DEBUG - Waiting for next RSS check: 31.00s (paused=False)
2025-09-19 11:41:17,661 - DEBUG - RSS check triggered.
2025-09-19 11:41:17,661 - DEBUG - Fetching RSS feed: https://gengo.com/rss/available_jobs/6d9668ab271c486e52eb4d37b876cabd5a1cf2da958b7004205163 with headers: {}
2025-09-19 11:41:18,210 - DEBUG - RSS feed fetched successfully. Entries: 0
2025-09-19 11:41:18,210 - DEBUG - Processing 0 RSS entries.
2025-09-19 11:41:18,210 - DEBUG - Waiting for next RSS check: 31.00s (paused=False)
2025-09-19 11:41:49,210 - DEBUG - RSS check triggered.
2025-09-19 11:41:49,210 - DEBUG - Fetching RSS feed: https://gengo.com/rss/available_jobs/6d9668ab271c486e52eb4d37b876cabd5a1cf2da958b7004205163 with headers: {}
2025-09-19 11:41:49,696 - DEBUG - RSS feed fetched successfully. Entries: 0
2025-09-19 11:41:49,696 - DEBUG - Processing 0 RSS entries.
2025-09-19 11:41:49,696 - DEBUG - Waiting for next RSS check: 31.00s (paused=False)
2025-09-19 11:42:20,696 - DEBUG - RSS check triggered.
2025-09-19 11:42:20,696 - DEBUG - Fetching RSS feed: https://gengo.com/rss/available_jobs/6d9668ab271c486e52eb4d37b876cabd5a1cf2da958b7004205163 with headers: {}
2025-09-19 11:42:21,143 - DEBUG - RSS feed fetched successfully. Entries: 0
2025-09-19 11:42:21,143 - DEBUG - Processing 0 RSS entries.
2025-09-19 11:42:21,143 - DEBUG - Waiting for next RSS check: 31.00s (paused=False)
2025-09-19 11:42:52,143 - DEBUG - RSS check triggered.
2025-09-19 11:42:52,144 - DEBUG - Fetching RSS feed: https://gengo.com/rss/available_jobs/6d9668ab271c486e52eb4d37b876cabd5a1cf2da958b7004205163 with headers: {}
2025-09-19 11:42:52,623 - DEBUG - RSS feed fetched successfully. Entries: 0
2025-09-19 11:42:52,623 - DEBUG - Processing 0 RSS entries.
2025-09-19 11:42:52,623 - DEBUG - Waiting for next RSS check: 31.00s (paused=False)
2025-09-19 11:43:23,624 - DEBUG - RSS check triggered.
2025-09-19 11:43:23,624 - DEBUG - Fetching RSS feed: https://gengo.com/rss/available_jobs/6d9668ab271c486e52eb4d37b876cabd5a1cf2da958b7004205163 with headers: {}
2025-09-19 11:43:24,120 - DEBUG - RSS feed fetched successfully. Entries: 0
2025-09-19 11:43:24,120 - DEBUG - Processing 0 RSS entries.
2025-09-19 11:43:24,120 - DEBUG - Waiting for next RSS check: 31.00s (paused=False)
2025-09-19 11:43:55,120 - DEBUG - RSS check triggered.
2025-09-19 11:43:55,120 - DEBUG - Fetching RSS feed: https://gengo.com/rss/available_jobs/6d9668ab271c486e52eb4d37b876cabd5a1cf2da958b7004205163 with headers: {}
2025-09-19 11:43:55,618 - DEBUG - RSS feed fetched successfully. Entries: 0
2025-09-19 11:43:55,618 - DEBUG - Processing 0 RSS entries.
2025-09-19 11:43:55,619 - DEBUG - Waiting for next RSS check: 31.00s (paused=False)
2025-09-19 11:44:26,619 - DEBUG - RSS check triggered.
2025-09-19 11:44:26,619 - DEBUG - Fetching RSS feed: https://gengo.com/rss/available_jobs/6d9668ab271c486e52eb4d37b876cabd5a1cf2da958b7004205163 with headers: {}
2025-09-19 11:44:27,085 - DEBUG - RSS feed fetched successfully. Entries: 0
2025-09-19 11:44:27,085 - DEBUG - Processing 0 RSS entries.
2025-09-19 11:44:27,085 - DEBUG - Waiting for next RSS check: 31.00s (paused=False)
2025-09-19 11:44:58,085 - DEBUG - RSS check triggered.
2025-09-19 11:44:58,085 - DEBUG - Fetching RSS feed: https://gengo.com/rss/available_jobs/6d9668ab271c486e52eb4d37b876cabd5a1cf2da958b7004205163 with headers: {}
2025-09-19 11:44:58,564 - DEBUG - RSS feed fetched successfully. Entries: 0
2025-09-19 11:44:58,564 - DEBUG - Processing 0 RSS entries.
2025-09-19 11:44:58,564 - DEBUG - Waiting for next RSS check: 31.00s (paused=False)
2025-09-19 11:45:29,564 - DEBUG - RSS check triggered.
2025-09-19 11:45:29,564 - DEBUG - Fetching RSS feed: https://gengo.com/rss/available_jobs/6d9668ab271c486e52eb4d37b876cabd5a1cf2da958b7004205163 with headers: {}
2025-09-19 11:45:30,051 - DEBUG - RSS feed fetched successfully. Entries: 0
2025-09-19 11:45:30,051 - DEBUG - Processing 0 RSS entries.
2025-09-19 11:45:30,051 - DEBUG - Waiting for next RSS check: 31.00s (paused=False)
2025-09-19 11:46:01,051 - DEBUG - RSS check triggered.
2025-09-19 11:46:01,051 - DEBUG - Fetching RSS feed: https://gengo.com/rss/available_jobs/6d9668ab271c486e52eb4d37b876cabd5a1cf2da958b7004205163 with headers: {}
2025-09-19 11:46:01,541 - DEBUG - RSS feed fetched successfully. Entries: 0
2025-09-19 11:46:01,541 - DEBUG - Processing 0 RSS entries.
2025-09-19 11:46:01,541 - DEBUG - Waiting for next RSS check: 31.00s (paused=False)
2025-09-19 11:46:32,541 - DEBUG - RSS check triggered.
2025-09-19 11:46:32,541 - DEBUG - Fetching RSS feed: https://gengo.com/rss/available_jobs/6d9668ab271c486e52eb4d37b876cabd5a1cf2da958b7004205163 with headers: {}
2025-09-19 11:46:33,137 - DEBUG - RSS feed fetched successfully. Entries: 0
2025-09-19 11:46:33,138 - DEBUG - Processing 0 RSS entries.
2025-09-19 11:46:33,138 - DEBUG - Waiting for next RSS check: 31.00s (paused=False)
2025-09-19 11:47:04,138 - DEBUG - RSS check triggered.
2025-09-19 11:47:04,138 - DEBUG - Fetching RSS feed: https://gengo.com/rss/available_jobs/6d9668ab271c486e52eb4d37b876cabd5a1cf2da958b7004205163 with headers: {}
2025-09-19 11:47:04,667 - DEBUG - RSS feed fetched successfully. Entries: 0
2025-09-19 11:47:04,668 - DEBUG - Processing 0 RSS entries.
2025-09-19 11:47:04,668 - DEBUG - Waiting for next RSS check: 31.00s (paused=False)
2025-09-19 11:47:35,668 - DEBUG - RSS check triggered.
2025-09-19 11:47:35,668 - DEBUG - Fetching RSS feed: https://gengo.com/rss/available_jobs/6d9668ab271c486e52eb4d37b876cabd5a1cf2da958b7004205163 with headers: {}
2025-09-19 11:47:36,205 - DEBUG - RSS feed fetched successfully. Entries: 0
2025-09-19 11:47:36,205 - DEBUG - Processing 0 RSS entries.
2025-09-19 11:47:36,205 - DEBUG - Waiting for next RSS check: 31.00s (paused=False)
2025-09-19 11:48:07,205 - DEBUG - RSS check triggered.
2025-09-19 11:48:07,206 - DEBUG - Fetching RSS feed: https://gengo.com/rss/available_jobs/6d9668ab271c486e52eb4d37b876cabd5a1cf2da958b7004205163 with headers: {}
2025-09-19 11:48:07,708 - DEBUG - RSS feed fetched successfully. Entries: 0
2025-09-19 11:48:07,708 - DEBUG - Processing 0 RSS entries.
2025-09-19 11:48:07,708 - DEBUG - Waiting for next RSS check: 31.00s (paused=False)
2025-09-19 11:48:38,708 - DEBUG - RSS check triggered.
2025-09-19 11:48:38,708 - DEBUG - Fetching RSS feed: https://gengo.com/rss/available_jobs/6d9668ab271c486e52eb4d37b876cabd5a1cf2da958b7004205163 with headers: {}
2025-09-19 11:48:39,190 - DEBUG - RSS feed fetched successfully. Entries: 0
2025-09-19 11:48:39,190 - DEBUG - Processing 0 RSS entries.
2025-09-19 11:48:39,190 - DEBUG - Waiting for next RSS check: 31.00s (paused=False)
2025-09-19 11:49:10,190 - DEBUG - RSS check triggered.
2025-09-19 11:49:10,190 - DEBUG - Fetching RSS feed: https://gengo.com/rss/available_jobs/6d9668ab271c486e52eb4d37b876cabd5a1cf2da958b7004205163 with headers: {}
2025-09-19 11:49:10,701 - DEBUG - RSS feed fetched successfully. Entries: 0
2025-09-19 11:49:10,701 - DEBUG - Processing 0 RSS entries.
2025-09-19 11:49:10,702 - DEBUG - Waiting for next RSS check: 31.00s (paused=False)
2025-09-19 11:49:41,702 - DEBUG - RSS check triggered.
2025-09-19 11:49:41,702 - DEBUG - Fetching RSS feed: https://gengo.com/rss/available_jobs/6d9668ab271c486e52eb4d37b876cabd5a1cf2da958b7004205163 with headers: {}
2025-09-19 11:49:42,164 - DEBUG - RSS feed fetched successfully. Entries: 0
2025-09-19 11:49:42,164 - DEBUG - Processing 0 RSS entries.
2025-09-19 11:49:42,164 - DEBUG - Waiting for next RSS check: 31.00s (paused=False)
2025-09-19 11:50:13,165 - DEBUG - RSS check triggered.
2025-09-19 11:50:13,165 - DEBUG - Fetching RSS feed: https://gengo.com/rss/available_jobs/6d9668ab271c486e52eb4d37b876cabd5a1cf2da958b7004205163 with headers: {}
2025-09-19 11:50:13,673 - DEBUG - RSS feed fetched successfully. Entries: 0
2025-09-19 11:50:13,673 - DEBUG - Processing 0 RSS entries.
2025-09-19 11:50:13,673 - DEBUG - Waiting for next RSS check: 31.00s (paused=False)
2025-09-19 11:50:44,673 - DEBUG - RSS check triggered.
2025-09-19 11:50:44,673 - DEBUG - Fetching RSS feed: https://gengo.com/rss/available_jobs/6d9668ab271c486e52eb4d37b876cabd5a1cf2da958b7004205163 with headers: {}
2025-09-19 11:50:45,173 - DEBUG - RSS feed fetched successfully. Entries: 0
2025-09-19 11:50:45,173 - DEBUG - Processing 0 RSS entries.
2025-09-19 11:50:45,173 - DEBUG - Waiting for next RSS check: 31.00s (paused=False)
2025-09-19 11:51:16,173 - DEBUG - RSS check triggered.
2025-09-19 11:51:16,173 - DEBUG - Fetching RSS feed: https://gengo.com/rss/available_jobs/6d9668ab271c486e52eb4d37b876cabd5a1cf2da958b7004205163 with headers: {}
2025-09-19 11:51:16,675 - DEBUG - RSS feed fetched successfully. Entries: 0
2025-09-19 11:51:16,675 - DEBUG - Processing 0 RSS entries.
2025-09-19 11:51:16,675 - DEBUG - Waiting for next RSS check: 31.00s (paused=False)
2025-09-19 11:51:47,675 - DEBUG - RSS check triggered.
2025-09-19 11:51:47,676 - DEBUG - Fetching RSS feed: https://gengo.com/rss/available_jobs/6d9668ab271c486e52eb4d37b876cabd5a1cf2da958b7004205163 with headers: {}
2025-09-19 11:51:48,124 - DEBUG - RSS feed fetched successfully. Entries: 0
2025-09-19 11:51:48,124 - DEBUG - Processing 0 RSS entries.
2025-09-19 11:51:48,124 - DEBUG - Waiting for next RSS check: 31.00s (paused=False)
2025-09-19 11:52:19,124 - DEBUG - RSS check triggered.
2025-09-19 11:52:19,124 - DEBUG - Fetching RSS feed: https://gengo.com/rss/available_jobs/6d9668ab271c486e52eb4d37b876cabd5a1cf2da958b7004205163 with headers: {}
2025-09-19 11:52:19,615 - DEBUG - RSS feed fetched successfully. Entries: 0
2025-09-19 11:52:19,615 - DEBUG - Processing 0 RSS entries.
2025-09-19 11:52:19,615 - DEBUG - Waiting for next RSS check: 31.00s (paused=False)
2025-09-19 11:52:50,615 - DEBUG - RSS check triggered.
2025-09-19 11:52:50,615 - DEBUG - Fetching RSS feed: https://gengo.com/rss/available_jobs/6d9668ab271c486e52eb4d37b876cabd5a1cf2da958b7004205163 with headers: {}
2025-09-19 11:52:51,090 - DEBUG - RSS feed fetched successfully. Entries: 0
2025-09-19 11:52:51,090 - DEBUG - Processing 0 RSS entries.
2025-09-19 11:52:51,090 - DEBUG - Waiting for next RSS check: 31.00s (paused=False)
2025-09-19 11:53:22,090 - DEBUG - RSS check triggered.
2025-09-19 11:53:22,090 - DEBUG - Fetching RSS feed: https://gengo.com/rss/available_jobs/6d9668ab271c486e52eb4d37b876cabd5a1cf2da958b7004205163 with headers: {}
2025-09-19 11:53:22,639 - DEBUG - RSS feed fetched successfully. Entries: 1
2025-09-19 11:53:22,639 - DEBUG - Processing 1 RSS entries.
2025-09-19 11:53:22,639 - DEBUG - Logging 1 entries to CSV.
2025-09-19 11:53:22,639 - DEBUG - Extracting reward from entry: (Standard) | [[[＜名前＞]]]誕生日おめでとう[[[！🎉]]]
なるも[[[＜名前＞]]] | 263 chars | Reward: US$5.26 | Japanese/English | [[[＜名前＞]]]誕生日おめでとう[[[！🎉]]]
なるも[[[＜名前＞]]]
2025-09-19 11:53:22,639 - DEBUG - Found 1 new RSS entries.
2025-09-19 11:53:22,639 - DEBUG - Processing new RSS entry: (Standard) | [[[＜名前＞]]]誕生日おめでとう[[[！🎉]]]
なるも[[[＜名前＞]]] | 263 chars | Reward: US$5.26 | Japanese/English https://gengo.com/t/jobs/details/33883937?referral=rss
2025-09-19 11:53:22,639 - DEBUG - Extracting reward from entry: (Standard) | [[[＜名前＞]]]誕生日おめでとう[[[！🎉]]]
なるも[[[＜名前＞]]] | 263 chars | Reward: US$5.26 | Japanese/English | [[[＜名前＞]]]誕生日おめでとう[[[！🎉]]]
なるも[[[＜名前＞]]]
2025-09-19 11:53:22,639 - DEBUG - Processing new job: 33883937, (Standard) | [[[＜名前＞]]]誕生日おめでとう[[[！🎉]]]
なるも[[[＜名前＞]]] | 263 chars | Reward: US$5.26 | Japanese/English, 5.26, https://gengo.com/t/jobs/details/33883937?referral=rss, RSS
2025-09-19 11:53:22,639 - INFO - [success]New job via RSS: (Standard) (US$ 5.26)[/success]
2025-09-19 11:53:22,639 - DEBUG - Showing notification: New Gengo Job Available! - (Standard) | [[[＜名前＞]]]誕生日おめでとう[[[！🎉]]]
なるも[[[＜名前＞]]] | 263 chars | Reward: US$5.26 | Japanese/English
2025-09-19 11:53:22,643 - DEBUG - Attempting to play sound with paplay: /home/thomas/GengoWatcher/assets/alert.wav
2025-09-19 11:53:22,643 - DEBUG - Opening URL in browser: https://gengo.com/t/jobs/details/33883937?referral=rss
2025-09-19 11:53:22,643 - DEBUG - Added job 33883937 to storage
2025-09-19 11:53:22,643 - INFO - Job 33883937 meets auto-accept criteria, queuing for acceptance
2025-09-19 11:53:22,644 - INFO - Attempting to auto-accept job 33883937
2025-09-19 11:53:22,644 - DEBUG - Waiting 27.54s before accepting job 33883937
2025-09-19 11:53:22,644 - DEBUG - Waiting for next RSS check: 31.00s (paused=False)
2025-09-19 11:53:23,459 - ERROR - Failed to initialize Chrome WebDriver: Message: unknown error: cannot find Chrome binary
Stacktrace:
#0 0x55e6e798b4e3 <unknown>
#1 0x55e6e76bac76 <unknown>
#2 0x55e6e76e1757 <unknown>
#3 0x55e6e76e0029 <unknown>
#4 0x55e6e771eccc <unknown>
#5 0x55e6e771e47f <unknown>
#6 0x55e6e7715de3 <unknown>
#7 0x55e6e76eb2dd <unknown>
#8 0x55e6e76ec34e <unknown>
#9 0x55e6e794b3e4 <unknown>
#10 0x55e6e794f3d7 <unknown>
#11 0x55e6e7959b20 <unknown>
#12 0x55e6e7950023 <unknown>
#13 0x55e6e791e1aa <unknown>
#14 0x55e6e79746b8 <unknown>
#15 0x55e6e7974847 <unknown>
#16 0x55e6e7984243 <unknown>
#17 0x7f8ba3caa4f8 <unknown>

2025-09-19 11:53:23,459 - DEBUG - Accept watcher error: Message: unknown error: cannot find Chrome binary
Stacktrace:
#0 0x55e6e798b4e3 <unknown>
#1 0x55e6e76bac76 <unknown>
#2 0x55e6e76e1757 <unknown>
#3 0x55e6e76e0029 <unknown>
#4 0x55e6e771eccc <unknown>
#5 0x55e6e771e47f <unknown>
#6 0x55e6e7715de3 <unknown>
#7 0x55e6e76eb2dd <unknown>
#8 0x55e6e76ec34e <unknown>
#9 0x55e6e794b3e4 <unknown>
#10 0x55e6e794f3d7 <unknown>
#11 0x55e6e7959b20 <unknown>
#12 0x55e6e7950023 <unknown>
#13 0x55e6e791e1aa <unknown>
#14 0x55e6e79746b8 <unknown>
#15 0x55e6e7974847 <unknown>
#16 0x55e6e7984243 <unknown>
#17 0x7f8ba3caa4f8 <unknown>

2025-09-19 11:53:26,509 - DEBUG - WebSocket: Message received: {"type": "available_collection", "collection": {"id": 33883937, "lc_src": "ja", "lc_tgt": "en", "tier": "standard", "is_preferred": false, "currency": "JPY", "is_ezra": false, "type": "text", "content": "[[[\uff1c\u540d\u524d\uff1e]]]\u8a95\u751f\u65e5\u304a\u3081\u3067\u3068\u3046[[[\uff01\ud83c\udf89]]]\n\u306a\u308b\u3082[[[\uff1c\u540d\u524d\uff1e]]]", "rewards": 5.26, "unit_count": 263, "has_tm": false, "filetype_src": 0}}
2025-09-19 11:53:26,509 - DEBUG - WebSocket: Message JSON: {'type': 'available_collection', 'collection': {'id': 33883937, 'lc_src': 'ja', 'lc_tgt': 'en', 'tier': 'standard', 'is_preferred': False, 'currency': 'JPY', 'is_ezra': False, 'type': 'text', 'content': '[[[＜名前＞]]]誕生日おめでとう[[[！🎉]]]\nなるも[[[＜名前＞]]]', 'rewards': 5.26, 'unit_count': 263, 'has_tm': False, 'filetype_src': 0}}
2025-09-19 11:53:26,509 - DEBUG - WebSocket: Job data: {'id': 33883937, 'lc_src': 'ja', 'lc_tgt': 'en', 'tier': 'standard', 'is_preferred': False, 'currency': 'JPY', 'is_ezra': False, 'type': 'text', 'content': '[[[＜名前＞]]]誕生日おめでとう[[[！🎉]]]\nなるも[[[＜名前＞]]]', 'rewards': 5.26, 'unit_count': 263, 'has_tm': False, 'filetype_src': 0}
2025-09-19 11:53:26,509 - DEBUG - Processing new job: 33883937, ja > en, 5.26, https://gengo.com/t/jobs/details/33883937, WebSocket
2025-09-19 11:53:33,627 - DEBUG - WebSocket: Message received: {"type": "unavailable_collection", "collection": {"id": 33883937, "lc_src": "ja", "lc_tgt": "en", "tier": "standard", "is_preferred": false, "currency": "JPY", "is_ezra": false, "type": "text", "content": "[[[\uff1c\u540d\u524d\uff1e]]]\u8a95\u751f\u65e5\u304a\u3081\u3067\u3068\u3046[[[\uff01\ud83c\udf89]]]\n\u306a\u308b\u3082[[[\uff1c\u540d\u524d\uff1e]]]", "rewards": 5.26, "unit_count": 263, "has_tm": false, "filetype_src": 0}}
2025-09-19 11:53:33,628 - DEBUG - WebSocket: Message JSON: {'type': 'unavailable_collection', 'collection': {'id': 33883937, 'lc_src': 'ja', 'lc_tgt': 'en', 'tier': 'standard', 'is_preferred': False, 'currency': 'JPY', 'is_ezra': False, 'type': 'text', 'content': '[[[＜名前＞]]]誕生日おめでとう[[[！🎉]]]\nなるも[[[＜名前＞]]]', 'rewards': 5.26, 'unit_count': 263, 'has_tm': False, 'filetype_src': 0}}
2025-09-19 11:53:50,210 - DEBUG - Acceptance task raised
Traceback (most recent call last):
  File "/home/thomas/GengoWatcher/src/gengowatcher/job_acceptance.py", line 578, in _wait_for_winner
    result = task.result()
  File "/home/thomas/GengoWatcher/src/gengowatcher/job_acceptance.py", line 351, in _attempt_http_accept
    async with self.session.get(details_url, headers=headers, timeout=30) as response:
               ~~~~~~~~~~~~~~~~^^^^^^^^^^^^^^^^^^^^^^^^^^^^^^^^^^^^^^^^^^
  File "/home/thomas/GengoWatcher/src/.venv/lib/python3.13/site-packages/aiohttp/client.py", line 1488, in __aenter__
    self._resp: _RetType = await self._coro
                           ^^^^^^^^^^^^^^^^
  File "/home/thomas/GengoWatcher/src/.venv/lib/python3.13/site-packages/aiohttp/client.py", line 594, in _request
    handle = tm.start()
  File "/home/thomas/GengoWatcher/src/.venv/lib/python3.13/site-packages/aiohttp/helpers.py", line 587, in start
    return self._loop.call_at(when, self.__call__)
           ~~~~~~~~~~~~~~~~~~^^^^^^^^^^^^^^^^^^^^^
  File "/usr/lib/python3.13/asyncio/base_events.py", line 812, in call_at
    self._check_closed()
    ~~~~~~~~~~~~~~~~~~^^
  File "/usr/lib/python3.13/asyncio/base_events.py", line 556, in _check_closed
    raise RuntimeError('Event loop is closed')
RuntimeError: Event loop is closed
2025-09-19 11:53:50,971 - ERROR - Failed to initialize Chrome WebDriver: Message: unknown error: cannot find Chrome binary
Stacktrace:
#0 0x55605134a4e3 <unknown>
#1 0x556051079c76 <unknown>
#2 0x5560510a0757 <unknown>
#3 0x55605109f029 <unknown>
#4 0x5560510ddccc <unknown>
#5 0x5560510dd47f <unknown>
#6 0x5560510d4de3 <unknown>
#7 0x5560510aa2dd <unknown>
#8 0x5560510ab34e <unknown>
#9 0x55605130a3e4 <unknown>
#10 0x55605130e3d7 <unknown>
#11 0x556051318b20 <unknown>
#12 0x55605130f023 <unknown>
#13 0x5560512dd1aa <unknown>
#14 0x5560513336b8 <unknown>
#15 0x556051333847 <unknown>
#16 0x556051343243 <unknown>
#17 0x7f42ad0aa4f8 <unknown>

2025-09-19 11:53:50,971 - WARNING - Failed to accept job 33883937 via selenium (attempt 1/4). Reason: init_error:Message: unknown error: cannot find Chrome binary
Stacktrace:
#0 0x55605134a4e3 <unknown>
#1 0x556051079c76 <unknown>
#2 0x5560510a0757 <unknown>
#3 0x55605109f029 <unknown>
#4 0x5560510ddccc <unknown>
#5 0x5560510dd47f <unknown>
#6 0x5560510d4de3 <unknown>
#7 0x5560510aa2dd <unknown>
#8 0x5560510ab34e <unknown>
#9 0x55605130a3e4 <unknown>
#10 0x55605130e3d7 <unknown>
#11 0x556051318b20 <unknown>
#12 0x55605130f023 <unknown>
#13 0x5560512dd1aa <unknown>
#14 0x5560513336b8 <unknown>
#15 0x556051333847 <unknown>
#16 0x556051343243 <unknown>
#17 0x7f42ad0aa4f8 <unknown>

2025-09-19 11:53:50,971 - INFO - Retrying job 33883937 in 2.78s (attempt 2/4)
2025-09-19 11:53:53,644 - DEBUG - RSS check triggered.
2025-09-19 11:53:53,644 - DEBUG - Fetching RSS feed: https://gengo.com/rss/available_jobs/6d9668ab271c486e52eb4d37b876cabd5a1cf2da958b7004205163 with headers: {}
2025-09-19 11:53:53,760 - DEBUG - Acceptance task raised
Traceback (most recent call last):
  File "/home/thomas/GengoWatcher/src/gengowatcher/job_acceptance.py", line 578, in _wait_for_winner
    result = task.result()
  File "/home/thomas/GengoWatcher/src/gengowatcher/job_acceptance.py", line 351, in _attempt_http_accept
    async with self.session.get(details_url, headers=headers, timeout=30) as response:
               ~~~~~~~~~~~~~~~~^^^^^^^^^^^^^^^^^^^^^^^^^^^^^^^^^^^^^^^^^^
  File "/home/thomas/GengoWatcher/src/.venv/lib/python3.13/site-packages/aiohttp/client.py", line 1488, in __aenter__
    self._resp: _RetType = await self._coro
                           ^^^^^^^^^^^^^^^^
  File "/home/thomas/GengoWatcher/src/.venv/lib/python3.13/site-packages/aiohttp/client.py", line 594, in _request
    handle = tm.start()
  File "/home/thomas/GengoWatcher/src/.venv/lib/python3.13/site-packages/aiohttp/helpers.py", line 587, in start
    return self._loop.call_at(when, self.__call__)
           ~~~~~~~~~~~~~~~~~~^^^^^^^^^^^^^^^^^^^^^
  File "/usr/lib/python3.13/asyncio/base_events.py", line 812, in call_at
    self._check_closed()
    ~~~~~~~~~~~~~~~~~~^^
  File "/usr/lib/python3.13/asyncio/base_events.py", line 556, in _check_closed
    raise RuntimeError('Event loop is closed')
RuntimeError: Event loop is closed
2025-09-19 11:53:54,134 - DEBUG - RSS feed fetched successfully. Entries: 0
2025-09-19 11:53:54,134 - DEBUG - Processing 0 RSS entries.
2025-09-19 11:53:54,134 - DEBUG - Waiting for next RSS check: 31.00s (paused=False)
2025-09-19 11:53:54,538 - ERROR - Failed to initialize Chrome WebDriver: Message: unknown error: cannot find Chrome binary
Stacktrace:
#0 0x56225802a4e3 <unknown>
#1 0x562257d59c76 <unknown>
#2 0x562257d80757 <unknown>
#3 0x562257d7f029 <unknown>
#4 0x562257dbdccc <unknown>
#5 0x562257dbd47f <unknown>
#6 0x562257db4de3 <unknown>
#7 0x562257d8a2dd <unknown>
#8 0x562257d8b34e <unknown>
#9 0x562257fea3e4 <unknown>
#10 0x562257fee3d7 <unknown>
#11 0x562257ff8b20 <unknown>
#12 0x562257fef023 <unknown>
#13 0x562257fbd1aa <unknown>
#14 0x5622580136b8 <unknown>
#15 0x562258013847 <unknown>
#16 0x562258023243 <unknown>
#17 0x7f4e510aa4f8 <unknown>

2025-09-19 11:53:54,538 - WARNING - Failed to accept job 33883937 via selenium (attempt 2/4). Reason: init_error:Message: unknown error: cannot find Chrome binary
Stacktrace:
#0 0x56225802a4e3 <unknown>
#1 0x562257d59c76 <unknown>
#2 0x562257d80757 <unknown>
#3 0x562257d7f029 <unknown>
#4 0x562257dbdccc <unknown>
#5 0x562257dbd47f <unknown>
#6 0x562257db4de3 <unknown>
#7 0x562257d8a2dd <unknown>
#8 0x562257d8b34e <unknown>
#9 0x562257fea3e4 <unknown>
#10 0x562257fee3d7 <unknown>
#11 0x562257ff8b20 <unknown>
#12 0x562257fef023 <unknown>
#13 0x562257fbd1aa <unknown>
#14 0x5622580136b8 <unknown>
#15 0x562258013847 <unknown>
#16 0x562258023243 <unknown>
#17 0x7f4e510aa4f8 <unknown>

2025-09-19 11:53:54,538 - INFO - Retrying job 33883937 in 4.24s (attempt 3/4)
2025-09-19 11:53:58,782 - DEBUG - Acceptance task raised
Traceback (most recent call last):
  File "/home/thomas/GengoWatcher/src/gengowatcher/job_acceptance.py", line 578, in _wait_for_winner
    result = task.result()
  File "/home/thomas/GengoWatcher/src/gengowatcher/job_acceptance.py", line 351, in _attempt_http_accept
    async with self.session.get(details_url, headers=headers, timeout=30) as response:
               ~~~~~~~~~~~~~~~~^^^^^^^^^^^^^^^^^^^^^^^^^^^^^^^^^^^^^^^^^^
  File "/home/thomas/GengoWatcher/src/.venv/lib/python3.13/site-packages/aiohttp/client.py", line 1488, in __aenter__
    self._resp: _RetType = await self._coro
                           ^^^^^^^^^^^^^^^^
  File "/home/thomas/GengoWatcher/src/.venv/lib/python3.13/site-packages/aiohttp/client.py", line 594, in _request
    handle = tm.start()
  File "/home/thomas/GengoWatcher/src/.venv/lib/python3.13/site-packages/aiohttp/helpers.py", line 587, in start
    return self._loop.call_at(when, self.__call__)
           ~~~~~~~~~~~~~~~~~~^^^^^^^^^^^^^^^^^^^^^
  File "/usr/lib/python3.13/asyncio/base_events.py", line 812, in call_at
    self._check_closed()
    ~~~~~~~~~~~~~~~~~~^^
  File "/usr/lib/python3.13/asyncio/base_events.py", line 556, in _check_closed
    raise RuntimeError('Event loop is closed')
RuntimeError: Event loop is closed
2025-09-19 11:53:59,554 - ERROR - Failed to initialize Chrome WebDriver: Message: unknown error: cannot find Chrome binary
Stacktrace:
#0 0x5586202a44e3 <unknown>
#1 0x55861ffd3c76 <unknown>
#2 0x55861fffa757 <unknown>
#3 0x55861fff9029 <unknown>
#4 0x558620037ccc <unknown>
#5 0x55862003747f <unknown>
#6 0x55862002ede3 <unknown>
#7 0x5586200042dd <unknown>
#8 0x55862000534e <unknown>
#9 0x5586202643e4 <unknown>
#10 0x5586202683d7 <unknown>
#11 0x558620272b20 <unknown>
#12 0x558620269023 <unknown>
#13 0x5586202371aa <unknown>
#14 0x55862028d6b8 <unknown>
#15 0x55862028d847 <unknown>
#16 0x55862029d243 <unknown>
#17 0x7fa7bccaa4f8 <unknown>

2025-09-19 11:53:59,555 - WARNING - Failed to accept job 33883937 via selenium (attempt 3/4). Reason: init_error:Message: unknown error: cannot find Chrome binary
Stacktrace:
#0 0x5586202a44e3 <unknown>
#1 0x55861ffd3c76 <unknown>
#2 0x55861fffa757 <unknown>
#3 0x55861fff9029 <unknown>
#4 0x558620037ccc <unknown>
#5 0x55862003747f <unknown>
#6 0x55862002ede3 <unknown>
#7 0x5586200042dd <unknown>
#8 0x55862000534e <unknown>
#9 0x5586202643e4 <unknown>
#10 0x5586202683d7 <unknown>
#11 0x558620272b20 <unknown>
#12 0x558620269023 <unknown>
#13 0x5586202371aa <unknown>
#14 0x55862028d6b8 <unknown>
#15 0x55862028d847 <unknown>
#16 0x55862029d243 <unknown>
#17 0x7fa7bccaa4f8 <unknown>

2025-09-19 11:53:59,555 - INFO - Retrying job 33883937 in 8.24s (attempt 4/4)
2025-09-19 11:54:07,800 - DEBUG - Acceptance task raised
Traceback (most recent call last):
  File "/home/thomas/GengoWatcher/src/gengowatcher/job_acceptance.py", line 578, in _wait_for_winner
    result = task.result()
  File "/home/thomas/GengoWatcher/src/gengowatcher/job_acceptance.py", line 351, in _attempt_http_accept
    async with self.session.get(details_url, headers=headers, timeout=30) as response:
               ~~~~~~~~~~~~~~~~^^^^^^^^^^^^^^^^^^^^^^^^^^^^^^^^^^^^^^^^^^
  File "/home/thomas/GengoWatcher/src/.venv/lib/python3.13/site-packages/aiohttp/client.py", line 1488, in __aenter__
    self._resp: _RetType = await self._coro
                           ^^^^^^^^^^^^^^^^
  File "/home/thomas/GengoWatcher/src/.venv/lib/python3.13/site-packages/aiohttp/client.py", line 594, in _request
    handle = tm.start()
  File "/home/thomas/GengoWatcher/src/.venv/lib/python3.13/site-packages/aiohttp/helpers.py", line 587, in start
    return self._loop.call_at(when, self.__call__)
           ~~~~~~~~~~~~~~~~~~^^^^^^^^^^^^^^^^^^^^^
  File "/usr/lib/python3.13/asyncio/base_events.py", line 812, in call_at
    self._check_closed()
    ~~~~~~~~~~~~~~~~~~^^
  File "/usr/lib/python3.13/asyncio/base_events.py", line 556, in _check_closed
    raise RuntimeError('Event loop is closed')
RuntimeError: Event loop is closed
2025-09-19 11:54:08,565 - ERROR - Failed to initialize Chrome WebDriver: Message: unknown error: cannot find Chrome binary
Stacktrace:
#0 0x56454b2674e3 <unknown>
#1 0x56454af96c76 <unknown>
#2 0x56454afbd757 <unknown>
#3 0x56454afbc029 <unknown>
#4 0x56454affaccc <unknown>
#5 0x56454affa47f <unknown>
#6 0x56454aff1de3 <unknown>
#7 0x56454afc72dd <unknown>
#8 0x56454afc834e <unknown>
#9 0x56454b2273e4 <unknown>
#10 0x56454b22b3d7 <unknown>
#11 0x56454b235b20 <unknown>
#12 0x56454b22c023 <unknown>
#13 0x56454b1fa1aa <unknown>
#14 0x56454b2506b8 <unknown>
#15 0x56454b250847 <unknown>
#16 0x56454b260243 <unknown>
#17 0x7f84d36aa4f8 <unknown>

2025-09-19 11:54:08,566 - WARNING - Failed to accept job 33883937 via selenium (attempt 4/4). Reason: init_error:Message: unknown error: cannot find Chrome binary
Stacktrace:
#0 0x56454b2674e3 <unknown>
#1 0x56454af96c76 <unknown>
#2 0x56454afbd757 <unknown>
#3 0x56454afbc029 <unknown>
#4 0x56454affaccc <unknown>
#5 0x56454affa47f <unknown>
#6 0x56454aff1de3 <unknown>
#7 0x56454afc72dd <unknown>
#8 0x56454afc834e <unknown>
#9 0x56454b2273e4 <unknown>
#10 0x56454b22b3d7 <unknown>
#11 0x56454b235b20 <unknown>
#12 0x56454b22c023 <unknown>
#13 0x56454b1fa1aa <unknown>
#14 0x56454b2506b8 <unknown>
#15 0x56454b250847 <unknown>
#16 0x56454b260243 <unknown>
#17 0x7f84d36aa4f8 <unknown>

2025-09-19 11:54:08,566 - ERROR - Failed to accept job 33883937 after 4 attempts (last reason: init_error:Message: unknown error: cannot find Chrome binary
Stacktrace:
#0 0x56454b2674e3 <unknown>
#1 0x56454af96c76 <unknown>
#2 0x56454afbd757 <unknown>
#3 0x56454afbc029 <unknown>
#4 0x56454affaccc <unknown>
#5 0x56454affa47f <unknown>
#6 0x56454aff1de3 <unknown>
#7 0x56454afc72dd <unknown>
#8 0x56454afc834e <unknown>
#9 0x56454b2273e4 <unknown>
#10 0x56454b22b3d7 <unknown>
#11 0x56454b235b20 <unknown>
#12 0x56454b22c023 <unknown>
#13 0x56454b1fa1aa <unknown>
#14 0x56454b2506b8 <unknown>
#15 0x56454b250847 <unknown>
#16 0x56454b260243 <unknown>
#17 0x7f84d36aa4f8 <unknown>
)
2025-09-19 11:54:25,134 - DEBUG - RSS check triggered.
2025-09-19 11:54:25,135 - DEBUG - Fetching RSS feed: https://gengo.com/rss/available_jobs/6d9668ab271c486e52eb4d37b876cabd5a1cf2da958b7004205163 with headers: {}
2025-09-19 11:54:25,614 - DEBUG - RSS feed fetched successfully. Entries: 0
2025-09-19 11:54:25,614 - DEBUG - Processing 0 RSS entries.
2025-09-19 11:54:25,614 - DEBUG - Waiting for next RSS check: 31.00s (paused=False)
2025-09-19 11:54:56,614 - DEBUG - RSS check triggered.
2025-09-19 11:54:56,614 - DEBUG - Fetching RSS feed: https://gengo.com/rss/available_jobs/6d9668ab271c486e52eb4d37b876cabd5a1cf2da958b7004205163 with headers: {}
2025-09-19 11:54:57,055 - DEBUG - RSS feed fetched successfully. Entries: 0
2025-09-19 11:54:57,055 - DEBUG - Processing 0 RSS entries.
2025-09-19 11:54:57,055 - DEBUG - Waiting for next RSS check: 31.00s (paused=False)
2025-09-19 11:55:28,055 - DEBUG - RSS check triggered.
2025-09-19 11:55:28,055 - DEBUG - Fetching RSS feed: https://gengo.com/rss/available_jobs/6d9668ab271c486e52eb4d37b876cabd5a1cf2da958b7004205163 with headers: {}
2025-09-19 11:55:28,562 - DEBUG - RSS feed fetched successfully. Entries: 0
2025-09-19 11:55:28,562 - DEBUG - Processing 0 RSS entries.
2025-09-19 11:55:28,562 - DEBUG - Waiting for next RSS check: 31.00s (paused=False)
2025-09-19 11:55:59,562 - DEBUG - RSS check triggered.
2025-09-19 11:55:59,562 - DEBUG - Fetching RSS feed: https://gengo.com/rss/available_jobs/6d9668ab271c486e52eb4d37b876cabd5a1cf2da958b7004205163 with headers: {}
2025-09-19 11:56:00,189 - DEBUG - RSS feed fetched successfully. Entries: 0
2025-09-19 11:56:00,189 - DEBUG - Processing 0 RSS entries.
2025-09-19 11:56:00,189 - DEBUG - Waiting for next RSS check: 31.00s (paused=False)
2025-09-19 11:56:31,189 - DEBUG - RSS check triggered.
2025-09-19 11:56:31,189 - DEBUG - Fetching RSS feed: https://gengo.com/rss/available_jobs/6d9668ab271c486e52eb4d37b876cabd5a1cf2da958b7004205163 with headers: {}
2025-09-19 11:56:31,688 - DEBUG - RSS feed fetched successfully. Entries: 0
2025-09-19 11:56:31,688 - DEBUG - Processing 0 RSS entries.
2025-09-19 11:56:31,688 - DEBUG - Waiting for next RSS check: 31.00s (paused=False)
2025-09-19 11:57:02,688 - DEBUG - RSS check triggered.
2025-09-19 11:57:02,689 - DEBUG - Fetching RSS feed: https://gengo.com/rss/available_jobs/6d9668ab271c486e52eb4d37b876cabd5a1cf2da958b7004205163 with headers: {}
2025-09-19 11:57:03,217 - DEBUG - RSS feed fetched successfully. Entries: 0
2025-09-19 11:57:03,217 - DEBUG - Processing 0 RSS entries.
2025-09-19 11:57:03,217 - DEBUG - Waiting for next RSS check: 31.00s (paused=False)
2025-09-19 11:57:34,217 - DEBUG - RSS check triggered.
2025-09-19 11:57:34,217 - DEBUG - Fetching RSS feed: https://gengo.com/rss/available_jobs/6d9668ab271c486e52eb4d37b876cabd5a1cf2da958b7004205163 with headers: {}
2025-09-19 11:57:34,743 - DEBUG - RSS feed fetched successfully. Entries: 0
2025-09-19 11:57:34,743 - DEBUG - Processing 0 RSS entries.
2025-09-19 11:57:34,743 - DEBUG - Waiting for next RSS check: 31.00s (paused=False)
2025-09-19 11:58:05,743 - DEBUG - RSS check triggered.
2025-09-19 11:58:05,744 - DEBUG - Fetching RSS feed: https://gengo.com/rss/available_jobs/6d9668ab271c486e52eb4d37b876cabd5a1cf2da958b7004205163 with headers: {}
2025-09-19 11:58:06,217 - DEBUG - RSS feed fetched successfully. Entries: 0
2025-09-19 11:58:06,217 - DEBUG - Processing 0 RSS entries.
2025-09-19 11:58:06,217 - DEBUG - Waiting for next RSS check: 31.00s (paused=False)
2025-09-19 11:58:37,217 - DEBUG - RSS check triggered.
2025-09-19 11:58:37,217 - DEBUG - Fetching RSS feed: https://gengo.com/rss/available_jobs/6d9668ab271c486e52eb4d37b876cabd5a1cf2da958b7004205163 with headers: {}
2025-09-19 11:58:37,811 - DEBUG - RSS feed fetched successfully. Entries: 0
2025-09-19 11:58:37,811 - DEBUG - Processing 0 RSS entries.
2025-09-19 11:58:37,811 - DEBUG - Waiting for next RSS check: 31.00s (paused=False)
2025-09-19 11:59:08,811 - DEBUG - RSS check triggered.
2025-09-19 11:59:08,811 - DEBUG - Fetching RSS feed: https://gengo.com/rss/available_jobs/6d9668ab271c486e52eb4d37b876cabd5a1cf2da958b7004205163 with headers: {}
2025-09-19 11:59:09,259 - DEBUG - RSS feed fetched successfully. Entries: 0
2025-09-19 11:59:09,259 - DEBUG - Processing 0 RSS entries.
2025-09-19 11:59:09,259 - DEBUG - Waiting for next RSS check: 31.00s (paused=False)
2025-09-19 11:59:40,259 - DEBUG - RSS check triggered.
2025-09-19 11:59:40,259 - DEBUG - Fetching RSS feed: https://gengo.com/rss/available_jobs/6d9668ab271c486e52eb4d37b876cabd5a1cf2da958b7004205163 with headers: {}
2025-09-19 11:59:40,816 - DEBUG - RSS feed fetched successfully. Entries: 0
2025-09-19 11:59:40,816 - DEBUG - Processing 0 RSS entries.
2025-09-19 11:59:40,816 - DEBUG - Waiting for next RSS check: 31.00s (paused=False)
2025-09-19 12:00:11,816 - DEBUG - RSS check triggered.
2025-09-19 12:00:11,816 - DEBUG - Fetching RSS feed: https://gengo.com/rss/available_jobs/6d9668ab271c486e52eb4d37b876cabd5a1cf2da958b7004205163 with headers: {}
2025-09-19 12:00:12,279 - DEBUG - RSS feed fetched successfully. Entries: 0
2025-09-19 12:00:12,279 - DEBUG - Processing 0 RSS entries.
2025-09-19 12:00:12,279 - DEBUG - Waiting for next RSS check: 31.00s (paused=False)
2025-09-19 12:00:43,280 - DEBUG - RSS check triggered.
2025-09-19 12:00:43,280 - DEBUG - Fetching RSS feed: https://gengo.com/rss/available_jobs/6d9668ab271c486e52eb4d37b876cabd5a1cf2da958b7004205163 with headers: {}
2025-09-19 12:00:43,773 - DEBUG - RSS feed fetched successfully. Entries: 0
2025-09-19 12:00:43,773 - DEBUG - Processing 0 RSS entries.
2025-09-19 12:00:43,773 - DEBUG - Waiting for next RSS check: 31.00s (paused=False)
2025-09-19 12:01:14,773 - DEBUG - RSS check triggered.
2025-09-19 12:01:14,773 - DEBUG - Fetching RSS feed: https://gengo.com/rss/available_jobs/6d9668ab271c486e52eb4d37b876cabd5a1cf2da958b7004205163 with headers: {}
2025-09-19 12:01:15,665 - DEBUG - RSS feed fetched successfully. Entries: 0
2025-09-19 12:01:15,665 - DEBUG - Processing 0 RSS entries.
2025-09-19 12:01:15,665 - DEBUG - Waiting for next RSS check: 31.00s (paused=False)
2025-09-19 12:01:46,665 - DEBUG - RSS check triggered.
2025-09-19 12:01:46,666 - DEBUG - Fetching RSS feed: https://gengo.com/rss/available_jobs/6d9668ab271c486e52eb4d37b876cabd5a1cf2da958b7004205163 with headers: {}
2025-09-19 12:01:47,522 - DEBUG - RSS feed fetched successfully. Entries: 0
2025-09-19 12:01:47,522 - DEBUG - Processing 0 RSS entries.
2025-09-19 12:01:47,522 - DEBUG - Waiting for next RSS check: 31.00s (paused=False)
2025-09-19 12:02:18,522 - DEBUG - RSS check triggered.
2025-09-19 12:02:18,523 - DEBUG - Fetching RSS feed: https://gengo.com/rss/available_jobs/6d9668ab271c486e52eb4d37b876cabd5a1cf2da958b7004205163 with headers: {}
2025-09-19 12:02:19,029 - DEBUG - RSS feed fetched successfully. Entries: 0
2025-09-19 12:02:19,029 - DEBUG - Processing 0 RSS entries.
2025-09-19 12:02:19,029 - DEBUG - Waiting for next RSS check: 31.00s (paused=False)
2025-09-19 12:02:50,029 - DEBUG - RSS check triggered.
2025-09-19 12:02:50,029 - DEBUG - Fetching RSS feed: https://gengo.com/rss/available_jobs/6d9668ab271c486e52eb4d37b876cabd5a1cf2da958b7004205163 with headers: {}
2025-09-19 12:02:50,542 - DEBUG - RSS feed fetched successfully. Entries: 0
2025-09-19 12:02:50,542 - DEBUG - Processing 0 RSS entries.
2025-09-19 12:02:50,542 - DEBUG - Waiting for next RSS check: 31.00s (paused=False)
2025-09-19 12:03:21,542 - DEBUG - RSS check triggered.
2025-09-19 12:03:21,542 - DEBUG - Fetching RSS feed: https://gengo.com/rss/available_jobs/6d9668ab271c486e52eb4d37b876cabd5a1cf2da958b7004205163 with headers: {}
2025-09-19 12:03:22,016 - DEBUG - RSS feed fetched successfully. Entries: 0
2025-09-19 12:03:22,016 - DEBUG - Processing 0 RSS entries.
2025-09-19 12:03:22,016 - DEBUG - Waiting for next RSS check: 31.00s (paused=False)
2025-09-19 12:03:53,016 - DEBUG - RSS check triggered.
2025-09-19 12:03:53,016 - DEBUG - Fetching RSS feed: https://gengo.com/rss/available_jobs/6d9668ab271c486e52eb4d37b876cabd5a1cf2da958b7004205163 with headers: {}
2025-09-19 12:03:53,502 - DEBUG - RSS feed fetched successfully. Entries: 0
2025-09-19 12:03:53,502 - DEBUG - Processing 0 RSS entries.
2025-09-19 12:03:53,502 - DEBUG - Waiting for next RSS check: 31.00s (paused=False)
2025-09-19 12:04:24,502 - DEBUG - RSS check triggered.
2025-09-19 12:04:24,502 - DEBUG - Fetching RSS feed: https://gengo.com/rss/available_jobs/6d9668ab271c486e52eb4d37b876cabd5a1cf2da958b7004205163 with headers: {}
2025-09-19 12:04:24,961 - DEBUG - RSS feed fetched successfully. Entries: 0
2025-09-19 12:04:24,962 - DEBUG - Processing 0 RSS entries.
2025-09-19 12:04:24,962 - DEBUG - Waiting for next RSS check: 31.00s (paused=False)
2025-09-19 12:04:55,962 - DEBUG - RSS check triggered.
2025-09-19 12:04:55,962 - DEBUG - Fetching RSS feed: https://gengo.com/rss/available_jobs/6d9668ab271c486e52eb4d37b876cabd5a1cf2da958b7004205163 with headers: {}
2025-09-19 12:04:56,455 - DEBUG - RSS feed fetched successfully. Entries: 0
2025-09-19 12:04:56,456 - DEBUG - Processing 0 RSS entries.
2025-09-19 12:04:56,456 - DEBUG - Waiting for next RSS check: 31.00s (paused=False)
2025-09-19 12:05:27,456 - DEBUG - RSS check triggered.
2025-09-19 12:05:27,456 - DEBUG - Fetching RSS feed: https://gengo.com/rss/available_jobs/6d9668ab271c486e52eb4d37b876cabd5a1cf2da958b7004205163 with headers: {}
2025-09-19 12:05:27,959 - DEBUG - RSS feed fetched successfully. Entries: 0
2025-09-19 12:05:27,959 - DEBUG - Processing 0 RSS entries.
2025-09-19 12:05:27,960 - DEBUG - Waiting for next RSS check: 31.00s (paused=False)
2025-09-19 12:05:58,960 - DEBUG - RSS check triggered.
2025-09-19 12:05:58,960 - DEBUG - Fetching RSS feed: https://gengo.com/rss/available_jobs/6d9668ab271c486e52eb4d37b876cabd5a1cf2da958b7004205163 with headers: {}
2025-09-19 12:05:59,444 - DEBUG - RSS feed fetched successfully. Entries: 0
2025-09-19 12:05:59,444 - DEBUG - Processing 0 RSS entries.
2025-09-19 12:05:59,444 - DEBUG - Waiting for next RSS check: 31.00s (paused=False)
2025-09-19 12:06:30,444 - DEBUG - RSS check triggered.
2025-09-19 12:06:30,444 - DEBUG - Fetching RSS feed: https://gengo.com/rss/available_jobs/6d9668ab271c486e52eb4d37b876cabd5a1cf2da958b7004205163 with headers: {}
2025-09-19 12:06:30,932 - DEBUG - RSS feed fetched successfully. Entries: 0
2025-09-19 12:06:30,932 - DEBUG - Processing 0 RSS entries.
2025-09-19 12:06:30,932 - DEBUG - Waiting for next RSS check: 31.00s (paused=False)
2025-09-19 12:07:01,932 - DEBUG - RSS check triggered.
2025-09-19 12:07:01,932 - DEBUG - Fetching RSS feed: https://gengo.com/rss/available_jobs/6d9668ab271c486e52eb4d37b876cabd5a1cf2da958b7004205163 with headers: {}
2025-09-19 12:07:02,742 - DEBUG - RSS feed fetched successfully. Entries: 0
2025-09-19 12:07:02,742 - DEBUG - Processing 0 RSS entries.
2025-09-19 12:07:02,742 - DEBUG - Waiting for next RSS check: 31.00s (paused=False)
2025-09-19 12:07:33,742 - DEBUG - RSS check triggered.
2025-09-19 12:07:33,742 - DEBUG - Fetching RSS feed: https://gengo.com/rss/available_jobs/6d9668ab271c486e52eb4d37b876cabd5a1cf2da958b7004205163 with headers: {}
2025-09-19 12:07:34,278 - DEBUG - RSS feed fetched successfully. Entries: 0
2025-09-19 12:07:34,278 - DEBUG - Processing 0 RSS entries.
2025-09-19 12:07:34,279 - DEBUG - Waiting for next RSS check: 31.00s (paused=False)
2025-09-19 12:08:05,279 - DEBUG - RSS check triggered.
2025-09-19 12:08:05,279 - DEBUG - Fetching RSS feed: https://gengo.com/rss/available_jobs/6d9668ab271c486e52eb4d37b876cabd5a1cf2da958b7004205163 with headers: {}
2025-09-19 12:08:05,819 - DEBUG - RSS feed fetched successfully. Entries: 0
2025-09-19 12:08:05,819 - DEBUG - Processing 0 RSS entries.
2025-09-19 12:08:05,819 - DEBUG - Waiting for next RSS check: 31.00s (paused=False)
2025-09-19 12:08:36,820 - DEBUG - RSS check triggered.
2025-09-19 12:08:36,820 - DEBUG - Fetching RSS feed: https://gengo.com/rss/available_jobs/6d9668ab271c486e52eb4d37b876cabd5a1cf2da958b7004205163 with headers: {}
2025-09-19 12:08:37,309 - DEBUG - RSS feed fetched successfully. Entries: 0
2025-09-19 12:08:37,309 - DEBUG - Processing 0 RSS entries.
2025-09-19 12:08:37,309 - DEBUG - Waiting for next RSS check: 31.00s (paused=False)
2025-09-19 12:09:08,309 - DEBUG - RSS check triggered.
2025-09-19 12:09:08,309 - DEBUG - Fetching RSS feed: https://gengo.com/rss/available_jobs/6d9668ab271c486e52eb4d37b876cabd5a1cf2da958b7004205163 with headers: {}
2025-09-19 12:09:08,777 - DEBUG - RSS feed fetched successfully. Entries: 0
2025-09-19 12:09:08,778 - DEBUG - Processing 0 RSS entries.
2025-09-19 12:09:08,778 - DEBUG - Waiting for next RSS check: 31.00s (paused=False)
2025-09-19 12:09:39,778 - DEBUG - RSS check triggered.
2025-09-19 12:09:39,778 - DEBUG - Fetching RSS feed: https://gengo.com/rss/available_jobs/6d9668ab271c486e52eb4d37b876cabd5a1cf2da958b7004205163 with headers: {}
2025-09-19 12:09:40,238 - DEBUG - RSS feed fetched successfully. Entries: 0
2025-09-19 12:09:40,238 - DEBUG - Processing 0 RSS entries.
2025-09-19 12:09:40,238 - DEBUG - Waiting for next RSS check: 31.00s (paused=False)
2025-09-19 12:10:05,137 - DEBUG - WebSocket: Message received: {"type": "available_collection", "collection": {"id": 33883984, "lc_src": "ja", "lc_tgt": "en", "tier": "pro", "is_preferred": false, "currency": "JPY", "is_ezra": false, "type": "text", "content": "\u3054\u9023\u7d61\u3092\u3042\u308a\u304c\u3068\u3046\u3054\u3056\u3044\u307e\u3059\u3002\n\u4fee\u7406\u3067\u305d\u3061\u3089\u306b\u8fd4\u9001\u3057\u305f\uff13\u53f0\u306e\u3046\u3061\u3001\uff12\u53f0\u306b\u3064\u3044\u3066\u306f", "rewards": 4.46, "unit_count": 93, "has_tm": false, "filetype_src": 0}}
2025-09-19 12:10:05,137 - DEBUG - WebSocket: Message JSON: {'type': 'available_collection', 'collection': {'id': 33883984, 'lc_src': 'ja', 'lc_tgt': 'en', 'tier': 'pro', 'is_preferred': False, 'currency': 'JPY', 'is_ezra': False, 'type': 'text', 'content': 'ご連絡をありがとうございます。\n修理でそちらに返送した３台のうち、２台については', 'rewards': 4.46, 'unit_count': 93, 'has_tm': False, 'filetype_src': 0}}
2025-09-19 12:10:05,137 - DEBUG - WebSocket: Job data: {'id': 33883984, 'lc_src': 'ja', 'lc_tgt': 'en', 'tier': 'pro', 'is_preferred': False, 'currency': 'JPY', 'is_ezra': False, 'type': 'text', 'content': 'ご連絡をありがとうございます。\n修理でそちらに返送した３台のうち、２台については', 'rewards': 4.46, 'unit_count': 93, 'has_tm': False, 'filetype_src': 0}
2025-09-19 12:10:05,137 - DEBUG - Processing new job: 33883984, ja > en, 4.46, https://gengo.com/t/jobs/details/33883984, WebSocket
2025-09-19 12:10:05,137 - INFO - [success]New job via WebSocket: ja > en (US$ 4.46)[/success]
2025-09-19 12:10:05,137 - DEBUG - Showing notification: New Gengo Job Available! - ja > en
2025-09-19 12:10:05,141 - DEBUG - Attempting to play sound with paplay: /home/thomas/GengoWatcher/assets/alert.wav
2025-09-19 12:10:05,141 - DEBUG - Opening URL in browser: https://gengo.com/t/jobs/details/33883984
2025-09-19 12:10:05,142 - DEBUG - Added job 33883984 to storage
2025-09-19 12:10:05,142 - INFO - Job 33883984 meets auto-accept criteria, queuing for acceptance
2025-09-19 12:10:05,142 - INFO - Attempting to auto-accept job 33883984
2025-09-19 12:10:05,143 - DEBUG - Waiting 21.16s before accepting job 33883984
2025-09-19 12:10:05,929 - ERROR - Failed to initialize Chrome WebDriver: Message: unknown error: cannot find Chrome binary
Stacktrace:
#0 0x560f6bf8d4e3 <unknown>
#1 0x560f6bcbcc76 <unknown>
#2 0x560f6bce3757 <unknown>
#3 0x560f6bce2029 <unknown>
#4 0x560f6bd20ccc <unknown>
#5 0x560f6bd2047f <unknown>
#6 0x560f6bd17de3 <unknown>
#7 0x560f6bced2dd <unknown>
#8 0x560f6bcee34e <unknown>
#9 0x560f6bf4d3e4 <unknown>
#10 0x560f6bf513d7 <unknown>
#11 0x560f6bf5bb20 <unknown>
#12 0x560f6bf52023 <unknown>
#13 0x560f6bf201aa <unknown>
#14 0x560f6bf766b8 <unknown>
#15 0x560f6bf76847 <unknown>
#16 0x560f6bf86243 <unknown>
#17 0x7f46b54aa4f8 <unknown>

2025-09-19 12:10:05,929 - DEBUG - Accept watcher error: Message: unknown error: cannot find Chrome binary
Stacktrace:
#0 0x560f6bf8d4e3 <unknown>
#1 0x560f6bcbcc76 <unknown>
#2 0x560f6bce3757 <unknown>
#3 0x560f6bce2029 <unknown>
#4 0x560f6bd20ccc <unknown>
#5 0x560f6bd2047f <unknown>
#6 0x560f6bd17de3 <unknown>
#7 0x560f6bced2dd <unknown>
#8 0x560f6bcee34e <unknown>
#9 0x560f6bf4d3e4 <unknown>
#10 0x560f6bf513d7 <unknown>
#11 0x560f6bf5bb20 <unknown>
#12 0x560f6bf52023 <unknown>
#13 0x560f6bf201aa <unknown>
#14 0x560f6bf766b8 <unknown>
#15 0x560f6bf76847 <unknown>
#16 0x560f6bf86243 <unknown>
#17 0x7f46b54aa4f8 <unknown>

2025-09-19 12:10:11,016 - DEBUG - WebSocket: Message received: {"type": "unavailable_collection", "collection": {"id": 33883984, "lc_src": "ja", "lc_tgt": "en", "tier": "pro", "is_preferred": false, "currency": "JPY", "is_ezra": false, "type": "text", "content": "\u3054\u9023\u7d61\u3092\u3042\u308a\u304c\u3068\u3046\u3054\u3056\u3044\u307e\u3059\u3002\n\u4fee\u7406\u3067\u305d\u3061\u3089\u306b\u8fd4\u9001\u3057\u305f\uff13\u53f0\u306e\u3046\u3061\u3001\uff12\u53f0\u306b\u3064\u3044\u3066\u306f", "rewards": 4.46, "unit_count": 93, "has_tm": false, "filetype_src": 0}}
2025-09-19 12:10:11,016 - DEBUG - WebSocket: Message JSON: {'type': 'unavailable_collection', 'collection': {'id': 33883984, 'lc_src': 'ja', 'lc_tgt': 'en', 'tier': 'pro', 'is_preferred': False, 'currency': 'JPY', 'is_ezra': False, 'type': 'text', 'content': 'ご連絡をありがとうございます。\n修理でそちらに返送した３台のうち、２台については', 'rewards': 4.46, 'unit_count': 93, 'has_tm': False, 'filetype_src': 0}}
2025-09-19 12:10:11,238 - DEBUG - RSS check triggered.
2025-09-19 12:10:11,238 - DEBUG - Fetching RSS feed: https://gengo.com/rss/available_jobs/6d9668ab271c486e52eb4d37b876cabd5a1cf2da958b7004205163 with headers: {}
2025-09-19 12:10:11,780 - DEBUG - RSS feed fetched successfully. Entries: 0
2025-09-19 12:10:11,780 - DEBUG - Processing 0 RSS entries.
2025-09-19 12:10:11,780 - DEBUG - Waiting for next RSS check: 31.00s (paused=False)
2025-09-19 12:10:26,321 - DEBUG - Acceptance task raised
Traceback (most recent call last):
  File "/home/thomas/GengoWatcher/src/gengowatcher/job_acceptance.py", line 578, in _wait_for_winner
    result = task.result()
  File "/home/thomas/GengoWatcher/src/gengowatcher/job_acceptance.py", line 351, in _attempt_http_accept
    async with self.session.get(details_url, headers=headers, timeout=30) as response:
               ~~~~~~~~~~~~~~~~^^^^^^^^^^^^^^^^^^^^^^^^^^^^^^^^^^^^^^^^^^
  File "/home/thomas/GengoWatcher/src/.venv/lib/python3.13/site-packages/aiohttp/client.py", line 1488, in __aenter__
    self._resp: _RetType = await self._coro
                           ^^^^^^^^^^^^^^^^
  File "/home/thomas/GengoWatcher/src/.venv/lib/python3.13/site-packages/aiohttp/client.py", line 594, in _request
    handle = tm.start()
  File "/home/thomas/GengoWatcher/src/.venv/lib/python3.13/site-packages/aiohttp/helpers.py", line 587, in start
    return self._loop.call_at(when, self.__call__)
           ~~~~~~~~~~~~~~~~~~^^^^^^^^^^^^^^^^^^^^^
  File "/usr/lib/python3.13/asyncio/base_events.py", line 812, in call_at
    self._check_closed()
    ~~~~~~~~~~~~~~~~~~^^
  File "/usr/lib/python3.13/asyncio/base_events.py", line 556, in _check_closed
    raise RuntimeError('Event loop is closed')
RuntimeError: Event loop is closed
2025-09-19 12:10:27,013 - ERROR - Failed to initialize Chrome WebDriver: Message: unknown error: cannot find Chrome binary
Stacktrace:
#0 0x559e5a41a4e3 <unknown>
#1 0x559e5a149c76 <unknown>
#2 0x559e5a170757 <unknown>
#3 0x559e5a16f029 <unknown>
#4 0x559e5a1adccc <unknown>
#5 0x559e5a1ad47f <unknown>
#6 0x559e5a1a4de3 <unknown>
#7 0x559e5a17a2dd <unknown>
#8 0x559e5a17b34e <unknown>
#9 0x559e5a3da3e4 <unknown>
#10 0x559e5a3de3d7 <unknown>
#11 0x559e5a3e8b20 <unknown>
#12 0x559e5a3df023 <unknown>
#13 0x559e5a3ad1aa <unknown>
#14 0x559e5a4036b8 <unknown>
#15 0x559e5a403847 <unknown>
#16 0x559e5a413243 <unknown>
#17 0x7fdf1e6aa4f8 <unknown>

2025-09-19 12:10:27,014 - WARNING - Failed to accept job 33883984 via selenium (attempt 1/4). Reason: init_error:Message: unknown error: cannot find Chrome binary
Stacktrace:
#0 0x559e5a41a4e3 <unknown>
#1 0x559e5a149c76 <unknown>
#2 0x559e5a170757 <unknown>
#3 0x559e5a16f029 <unknown>
#4 0x559e5a1adccc <unknown>
#5 0x559e5a1ad47f <unknown>
#6 0x559e5a1a4de3 <unknown>
#7 0x559e5a17a2dd <unknown>
#8 0x559e5a17b34e <unknown>
#9 0x559e5a3da3e4 <unknown>
#10 0x559e5a3de3d7 <unknown>
#11 0x559e5a3e8b20 <unknown>
#12 0x559e5a3df023 <unknown>
#13 0x559e5a3ad1aa <unknown>
#14 0x559e5a4036b8 <unknown>
#15 0x559e5a403847 <unknown>
#16 0x559e5a413243 <unknown>
#17 0x7fdf1e6aa4f8 <unknown>

2025-09-19 12:10:27,014 - INFO - Retrying job 33883984 in 2.25s (attempt 2/4)
2025-09-19 12:10:29,260 - DEBUG - Acceptance task raised
Traceback (most recent call last):
  File "/home/thomas/GengoWatcher/src/gengowatcher/job_acceptance.py", line 578, in _wait_for_winner
    result = task.result()
  File "/home/thomas/GengoWatcher/src/gengowatcher/job_acceptance.py", line 351, in _attempt_http_accept
    async with self.session.get(details_url, headers=headers, timeout=30) as response:
               ~~~~~~~~~~~~~~~~^^^^^^^^^^^^^^^^^^^^^^^^^^^^^^^^^^^^^^^^^^
  File "/home/thomas/GengoWatcher/src/.venv/lib/python3.13/site-packages/aiohttp/client.py", line 1488, in __aenter__
    self._resp: _RetType = await self._coro
                           ^^^^^^^^^^^^^^^^
  File "/home/thomas/GengoWatcher/src/.venv/lib/python3.13/site-packages/aiohttp/client.py", line 594, in _request
    handle = tm.start()
  File "/home/thomas/GengoWatcher/src/.venv/lib/python3.13/site-packages/aiohttp/helpers.py", line 587, in start
    return self._loop.call_at(when, self.__call__)
           ~~~~~~~~~~~~~~~~~~^^^^^^^^^^^^^^^^^^^^^
  File "/usr/lib/python3.13/asyncio/base_events.py", line 812, in call_at
    self._check_closed()
    ~~~~~~~~~~~~~~~~~~^^
  File "/usr/lib/python3.13/asyncio/base_events.py", line 556, in _check_closed
    raise RuntimeError('Event loop is closed')
RuntimeError: Event loop is closed
2025-09-19 12:10:30,056 - ERROR - Failed to initialize Chrome WebDriver: Message: unknown error: cannot find Chrome binary
Stacktrace:
#0 0x55b8d2e224e3 <unknown>
#1 0x55b8d2b51c76 <unknown>
#2 0x55b8d2b78757 <unknown>
#3 0x55b8d2b77029 <unknown>
#4 0x55b8d2bb5ccc <unknown>
#5 0x55b8d2bb547f <unknown>
#6 0x55b8d2bacde3 <unknown>
#7 0x55b8d2b822dd <unknown>
#8 0x55b8d2b8334e <unknown>
#9 0x55b8d2de23e4 <unknown>
#10 0x55b8d2de63d7 <unknown>
#11 0x55b8d2df0b20 <unknown>
#12 0x55b8d2de7023 <unknown>
#13 0x55b8d2db51aa <unknown>
#14 0x55b8d2e0b6b8 <unknown>
#15 0x55b8d2e0b847 <unknown>
#16 0x55b8d2e1b243 <unknown>
#17 0x7f17242aa4f8 <unknown>

2025-09-19 12:10:30,056 - WARNING - Failed to accept job 33883984 via selenium (attempt 2/4). Reason: init_error:Message: unknown error: cannot find Chrome binary
Stacktrace:
#0 0x55b8d2e224e3 <unknown>
#1 0x55b8d2b51c76 <unknown>
#2 0x55b8d2b78757 <unknown>
#3 0x55b8d2b77029 <unknown>
#4 0x55b8d2bb5ccc <unknown>
#5 0x55b8d2bb547f <unknown>
#6 0x55b8d2bacde3 <unknown>
#7 0x55b8d2b822dd <unknown>
#8 0x55b8d2b8334e <unknown>
#9 0x55b8d2de23e4 <unknown>
#10 0x55b8d2de63d7 <unknown>
#11 0x55b8d2df0b20 <unknown>
#12 0x55b8d2de7023 <unknown>
#13 0x55b8d2db51aa <unknown>
#14 0x55b8d2e0b6b8 <unknown>
#15 0x55b8d2e0b847 <unknown>
#16 0x55b8d2e1b243 <unknown>
#17 0x7f17242aa4f8 <unknown>

2025-09-19 12:10:30,056 - INFO - Retrying job 33883984 in 4.44s (attempt 3/4)
2025-09-19 12:10:34,505 - DEBUG - Acceptance task raised
Traceback (most recent call last):
  File "/home/thomas/GengoWatcher/src/gengowatcher/job_acceptance.py", line 578, in _wait_for_winner
    result = task.result()
  File "/home/thomas/GengoWatcher/src/gengowatcher/job_acceptance.py", line 351, in _attempt_http_accept
    async with self.session.get(details_url, headers=headers, timeout=30) as response:
               ~~~~~~~~~~~~~~~~^^^^^^^^^^^^^^^^^^^^^^^^^^^^^^^^^^^^^^^^^^
  File "/home/thomas/GengoWatcher/src/.venv/lib/python3.13/site-packages/aiohttp/client.py", line 1488, in __aenter__
    self._resp: _RetType = await self._coro
                           ^^^^^^^^^^^^^^^^
  File "/home/thomas/GengoWatcher/src/.venv/lib/python3.13/site-packages/aiohttp/client.py", line 594, in _request
    handle = tm.start()
  File "/home/thomas/GengoWatcher/src/.venv/lib/python3.13/site-packages/aiohttp/helpers.py", line 587, in start
    return self._loop.call_at(when, self.__call__)
           ~~~~~~~~~~~~~~~~~~^^^^^^^^^^^^^^^^^^^^^
  File "/usr/lib/python3.13/asyncio/base_events.py", line 812, in call_at
    self._check_closed()
    ~~~~~~~~~~~~~~~~~~^^
  File "/usr/lib/python3.13/asyncio/base_events.py", line 556, in _check_closed
    raise RuntimeError('Event loop is closed')
RuntimeError: Event loop is closed
2025-09-19 12:10:35,271 - ERROR - Failed to initialize Chrome WebDriver: Message: unknown error: cannot find Chrome binary
Stacktrace:
#0 0x55dcde2e74e3 <unknown>
#1 0x55dcde016c76 <unknown>
#2 0x55dcde03d757 <unknown>
#3 0x55dcde03c029 <unknown>
#4 0x55dcde07accc <unknown>
#5 0x55dcde07a47f <unknown>
#6 0x55dcde071de3 <unknown>
#7 0x55dcde0472dd <unknown>
#8 0x55dcde04834e <unknown>
#9 0x55dcde2a73e4 <unknown>
#10 0x55dcde2ab3d7 <unknown>
#11 0x55dcde2b5b20 <unknown>
#12 0x55dcde2ac023 <unknown>
#13 0x55dcde27a1aa <unknown>
#14 0x55dcde2d06b8 <unknown>
#15 0x55dcde2d0847 <unknown>
#16 0x55dcde2e0243 <unknown>
#17 0x7fa402caa4f8 <unknown>

2025-09-19 12:10:35,271 - WARNING - Failed to accept job 33883984 via selenium (attempt 3/4). Reason: init_error:Message: unknown error: cannot find Chrome binary
Stacktrace:
#0 0x55dcde2e74e3 <unknown>
#1 0x55dcde016c76 <unknown>
#2 0x55dcde03d757 <unknown>
#3 0x55dcde03c029 <unknown>
#4 0x55dcde07accc <unknown>
#5 0x55dcde07a47f <unknown>
#6 0x55dcde071de3 <unknown>
#7 0x55dcde0472dd <unknown>
#8 0x55dcde04834e <unknown>
#9 0x55dcde2a73e4 <unknown>
#10 0x55dcde2ab3d7 <unknown>
#11 0x55dcde2b5b20 <unknown>
#12 0x55dcde2ac023 <unknown>
#13 0x55dcde27a1aa <unknown>
#14 0x55dcde2d06b8 <unknown>
#15 0x55dcde2d0847 <unknown>
#16 0x55dcde2e0243 <unknown>
#17 0x7fa402caa4f8 <unknown>

2025-09-19 12:10:35,271 - INFO - Retrying job 33883984 in 8.70s (attempt 4/4)
2025-09-19 12:10:42,781 - DEBUG - RSS check triggered.
2025-09-19 12:10:42,781 - DEBUG - Fetching RSS feed: https://gengo.com/rss/available_jobs/6d9668ab271c486e52eb4d37b876cabd5a1cf2da958b7004205163 with headers: {}
2025-09-19 12:10:43,248 - DEBUG - RSS feed fetched successfully. Entries: 0
2025-09-19 12:10:43,248 - DEBUG - Processing 0 RSS entries.
2025-09-19 12:10:43,248 - DEBUG - Waiting for next RSS check: 31.00s (paused=False)
2025-09-19 12:10:43,978 - DEBUG - Acceptance task raised
Traceback (most recent call last):
  File "/home/thomas/GengoWatcher/src/gengowatcher/job_acceptance.py", line 578, in _wait_for_winner
    result = task.result()
  File "/home/thomas/GengoWatcher/src/gengowatcher/job_acceptance.py", line 351, in _attempt_http_accept
    async with self.session.get(details_url, headers=headers, timeout=30) as response:
               ~~~~~~~~~~~~~~~~^^^^^^^^^^^^^^^^^^^^^^^^^^^^^^^^^^^^^^^^^^
  File "/home/thomas/GengoWatcher/src/.venv/lib/python3.13/site-packages/aiohttp/client.py", line 1488, in __aenter__
    self._resp: _RetType = await self._coro
                           ^^^^^^^^^^^^^^^^
  File "/home/thomas/GengoWatcher/src/.venv/lib/python3.13/site-packages/aiohttp/client.py", line 594, in _request
    handle = tm.start()
  File "/home/thomas/GengoWatcher/src/.venv/lib/python3.13/site-packages/aiohttp/helpers.py", line 587, in start
    return self._loop.call_at(when, self.__call__)
           ~~~~~~~~~~~~~~~~~~^^^^^^^^^^^^^^^^^^^^^
  File "/usr/lib/python3.13/asyncio/base_events.py", line 812, in call_at
    self._check_closed()
    ~~~~~~~~~~~~~~~~~~^^
  File "/usr/lib/python3.13/asyncio/base_events.py", line 556, in _check_closed
    raise RuntimeError('Event loop is closed')
RuntimeError: Event loop is closed
2025-09-19 12:10:44,696 - ERROR - Failed to initialize Chrome WebDriver: Message: unknown error: cannot find Chrome binary
Stacktrace:
#0 0x56172fc644e3 <unknown>
#1 0x56172f993c76 <unknown>
#2 0x56172f9ba757 <unknown>
#3 0x56172f9b9029 <unknown>
#4 0x56172f9f7ccc <unknown>
#5 0x56172f9f747f <unknown>
#6 0x56172f9eede3 <unknown>
#7 0x56172f9c42dd <unknown>
#8 0x56172f9c534e <unknown>
#9 0x56172fc243e4 <unknown>
#10 0x56172fc283d7 <unknown>
#11 0x56172fc32b20 <unknown>
#12 0x56172fc29023 <unknown>
#13 0x56172fbf71aa <unknown>
#14 0x56172fc4d6b8 <unknown>
#15 0x56172fc4d847 <unknown>
#16 0x56172fc5d243 <unknown>
#17 0x7f89d96aa4f8 <unknown>

2025-09-19 12:10:44,697 - WARNING - Failed to accept job 33883984 via selenium (attempt 4/4). Reason: init_error:Message: unknown error: cannot find Chrome binary
Stacktrace:
#0 0x56172fc644e3 <unknown>
#1 0x56172f993c76 <unknown>
#2 0x56172f9ba757 <unknown>
#3 0x56172f9b9029 <unknown>
#4 0x56172f9f7ccc <unknown>
#5 0x56172f9f747f <unknown>
#6 0x56172f9eede3 <unknown>
#7 0x56172f9c42dd <unknown>
#8 0x56172f9c534e <unknown>
#9 0x56172fc243e4 <unknown>
#10 0x56172fc283d7 <unknown>
#11 0x56172fc32b20 <unknown>
#12 0x56172fc29023 <unknown>
#13 0x56172fbf71aa <unknown>
#14 0x56172fc4d6b8 <unknown>
#15 0x56172fc4d847 <unknown>
#16 0x56172fc5d243 <unknown>
#17 0x7f89d96aa4f8 <unknown>

2025-09-19 12:10:44,697 - ERROR - Failed to accept job 33883984 after 4 attempts (last reason: init_error:Message: unknown error: cannot find Chrome binary
Stacktrace:
#0 0x56172fc644e3 <unknown>
#1 0x56172f993c76 <unknown>
#2 0x56172f9ba757 <unknown>
#3 0x56172f9b9029 <unknown>
#4 0x56172f9f7ccc <unknown>
#5 0x56172f9f747f <unknown>
#6 0x56172f9eede3 <unknown>
#7 0x56172f9c42dd <unknown>
#8 0x56172f9c534e <unknown>
#9 0x56172fc243e4 <unknown>
#10 0x56172fc283d7 <unknown>
#11 0x56172fc32b20 <unknown>
#12 0x56172fc29023 <unknown>
#13 0x56172fbf71aa <unknown>
#14 0x56172fc4d6b8 <unknown>
#15 0x56172fc4d847 <unknown>
#16 0x56172fc5d243 <unknown>
#17 0x7f89d96aa4f8 <unknown>
)
2025-09-19 12:11:14,248 - DEBUG - RSS check triggered.
2025-09-19 12:11:14,248 - DEBUG - Fetching RSS feed: https://gengo.com/rss/available_jobs/6d9668ab271c486e52eb4d37b876cabd5a1cf2da958b7004205163 with headers: {}
2025-09-19 12:11:14,872 - DEBUG - RSS feed fetched successfully. Entries: 0
2025-09-19 12:11:14,872 - DEBUG - Processing 0 RSS entries.
2025-09-19 12:11:14,872 - DEBUG - Waiting for next RSS check: 31.00s (paused=False)
2025-09-19 12:11:45,872 - DEBUG - RSS check triggered.
2025-09-19 12:11:45,872 - DEBUG - Fetching RSS feed: https://gengo.com/rss/available_jobs/6d9668ab271c486e52eb4d37b876cabd5a1cf2da958b7004205163 with headers: {}
2025-09-19 12:11:46,318 - DEBUG - RSS feed fetched successfully. Entries: 0
2025-09-19 12:11:46,318 - DEBUG - Processing 0 RSS entries.
2025-09-19 12:11:46,318 - DEBUG - Waiting for next RSS check: 31.00s (paused=False)
2025-09-19 12:12:17,318 - DEBUG - RSS check triggered.
2025-09-19 12:12:17,318 - DEBUG - Fetching RSS feed: https://gengo.com/rss/available_jobs/6d9668ab271c486e52eb4d37b876cabd5a1cf2da958b7004205163 with headers: {}
2025-09-19 12:12:17,841 - DEBUG - RSS feed fetched successfully. Entries: 0
2025-09-19 12:12:17,841 - DEBUG - Processing 0 RSS entries.
2025-09-19 12:12:17,841 - DEBUG - Waiting for next RSS check: 31.00s (paused=False)
2025-09-19 12:12:48,841 - DEBUG - RSS check triggered.
2025-09-19 12:12:48,842 - DEBUG - Fetching RSS feed: https://gengo.com/rss/available_jobs/6d9668ab271c486e52eb4d37b876cabd5a1cf2da958b7004205163 with headers: {}
2025-09-19 12:12:49,316 - DEBUG - RSS feed fetched successfully. Entries: 0
2025-09-19 12:12:49,316 - DEBUG - Processing 0 RSS entries.
2025-09-19 12:12:49,316 - DEBUG - Waiting for next RSS check: 31.00s (paused=False)
2025-09-19 12:13:20,316 - DEBUG - RSS check triggered.
2025-09-19 12:13:20,316 - DEBUG - Fetching RSS feed: https://gengo.com/rss/available_jobs/6d9668ab271c486e52eb4d37b876cabd5a1cf2da958b7004205163 with headers: {}
2025-09-19 12:13:20,820 - DEBUG - RSS feed fetched successfully. Entries: 0
2025-09-19 12:13:20,820 - DEBUG - Processing 0 RSS entries.
2025-09-19 12:13:20,820 - DEBUG - Waiting for next RSS check: 31.00s (paused=False)
2025-09-19 12:13:51,820 - DEBUG - RSS check triggered.
2025-09-19 12:13:51,820 - DEBUG - Fetching RSS feed: https://gengo.com/rss/available_jobs/6d9668ab271c486e52eb4d37b876cabd5a1cf2da958b7004205163 with headers: {}
2025-09-19 12:13:52,475 - DEBUG - RSS feed fetched successfully. Entries: 0
2025-09-19 12:13:52,475 - DEBUG - Processing 0 RSS entries.
2025-09-19 12:13:52,475 - DEBUG - Waiting for next RSS check: 31.00s (paused=False)
2025-09-19 12:14:23,476 - DEBUG - RSS check triggered.
2025-09-19 12:14:23,476 - DEBUG - Fetching RSS feed: https://gengo.com/rss/available_jobs/6d9668ab271c486e52eb4d37b876cabd5a1cf2da958b7004205163 with headers: {}
2025-09-19 12:14:23,950 - DEBUG - RSS feed fetched successfully. Entries: 0
2025-09-19 12:14:23,950 - DEBUG - Processing 0 RSS entries.
2025-09-19 12:14:23,950 - DEBUG - Waiting for next RSS check: 31.00s (paused=False)
2025-09-19 12:14:54,950 - DEBUG - RSS check triggered.
2025-09-19 12:14:54,951 - DEBUG - Fetching RSS feed: https://gengo.com/rss/available_jobs/6d9668ab271c486e52eb4d37b876cabd5a1cf2da958b7004205163 with headers: {}
2025-09-19 12:14:55,430 - DEBUG - RSS feed fetched successfully. Entries: 0
2025-09-19 12:14:55,430 - DEBUG - Processing 0 RSS entries.
2025-09-19 12:14:55,430 - DEBUG - Waiting for next RSS check: 31.00s (paused=False)
2025-09-19 12:15:26,430 - DEBUG - RSS check triggered.
2025-09-19 12:15:26,430 - DEBUG - Fetching RSS feed: https://gengo.com/rss/available_jobs/6d9668ab271c486e52eb4d37b876cabd5a1cf2da958b7004205163 with headers: {}
2025-09-19 12:15:26,930 - DEBUG - RSS feed fetched successfully. Entries: 0
2025-09-19 12:15:26,931 - DEBUG - Processing 0 RSS entries.
2025-09-19 12:15:26,931 - DEBUG - Waiting for next RSS check: 31.00s (paused=False)
2025-09-19 12:15:57,931 - DEBUG - RSS check triggered.
2025-09-19 12:15:57,931 - DEBUG - Fetching RSS feed: https://gengo.com/rss/available_jobs/6d9668ab271c486e52eb4d37b876cabd5a1cf2da958b7004205163 with headers: {}
2025-09-19 12:15:58,380 - DEBUG - RSS feed fetched successfully. Entries: 0
2025-09-19 12:15:58,381 - DEBUG - Processing 0 RSS entries.
2025-09-19 12:15:58,381 - DEBUG - Waiting for next RSS check: 31.00s (paused=False)
2025-09-19 12:16:29,381 - DEBUG - RSS check triggered.
2025-09-19 12:16:29,381 - DEBUG - Fetching RSS feed: https://gengo.com/rss/available_jobs/6d9668ab271c486e52eb4d37b876cabd5a1cf2da958b7004205163 with headers: {}
2025-09-19 12:16:29,911 - DEBUG - RSS feed fetched successfully. Entries: 0
2025-09-19 12:16:29,911 - DEBUG - Processing 0 RSS entries.
2025-09-19 12:16:29,911 - DEBUG - Waiting for next RSS check: 31.00s (paused=False)
2025-09-19 12:17:00,912 - DEBUG - RSS check triggered.
2025-09-19 12:17:00,912 - DEBUG - Fetching RSS feed: https://gengo.com/rss/available_jobs/6d9668ab271c486e52eb4d37b876cabd5a1cf2da958b7004205163 with headers: {}
2025-09-19 12:17:01,524 - DEBUG - RSS feed fetched successfully. Entries: 0
2025-09-19 12:17:01,524 - DEBUG - Processing 0 RSS entries.
2025-09-19 12:17:01,524 - DEBUG - Waiting for next RSS check: 31.00s (paused=False)
2025-09-19 12:17:32,525 - DEBUG - RSS check triggered.
2025-09-19 12:17:32,525 - DEBUG - Fetching RSS feed: https://gengo.com/rss/available_jobs/6d9668ab271c486e52eb4d37b876cabd5a1cf2da958b7004205163 with headers: {}
2025-09-19 12:17:33,163 - DEBUG - RSS feed fetched successfully. Entries: 0
2025-09-19 12:17:33,163 - DEBUG - Processing 0 RSS entries.
2025-09-19 12:17:33,164 - DEBUG - Waiting for next RSS check: 31.00s (paused=False)
2025-09-19 12:18:04,164 - DEBUG - RSS check triggered.
2025-09-19 12:18:04,164 - DEBUG - Fetching RSS feed: https://gengo.com/rss/available_jobs/6d9668ab271c486e52eb4d37b876cabd5a1cf2da958b7004205163 with headers: {}
2025-09-19 12:18:04,650 - DEBUG - RSS feed fetched successfully. Entries: 0
2025-09-19 12:18:04,650 - DEBUG - Processing 0 RSS entries.
2025-09-19 12:18:04,650 - DEBUG - Waiting for next RSS check: 31.00s (paused=False)
2025-09-19 12:18:35,650 - DEBUG - RSS check triggered.
2025-09-19 12:18:35,650 - DEBUG - Fetching RSS feed: https://gengo.com/rss/available_jobs/6d9668ab271c486e52eb4d37b876cabd5a1cf2da958b7004205163 with headers: {}
2025-09-19 12:18:36,139 - DEBUG - RSS feed fetched successfully. Entries: 0
2025-09-19 12:18:36,140 - DEBUG - Processing 0 RSS entries.
2025-09-19 12:18:36,140 - DEBUG - Waiting for next RSS check: 31.00s (paused=False)
2025-09-19 12:19:07,140 - DEBUG - RSS check triggered.
2025-09-19 12:19:07,140 - DEBUG - Fetching RSS feed: https://gengo.com/rss/available_jobs/6d9668ab271c486e52eb4d37b876cabd5a1cf2da958b7004205163 with headers: {}
2025-09-19 12:19:07,676 - DEBUG - RSS feed fetched successfully. Entries: 0
2025-09-19 12:19:07,676 - DEBUG - Processing 0 RSS entries.
2025-09-19 12:19:07,676 - DEBUG - Waiting for next RSS check: 31.00s (paused=False)
2025-09-19 12:19:38,677 - DEBUG - RSS check triggered.
2025-09-19 12:19:38,677 - DEBUG - Fetching RSS feed: https://gengo.com/rss/available_jobs/6d9668ab271c486e52eb4d37b876cabd5a1cf2da958b7004205163 with headers: {}
2025-09-19 12:19:39,187 - DEBUG - RSS feed fetched successfully. Entries: 0
2025-09-19 12:19:39,188 - DEBUG - Processing 0 RSS entries.
2025-09-19 12:19:39,188 - DEBUG - Waiting for next RSS check: 31.00s (paused=False)
2025-09-19 12:20:10,188 - DEBUG - RSS check triggered.
2025-09-19 12:20:10,188 - DEBUG - Fetching RSS feed: https://gengo.com/rss/available_jobs/6d9668ab271c486e52eb4d37b876cabd5a1cf2da958b7004205163 with headers: {}
2025-09-19 12:20:10,648 - DEBUG - RSS feed fetched successfully. Entries: 0
2025-09-19 12:20:10,648 - DEBUG - Processing 0 RSS entries.
2025-09-19 12:20:10,648 - DEBUG - Waiting for next RSS check: 31.00s (paused=False)
2025-09-19 12:20:41,648 - DEBUG - RSS check triggered.
2025-09-19 12:20:41,648 - DEBUG - Fetching RSS feed: https://gengo.com/rss/available_jobs/6d9668ab271c486e52eb4d37b876cabd5a1cf2da958b7004205163 with headers: {}
2025-09-19 12:20:42,123 - DEBUG - RSS feed fetched successfully. Entries: 0
2025-09-19 12:20:42,124 - DEBUG - Processing 0 RSS entries.
2025-09-19 12:20:42,124 - DEBUG - Waiting for next RSS check: 31.00s (paused=False)
2025-09-19 12:21:13,124 - DEBUG - RSS check triggered.
2025-09-19 12:21:13,124 - DEBUG - Fetching RSS feed: https://gengo.com/rss/available_jobs/6d9668ab271c486e52eb4d37b876cabd5a1cf2da958b7004205163 with headers: {}
2025-09-19 12:21:13,591 - DEBUG - RSS feed fetched successfully. Entries: 0
2025-09-19 12:21:13,591 - DEBUG - Processing 0 RSS entries.
2025-09-19 12:21:13,591 - DEBUG - Waiting for next RSS check: 31.00s (paused=False)
2025-09-19 12:21:44,591 - DEBUG - RSS check triggered.
2025-09-19 12:21:44,591 - DEBUG - Fetching RSS feed: https://gengo.com/rss/available_jobs/6d9668ab271c486e52eb4d37b876cabd5a1cf2da958b7004205163 with headers: {}
2025-09-19 12:21:45,107 - DEBUG - RSS feed fetched successfully. Entries: 0
2025-09-19 12:21:45,107 - DEBUG - Processing 0 RSS entries.
2025-09-19 12:21:45,107 - DEBUG - Waiting for next RSS check: 31.00s (paused=False)
2025-09-19 12:22:16,107 - DEBUG - RSS check triggered.
2025-09-19 12:22:16,107 - DEBUG - Fetching RSS feed: https://gengo.com/rss/available_jobs/6d9668ab271c486e52eb4d37b876cabd5a1cf2da958b7004205163 with headers: {}
2025-09-19 12:22:16,591 - DEBUG - RSS feed fetched successfully. Entries: 0
2025-09-19 12:22:16,591 - DEBUG - Processing 0 RSS entries.
2025-09-19 12:22:16,591 - DEBUG - Waiting for next RSS check: 31.00s (paused=False)
2025-09-19 12:22:32,840 - DEBUG - WebSocket: Message received: {"type": "available_collection", "collection": {"id": 33883992, "lc_src": "ja", "lc_tgt": "en", "tier": "standard", "is_preferred": false, "currency": "USD", "is_ezra": false, "type": "text", "content": "\u9867\u5ba2\u306f\u73fe\u5728\u30cd\u30c3\u30c8\u30ef\u30fc\u30af\u3084\u30a8\u30f3\u30c9\u30dd\u30a4\u30f3\u30c8\u306e\u66f4\u65b0\u3092\u691c\u8a0e\u3057\u3066\u304a\u308a\u307e\u3059\u3002\n\u305d\u306e\u4e00\u74b0\u3067\u79c1\u305f", "rewards": 1.1, "unit_count": 55, "has_tm": false, "filetype_src": 0}}
2025-09-19 12:22:32,840 - DEBUG - WebSocket: Message JSON: {'type': 'available_collection', 'collection': {'id': 33883992, 'lc_src': 'ja', 'lc_tgt': 'en', 'tier': 'standard', 'is_preferred': False, 'currency': 'USD', 'is_ezra': False, 'type': 'text', 'content': '顧客は現在ネットワークやエンドポイントの更新を検討しております。\nその一環で私た', 'rewards': 1.1, 'unit_count': 55, 'has_tm': False, 'filetype_src': 0}}
2025-09-19 12:22:32,840 - DEBUG - WebSocket: Job data: {'id': 33883992, 'lc_src': 'ja', 'lc_tgt': 'en', 'tier': 'standard', 'is_preferred': False, 'currency': 'USD', 'is_ezra': False, 'type': 'text', 'content': '顧客は現在ネットワークやエンドポイントの更新を検討しております。\nその一環で私た', 'rewards': 1.1, 'unit_count': 55, 'has_tm': False, 'filetype_src': 0}
2025-09-19 12:22:32,840 - DEBUG - Processing new job: 33883992, ja > en, 1.1, https://gengo.com/t/jobs/details/33883992, WebSocket
2025-09-19 12:22:32,840 - INFO - [success]New job via WebSocket: ja > en (US$ 1.10)[/success]
2025-09-19 12:22:32,840 - DEBUG - Showing notification: New Gengo Job Available! - ja > en
2025-09-19 12:22:32,843 - DEBUG - Attempting to play sound with paplay: /home/thomas/GengoWatcher/assets/alert.wav
2025-09-19 12:22:32,843 - DEBUG - Opening URL in browser: https://gengo.com/t/jobs/details/33883992
2025-09-19 12:22:32,843 - DEBUG - Added job 33883992 to storage
2025-09-19 12:22:32,844 - DEBUG - Job 33883992 rejected: reward 1.1 not in range [2.0, 999999.0]
2025-09-19 12:22:32,844 - DEBUG - Job 33883992 does not meet auto-accept criteria
2025-09-19 12:22:37,404 - DEBUG - WebSocket: Message received: {"type": "unavailable_collection", "collection": {"id": 33883992, "lc_src": "ja", "lc_tgt": "en", "tier": "standard", "is_preferred": false, "currency": "USD", "is_ezra": false, "type": "text", "content": "\u9867\u5ba2\u306f\u73fe\u5728\u30cd\u30c3\u30c8\u30ef\u30fc\u30af\u3084\u30a8\u30f3\u30c9\u30dd\u30a4\u30f3\u30c8\u306e\u66f4\u65b0\u3092\u691c\u8a0e\u3057\u3066\u304a\u308a\u307e\u3059\u3002\n\u305d\u306e\u4e00\u74b0\u3067\u79c1\u305f", "rewards": 1.1, "unit_count": 55, "has_tm": false, "filetype_src": 0}}
2025-09-19 12:22:37,404 - DEBUG - WebSocket: Message JSON: {'type': 'unavailable_collection', 'collection': {'id': 33883992, 'lc_src': 'ja', 'lc_tgt': 'en', 'tier': 'standard', 'is_preferred': False, 'currency': 'USD', 'is_ezra': False, 'type': 'text', 'content': '顧客は現在ネットワークやエンドポイントの更新を検討しております。\nその一環で私た', 'rewards': 1.1, 'unit_count': 55, 'has_tm': False, 'filetype_src': 0}}
2025-09-19 12:22:47,591 - DEBUG - RSS check triggered.
2025-09-19 12:22:47,592 - DEBUG - Fetching RSS feed: https://gengo.com/rss/available_jobs/6d9668ab271c486e52eb4d37b876cabd5a1cf2da958b7004205163 with headers: {}
2025-09-19 12:22:48,090 - DEBUG - RSS feed fetched successfully. Entries: 0
2025-09-19 12:22:48,090 - DEBUG - Processing 0 RSS entries.
2025-09-19 12:22:48,090 - DEBUG - Waiting for next RSS check: 31.00s (paused=False)
2025-09-19 12:23:19,090 - DEBUG - RSS check triggered.
2025-09-19 12:23:19,090 - DEBUG - Fetching RSS feed: https://gengo.com/rss/available_jobs/6d9668ab271c486e52eb4d37b876cabd5a1cf2da958b7004205163 with headers: {}
2025-09-19 12:23:19,601 - DEBUG - RSS feed fetched successfully. Entries: 0
2025-09-19 12:23:19,601 - DEBUG - Processing 0 RSS entries.
2025-09-19 12:23:19,601 - DEBUG - Waiting for next RSS check: 31.00s (paused=False)
2025-09-19 12:23:50,601 - DEBUG - RSS check triggered.
2025-09-19 12:23:50,601 - DEBUG - Fetching RSS feed: https://gengo.com/rss/available_jobs/6d9668ab271c486e52eb4d37b876cabd5a1cf2da958b7004205163 with headers: {}
2025-09-19 12:23:51,199 - DEBUG - RSS feed fetched successfully. Entries: 0
2025-09-19 12:23:51,200 - DEBUG - Processing 0 RSS entries.
2025-09-19 12:23:51,200 - DEBUG - Waiting for next RSS check: 31.00s (paused=False)
2025-09-19 12:24:22,200 - DEBUG - RSS check triggered.
2025-09-19 12:24:22,200 - DEBUG - Fetching RSS feed: https://gengo.com/rss/available_jobs/6d9668ab271c486e52eb4d37b876cabd5a1cf2da958b7004205163 with headers: {}
2025-09-19 12:24:22,644 - DEBUG - RSS feed fetched successfully. Entries: 0
2025-09-19 12:24:22,644 - DEBUG - Processing 0 RSS entries.
2025-09-19 12:24:22,644 - DEBUG - Waiting for next RSS check: 31.00s (paused=False)
2025-09-19 12:24:53,644 - DEBUG - RSS check triggered.
2025-09-19 12:24:53,644 - DEBUG - Fetching RSS feed: https://gengo.com/rss/available_jobs/6d9668ab271c486e52eb4d37b876cabd5a1cf2da958b7004205163 with headers: {}
2025-09-19 12:24:54,132 - DEBUG - RSS feed fetched successfully. Entries: 0
2025-09-19 12:24:54,132 - DEBUG - Processing 0 RSS entries.
2025-09-19 12:24:54,133 - DEBUG - Waiting for next RSS check: 31.00s (paused=False)
2025-09-19 12:25:25,133 - DEBUG - RSS check triggered.
2025-09-19 12:25:25,133 - DEBUG - Fetching RSS feed: https://gengo.com/rss/available_jobs/6d9668ab271c486e52eb4d37b876cabd5a1cf2da958b7004205163 with headers: {}
2025-09-19 12:25:25,609 - DEBUG - RSS feed fetched successfully. Entries: 0
2025-09-19 12:25:25,610 - DEBUG - Processing 0 RSS entries.
2025-09-19 12:25:25,610 - DEBUG - Waiting for next RSS check: 31.00s (paused=False)
2025-09-19 12:25:56,610 - DEBUG - RSS check triggered.
2025-09-19 12:25:56,610 - DEBUG - Fetching RSS feed: https://gengo.com/rss/available_jobs/6d9668ab271c486e52eb4d37b876cabd5a1cf2da958b7004205163 with headers: {}
2025-09-19 12:25:57,127 - DEBUG - RSS feed fetched successfully. Entries: 0
2025-09-19 12:25:57,127 - DEBUG - Processing 0 RSS entries.
2025-09-19 12:25:57,127 - DEBUG - Waiting for next RSS check: 31.00s (paused=False)
2025-09-19 12:26:28,127 - DEBUG - RSS check triggered.
2025-09-19 12:26:28,127 - DEBUG - Fetching RSS feed: https://gengo.com/rss/available_jobs/6d9668ab271c486e52eb4d37b876cabd5a1cf2da958b7004205163 with headers: {}
2025-09-19 12:26:28,581 - DEBUG - RSS feed fetched successfully. Entries: 0
2025-09-19 12:26:28,581 - DEBUG - Processing 0 RSS entries.
2025-09-19 12:26:28,581 - DEBUG - Waiting for next RSS check: 31.00s (paused=False)
2025-09-19 12:26:59,581 - DEBUG - RSS check triggered.
2025-09-19 12:26:59,581 - DEBUG - Fetching RSS feed: https://gengo.com/rss/available_jobs/6d9668ab271c486e52eb4d37b876cabd5a1cf2da958b7004205163 with headers: {}
2025-09-19 12:27:00,080 - DEBUG - RSS feed fetched successfully. Entries: 0
2025-09-19 12:27:00,080 - DEBUG - Processing 0 RSS entries.
2025-09-19 12:27:00,080 - DEBUG - Waiting for next RSS check: 31.00s (paused=False)
2025-09-19 12:27:31,080 - DEBUG - RSS check triggered.
2025-09-19 12:27:31,081 - DEBUG - Fetching RSS feed: https://gengo.com/rss/available_jobs/6d9668ab271c486e52eb4d37b876cabd5a1cf2da958b7004205163 with headers: {}
2025-09-19 12:27:31,562 - DEBUG - RSS feed fetched successfully. Entries: 0
2025-09-19 12:27:31,562 - DEBUG - Processing 0 RSS entries.
2025-09-19 12:27:31,562 - DEBUG - Waiting for next RSS check: 31.00s (paused=False)
2025-09-19 12:28:02,562 - DEBUG - RSS check triggered.
2025-09-19 12:28:02,562 - DEBUG - Fetching RSS feed: https://gengo.com/rss/available_jobs/6d9668ab271c486e52eb4d37b876cabd5a1cf2da958b7004205163 with headers: {}
2025-09-19 12:28:03,122 - DEBUG - RSS feed fetched successfully. Entries: 0
2025-09-19 12:28:03,122 - DEBUG - Processing 0 RSS entries.
2025-09-19 12:28:03,122 - DEBUG - Waiting for next RSS check: 31.00s (paused=False)
2025-09-19 12:28:34,122 - DEBUG - RSS check triggered.
2025-09-19 12:28:34,122 - DEBUG - Fetching RSS feed: https://gengo.com/rss/available_jobs/6d9668ab271c486e52eb4d37b876cabd5a1cf2da958b7004205163 with headers: {}
2025-09-19 12:28:34,608 - DEBUG - RSS feed fetched successfully. Entries: 0
2025-09-19 12:28:34,608 - DEBUG - Processing 0 RSS entries.
2025-09-19 12:28:34,608 - DEBUG - Waiting for next RSS check: 31.00s (paused=False)
2025-09-19 12:29:05,608 - DEBUG - RSS check triggered.
2025-09-19 12:29:05,608 - DEBUG - Fetching RSS feed: https://gengo.com/rss/available_jobs/6d9668ab271c486e52eb4d37b876cabd5a1cf2da958b7004205163 with headers: {}
2025-09-19 12:29:06,457 - DEBUG - RSS feed fetched successfully. Entries: 0
2025-09-19 12:29:06,458 - DEBUG - Processing 0 RSS entries.
2025-09-19 12:29:06,458 - DEBUG - Waiting for next RSS check: 31.00s (paused=False)
2025-09-19 12:29:37,458 - DEBUG - RSS check triggered.
2025-09-19 12:29:37,458 - DEBUG - Fetching RSS feed: https://gengo.com/rss/available_jobs/6d9668ab271c486e52eb4d37b876cabd5a1cf2da958b7004205163 with headers: {}
2025-09-19 12:29:37,934 - DEBUG - RSS feed fetched successfully. Entries: 1
2025-09-19 12:29:37,934 - DEBUG - Processing 1 RSS entries.
2025-09-19 12:29:37,934 - DEBUG - Logging 1 entries to CSV.
2025-09-19 12:29:37,934 - DEBUG - Extracting reward from entry: (Standard) | [[[The Movie: You and Idol Precure♪]]] お | 170 chars | Reward: US$3.40 | Japanese/English | [[[The Movie: You and Idol Precure♪]]] お
2025-09-19 12:29:37,934 - DEBUG - Found 1 new RSS entries.
2025-09-19 12:29:37,935 - DEBUG - Processing new RSS entry: (Standard) | [[[The Movie: You and Idol Precure♪]]] お | 170 chars | Reward: US$3.40 | Japanese/English https://gengo.com/t/jobs/details/33883996?referral=rss
2025-09-19 12:29:37,935 - DEBUG - Extracting reward from entry: (Standard) | [[[The Movie: You and Idol Precure♪]]] お | 170 chars | Reward: US$3.40 | Japanese/English | [[[The Movie: You and Idol Precure♪]]] お
2025-09-19 12:29:37,935 - DEBUG - Processing new job: 33883996, (Standard) | [[[The Movie: You and Idol Precure♪]]] お | 170 chars | Reward: US$3.40 | Japanese/English, 3.4, https://gengo.com/t/jobs/details/33883996?referral=rss, RSS
2025-09-19 12:29:37,935 - INFO - [success]New job via RSS: (Standard) (US$ 3.40)[/success]
2025-09-19 12:29:37,935 - DEBUG - Showing notification: New Gengo Job Available! - (Standard) | [[[The Movie: You and Idol Precure♪]]] お | 170 chars | Reward: US$3.40 | Japanese/English
2025-09-19 12:29:37,938 - DEBUG - Attempting to play sound with paplay: /home/thomas/GengoWatcher/assets/alert.wav
2025-09-19 12:29:37,938 - DEBUG - Opening URL in browser: https://gengo.com/t/jobs/details/33883996?referral=rss
2025-09-19 12:29:37,939 - DEBUG - Added job 33883996 to storage
2025-09-19 12:29:37,939 - INFO - Job 33883996 meets auto-accept criteria, queuing for acceptance
2025-09-19 12:29:37,939 - INFO - Attempting to auto-accept job 33883996
2025-09-19 12:29:37,939 - DEBUG - Waiting 11.94s before accepting job 33883996
2025-09-19 12:29:37,940 - DEBUG - Waiting for next RSS check: 31.00s (paused=False)
2025-09-19 12:29:38,637 - ERROR - Failed to initialize Chrome WebDriver: Message: unknown error: cannot find Chrome binary
Stacktrace:
#0 0x563b64bb64e3 <unknown>
#1 0x563b648e5c76 <unknown>
#2 0x563b6490c757 <unknown>
#3 0x563b6490b029 <unknown>
#4 0x563b64949ccc <unknown>
#5 0x563b6494947f <unknown>
#6 0x563b64940de3 <unknown>
#7 0x563b649162dd <unknown>
#8 0x563b6491734e <unknown>
#9 0x563b64b763e4 <unknown>
#10 0x563b64b7a3d7 <unknown>
#11 0x563b64b84b20 <unknown>
#12 0x563b64b7b023 <unknown>
#13 0x563b64b491aa <unknown>
#14 0x563b64b9f6b8 <unknown>
#15 0x563b64b9f847 <unknown>
#16 0x563b64baf243 <unknown>
#17 0x7f87e38aa4f8 <unknown>

2025-09-19 12:29:38,637 - DEBUG - Accept watcher error: Message: unknown error: cannot find Chrome binary
Stacktrace:
#0 0x563b64bb64e3 <unknown>
#1 0x563b648e5c76 <unknown>
#2 0x563b6490c757 <unknown>
#3 0x563b6490b029 <unknown>
#4 0x563b64949ccc <unknown>
#5 0x563b6494947f <unknown>
#6 0x563b64940de3 <unknown>
#7 0x563b649162dd <unknown>
#8 0x563b6491734e <unknown>
#9 0x563b64b763e4 <unknown>
#10 0x563b64b7a3d7 <unknown>
#11 0x563b64b84b20 <unknown>
#12 0x563b64b7b023 <unknown>
#13 0x563b64b491aa <unknown>
#14 0x563b64b9f6b8 <unknown>
#15 0x563b64b9f847 <unknown>
#16 0x563b64baf243 <unknown>
#17 0x7f87e38aa4f8 <unknown>

2025-09-19 12:29:48,018 - DEBUG - WebSocket: Message received: {"type": "unavailable_collection", "collection": {"id": 33883996, "lc_src": "ja", "lc_tgt": "en", "tier": "standard", "is_preferred": false, "currency": "JPY", "is_ezra": false, "type": "text", "content": "[[[The Movie: You and Idol Precure\u266a]]] \u304a", "rewards": 3.4, "unit_count": 170, "has_tm": false, "filetype_src": 0}}
2025-09-19 12:29:48,018 - DEBUG - WebSocket: Message JSON: {'type': 'unavailable_collection', 'collection': {'id': 33883996, 'lc_src': 'ja', 'lc_tgt': 'en', 'tier': 'standard', 'is_preferred': False, 'currency': 'JPY', 'is_ezra': False, 'type': 'text', 'content': '[[[The Movie: You and Idol Precure♪]]] お', 'rewards': 3.4, 'unit_count': 170, 'has_tm': False, 'filetype_src': 0}}
2025-09-19 12:29:49,884 - DEBUG - Acceptance task raised
Traceback (most recent call last):
  File "/home/thomas/GengoWatcher/src/gengowatcher/job_acceptance.py", line 578, in _wait_for_winner
    result = task.result()
  File "/home/thomas/GengoWatcher/src/gengowatcher/job_acceptance.py", line 351, in _attempt_http_accept
    async with self.session.get(details_url, headers=headers, timeout=30) as response:
               ~~~~~~~~~~~~~~~~^^^^^^^^^^^^^^^^^^^^^^^^^^^^^^^^^^^^^^^^^^
  File "/home/thomas/GengoWatcher/src/.venv/lib/python3.13/site-packages/aiohttp/client.py", line 1488, in __aenter__
    self._resp: _RetType = await self._coro
                           ^^^^^^^^^^^^^^^^
  File "/home/thomas/GengoWatcher/src/.venv/lib/python3.13/site-packages/aiohttp/client.py", line 594, in _request
    handle = tm.start()
  File "/home/thomas/GengoWatcher/src/.venv/lib/python3.13/site-packages/aiohttp/helpers.py", line 587, in start
    return self._loop.call_at(when, self.__call__)
           ~~~~~~~~~~~~~~~~~~^^^^^^^^^^^^^^^^^^^^^
  File "/usr/lib/python3.13/asyncio/base_events.py", line 812, in call_at
    self._check_closed()
    ~~~~~~~~~~~~~~~~~~^^
  File "/usr/lib/python3.13/asyncio/base_events.py", line 556, in _check_closed
    raise RuntimeError('Event loop is closed')
RuntimeError: Event loop is closed
2025-09-19 12:29:50,641 - ERROR - Failed to initialize Chrome WebDriver: Message: unknown error: cannot find Chrome binary
Stacktrace:
#0 0x5586879724e3 <unknown>
#1 0x5586876a1c76 <unknown>
#2 0x5586876c8757 <unknown>
#3 0x5586876c7029 <unknown>
#4 0x558687705ccc <unknown>
#5 0x55868770547f <unknown>
#6 0x5586876fcde3 <unknown>
#7 0x5586876d22dd <unknown>
#8 0x5586876d334e <unknown>
#9 0x5586879323e4 <unknown>
#10 0x5586879363d7 <unknown>
#11 0x558687940b20 <unknown>
#12 0x558687937023 <unknown>
#13 0x5586879051aa <unknown>
#14 0x55868795b6b8 <unknown>
#15 0x55868795b847 <unknown>
#16 0x55868796b243 <unknown>
#17 0x7fdd76caa4f8 <unknown>

2025-09-19 12:29:50,642 - WARNING - Failed to accept job 33883996 via selenium (attempt 1/4). Reason: init_error:Message: unknown error: cannot find Chrome binary
Stacktrace:
#0 0x5586879724e3 <unknown>
#1 0x5586876a1c76 <unknown>
#2 0x5586876c8757 <unknown>
#3 0x5586876c7029 <unknown>
#4 0x558687705ccc <unknown>
#5 0x55868770547f <unknown>
#6 0x5586876fcde3 <unknown>
#7 0x5586876d22dd <unknown>
#8 0x5586876d334e <unknown>
#9 0x5586879323e4 <unknown>
#10 0x5586879363d7 <unknown>
#11 0x558687940b20 <unknown>
#12 0x558687937023 <unknown>
#13 0x5586879051aa <unknown>
#14 0x55868795b6b8 <unknown>
#15 0x55868795b847 <unknown>
#16 0x55868796b243 <unknown>
#17 0x7fdd76caa4f8 <unknown>

2025-09-19 12:29:50,642 - INFO - Retrying job 33883996 in 2.02s (attempt 2/4)
2025-09-19 12:29:52,667 - DEBUG - Acceptance task raised
Traceback (most recent call last):
  File "/home/thomas/GengoWatcher/src/gengowatcher/job_acceptance.py", line 578, in _wait_for_winner
    result = task.result()
  File "/home/thomas/GengoWatcher/src/gengowatcher/job_acceptance.py", line 351, in _attempt_http_accept
    async with self.session.get(details_url, headers=headers, timeout=30) as response:
               ~~~~~~~~~~~~~~~~^^^^^^^^^^^^^^^^^^^^^^^^^^^^^^^^^^^^^^^^^^
  File "/home/thomas/GengoWatcher/src/.venv/lib/python3.13/site-packages/aiohttp/client.py", line 1488, in __aenter__
    self._resp: _RetType = await self._coro
                           ^^^^^^^^^^^^^^^^
  File "/home/thomas/GengoWatcher/src/.venv/lib/python3.13/site-packages/aiohttp/client.py", line 594, in _request
    handle = tm.start()
  File "/home/thomas/GengoWatcher/src/.venv/lib/python3.13/site-packages/aiohttp/helpers.py", line 587, in start
    return self._loop.call_at(when, self.__call__)
           ~~~~~~~~~~~~~~~~~~^^^^^^^^^^^^^^^^^^^^^
  File "/usr/lib/python3.13/asyncio/base_events.py", line 812, in call_at
    self._check_closed()
    ~~~~~~~~~~~~~~~~~~^^
  File "/usr/lib/python3.13/asyncio/base_events.py", line 556, in _check_closed
    raise RuntimeError('Event loop is closed')
RuntimeError: Event loop is closed
2025-09-19 12:29:53,416 - ERROR - Failed to initialize Chrome WebDriver: Message: unknown error: cannot find Chrome binary
Stacktrace:
#0 0x563c9c10c4e3 <unknown>
#1 0x563c9be3bc76 <unknown>
#2 0x563c9be62757 <unknown>
#3 0x563c9be61029 <unknown>
#4 0x563c9be9fccc <unknown>
#5 0x563c9be9f47f <unknown>
#6 0x563c9be96de3 <unknown>
#7 0x563c9be6c2dd <unknown>
#8 0x563c9be6d34e <unknown>
#9 0x563c9c0cc3e4 <unknown>
#10 0x563c9c0d03d7 <unknown>
#11 0x563c9c0dab20 <unknown>
#12 0x563c9c0d1023 <unknown>
#13 0x563c9c09f1aa <unknown>
#14 0x563c9c0f56b8 <unknown>
#15 0x563c9c0f5847 <unknown>
#16 0x563c9c105243 <unknown>
#17 0x7f7d0c2aa4f8 <unknown>

2025-09-19 12:29:53,416 - WARNING - Failed to accept job 33883996 via selenium (attempt 2/4). Reason: init_error:Message: unknown error: cannot find Chrome binary
Stacktrace:
#0 0x563c9c10c4e3 <unknown>
#1 0x563c9be3bc76 <unknown>
#2 0x563c9be62757 <unknown>
#3 0x563c9be61029 <unknown>
#4 0x563c9be9fccc <unknown>
#5 0x563c9be9f47f <unknown>
#6 0x563c9be96de3 <unknown>
#7 0x563c9be6c2dd <unknown>
#8 0x563c9be6d34e <unknown>
#9 0x563c9c0cc3e4 <unknown>
#10 0x563c9c0d03d7 <unknown>
#11 0x563c9c0dab20 <unknown>
#12 0x563c9c0d1023 <unknown>
#13 0x563c9c09f1aa <unknown>
#14 0x563c9c0f56b8 <unknown>
#15 0x563c9c0f5847 <unknown>
#16 0x563c9c105243 <unknown>
#17 0x7f7d0c2aa4f8 <unknown>

2025-09-19 12:29:53,416 - INFO - Retrying job 33883996 in 4.84s (attempt 3/4)
2025-09-19 12:29:58,264 - DEBUG - Acceptance task raised
Traceback (most recent call last):
  File "/home/thomas/GengoWatcher/src/gengowatcher/job_acceptance.py", line 578, in _wait_for_winner
    result = task.result()
  File "/home/thomas/GengoWatcher/src/gengowatcher/job_acceptance.py", line 351, in _attempt_http_accept
    async with self.session.get(details_url, headers=headers, timeout=30) as response:
               ~~~~~~~~~~~~~~~~^^^^^^^^^^^^^^^^^^^^^^^^^^^^^^^^^^^^^^^^^^
  File "/home/thomas/GengoWatcher/src/.venv/lib/python3.13/site-packages/aiohttp/client.py", line 1488, in __aenter__
    self._resp: _RetType = await self._coro
                           ^^^^^^^^^^^^^^^^
  File "/home/thomas/GengoWatcher/src/.venv/lib/python3.13/site-packages/aiohttp/client.py", line 594, in _request
    handle = tm.start()
  File "/home/thomas/GengoWatcher/src/.venv/lib/python3.13/site-packages/aiohttp/helpers.py", line 587, in start
    return self._loop.call_at(when, self.__call__)
           ~~~~~~~~~~~~~~~~~~^^^^^^^^^^^^^^^^^^^^^
  File "/usr/lib/python3.13/asyncio/base_events.py", line 812, in call_at
    self._check_closed()
    ~~~~~~~~~~~~~~~~~~^^
  File "/usr/lib/python3.13/asyncio/base_events.py", line 556, in _check_closed
    raise RuntimeError('Event loop is closed')
RuntimeError: Event loop is closed
2025-09-19 12:29:59,014 - ERROR - Failed to initialize Chrome WebDriver: Message: unknown error: cannot find Chrome binary
Stacktrace:
#0 0x564e8f76f4e3 <unknown>
#1 0x564e8f49ec76 <unknown>
#2 0x564e8f4c5757 <unknown>
#3 0x564e8f4c4029 <unknown>
#4 0x564e8f502ccc <unknown>
#5 0x564e8f50247f <unknown>
#6 0x564e8f4f9de3 <unknown>
#7 0x564e8f4cf2dd <unknown>
#8 0x564e8f4d034e <unknown>
#9 0x564e8f72f3e4 <unknown>
#10 0x564e8f7333d7 <unknown>
#11 0x564e8f73db20 <unknown>
#12 0x564e8f734023 <unknown>
#13 0x564e8f7021aa <unknown>
#14 0x564e8f7586b8 <unknown>
#15 0x564e8f758847 <unknown>
#16 0x564e8f768243 <unknown>
#17 0x7fdc858aa4f8 <unknown>

2025-09-19 12:29:59,014 - WARNING - Failed to accept job 33883996 via selenium (attempt 3/4). Reason: init_error:Message: unknown error: cannot find Chrome binary
Stacktrace:
#0 0x564e8f76f4e3 <unknown>
#1 0x564e8f49ec76 <unknown>
#2 0x564e8f4c5757 <unknown>
#3 0x564e8f4c4029 <unknown>
#4 0x564e8f502ccc <unknown>
#5 0x564e8f50247f <unknown>
#6 0x564e8f4f9de3 <unknown>
#7 0x564e8f4cf2dd <unknown>
#8 0x564e8f4d034e <unknown>
#9 0x564e8f72f3e4 <unknown>
#10 0x564e8f7333d7 <unknown>
#11 0x564e8f73db20 <unknown>
#12 0x564e8f734023 <unknown>
#13 0x564e8f7021aa <unknown>
#14 0x564e8f7586b8 <unknown>
#15 0x564e8f758847 <unknown>
#16 0x564e8f768243 <unknown>
#17 0x7fdc858aa4f8 <unknown>

2025-09-19 12:29:59,014 - INFO - Retrying job 33883996 in 8.03s (attempt 4/4)
2025-09-19 12:30:07,055 - DEBUG - Acceptance task raised
Traceback (most recent call last):
  File "/home/thomas/GengoWatcher/src/gengowatcher/job_acceptance.py", line 578, in _wait_for_winner
    result = task.result()
  File "/home/thomas/GengoWatcher/src/gengowatcher/job_acceptance.py", line 351, in _attempt_http_accept
    async with self.session.get(details_url, headers=headers, timeout=30) as response:
               ~~~~~~~~~~~~~~~~^^^^^^^^^^^^^^^^^^^^^^^^^^^^^^^^^^^^^^^^^^
  File "/home/thomas/GengoWatcher/src/.venv/lib/python3.13/site-packages/aiohttp/client.py", line 1488, in __aenter__
    self._resp: _RetType = await self._coro
                           ^^^^^^^^^^^^^^^^
  File "/home/thomas/GengoWatcher/src/.venv/lib/python3.13/site-packages/aiohttp/client.py", line 594, in _request
    handle = tm.start()
  File "/home/thomas/GengoWatcher/src/.venv/lib/python3.13/site-packages/aiohttp/helpers.py", line 587, in start
    return self._loop.call_at(when, self.__call__)
           ~~~~~~~~~~~~~~~~~~^^^^^^^^^^^^^^^^^^^^^
  File "/usr/lib/python3.13/asyncio/base_events.py", line 812, in call_at
    self._check_closed()
    ~~~~~~~~~~~~~~~~~~^^
  File "/usr/lib/python3.13/asyncio/base_events.py", line 556, in _check_closed
    raise RuntimeError('Event loop is closed')
RuntimeError: Event loop is closed
2025-09-19 12:30:07,798 - ERROR - Failed to initialize Chrome WebDriver: Message: unknown error: cannot find Chrome binary
Stacktrace:
#0 0x56335b52a4e3 <unknown>
#1 0x56335b259c76 <unknown>
#2 0x56335b280757 <unknown>
#3 0x56335b27f029 <unknown>
#4 0x56335b2bdccc <unknown>
#5 0x56335b2bd47f <unknown>
#6 0x56335b2b4de3 <unknown>
#7 0x56335b28a2dd <unknown>
#8 0x56335b28b34e <unknown>
#9 0x56335b4ea3e4 <unknown>
#10 0x56335b4ee3d7 <unknown>
#11 0x56335b4f8b20 <unknown>
#12 0x56335b4ef023 <unknown>
#13 0x56335b4bd1aa <unknown>
#14 0x56335b5136b8 <unknown>
#15 0x56335b513847 <unknown>
#16 0x56335b523243 <unknown>
#17 0x7f91444aa4f8 <unknown>

2025-09-19 12:30:07,799 - WARNING - Failed to accept job 33883996 via selenium (attempt 4/4). Reason: init_error:Message: unknown error: cannot find Chrome binary
Stacktrace:
#0 0x56335b52a4e3 <unknown>
#1 0x56335b259c76 <unknown>
#2 0x56335b280757 <unknown>
#3 0x56335b27f029 <unknown>
#4 0x56335b2bdccc <unknown>
#5 0x56335b2bd47f <unknown>
#6 0x56335b2b4de3 <unknown>
#7 0x56335b28a2dd <unknown>
#8 0x56335b28b34e <unknown>
#9 0x56335b4ea3e4 <unknown>
#10 0x56335b4ee3d7 <unknown>
#11 0x56335b4f8b20 <unknown>
#12 0x56335b4ef023 <unknown>
#13 0x56335b4bd1aa <unknown>
#14 0x56335b5136b8 <unknown>
#15 0x56335b513847 <unknown>
#16 0x56335b523243 <unknown>
#17 0x7f91444aa4f8 <unknown>

2025-09-19 12:30:07,799 - ERROR - Failed to accept job 33883996 after 4 attempts (last reason: init_error:Message: unknown error: cannot find Chrome binary
Stacktrace:
#0 0x56335b52a4e3 <unknown>
#1 0x56335b259c76 <unknown>
#2 0x56335b280757 <unknown>
#3 0x56335b27f029 <unknown>
#4 0x56335b2bdccc <unknown>
#5 0x56335b2bd47f <unknown>
#6 0x56335b2b4de3 <unknown>
#7 0x56335b28a2dd <unknown>
#8 0x56335b28b34e <unknown>
#9 0x56335b4ea3e4 <unknown>
#10 0x56335b4ee3d7 <unknown>
#11 0x56335b4f8b20 <unknown>
#12 0x56335b4ef023 <unknown>
#13 0x56335b4bd1aa <unknown>
#14 0x56335b5136b8 <unknown>
#15 0x56335b513847 <unknown>
#16 0x56335b523243 <unknown>
#17 0x7f91444aa4f8 <unknown>
)
2025-09-19 12:30:08,940 - DEBUG - RSS check triggered.
2025-09-19 12:30:08,940 - DEBUG - Fetching RSS feed: https://gengo.com/rss/available_jobs/6d9668ab271c486e52eb4d37b876cabd5a1cf2da958b7004205163 with headers: {}
2025-09-19 12:30:09,685 - DEBUG - RSS feed fetched successfully. Entries: 0
2025-09-19 12:30:09,686 - DEBUG - Processing 0 RSS entries.
2025-09-19 12:30:09,686 - DEBUG - Waiting for next RSS check: 31.00s (paused=False)
2025-09-19 12:30:40,686 - DEBUG - RSS check triggered.
2025-09-19 12:30:40,686 - DEBUG - Fetching RSS feed: https://gengo.com/rss/available_jobs/6d9668ab271c486e52eb4d37b876cabd5a1cf2da958b7004205163 with headers: {}
2025-09-19 12:30:41,141 - DEBUG - RSS feed fetched successfully. Entries: 0
2025-09-19 12:30:41,141 - DEBUG - Processing 0 RSS entries.
2025-09-19 12:30:41,141 - DEBUG - Waiting for next RSS check: 31.00s (paused=False)
2025-09-19 12:31:12,141 - DEBUG - RSS check triggered.
2025-09-19 12:31:12,141 - DEBUG - Fetching RSS feed: https://gengo.com/rss/available_jobs/6d9668ab271c486e52eb4d37b876cabd5a1cf2da958b7004205163 with headers: {}
2025-09-19 12:31:12,695 - DEBUG - RSS feed fetched successfully. Entries: 0
2025-09-19 12:31:12,695 - DEBUG - Processing 0 RSS entries.
2025-09-19 12:31:12,695 - DEBUG - Waiting for next RSS check: 31.00s (paused=False)
2025-09-19 12:31:43,695 - DEBUG - RSS check triggered.
2025-09-19 12:31:43,695 - DEBUG - Fetching RSS feed: https://gengo.com/rss/available_jobs/6d9668ab271c486e52eb4d37b876cabd5a1cf2da958b7004205163 with headers: {}
2025-09-19 12:31:44,178 - DEBUG - RSS feed fetched successfully. Entries: 0
2025-09-19 12:31:44,178 - DEBUG - Processing 0 RSS entries.
2025-09-19 12:31:44,178 - DEBUG - Waiting for next RSS check: 31.00s (paused=False)
2025-09-19 12:32:15,178 - DEBUG - RSS check triggered.
2025-09-19 12:32:15,178 - DEBUG - Fetching RSS feed: https://gengo.com/rss/available_jobs/6d9668ab271c486e52eb4d37b876cabd5a1cf2da958b7004205163 with headers: {}
2025-09-19 12:32:15,722 - DEBUG - RSS feed fetched successfully. Entries: 0
2025-09-19 12:32:15,722 - DEBUG - Processing 0 RSS entries.
2025-09-19 12:32:15,722 - DEBUG - Waiting for next RSS check: 31.00s (paused=False)
2025-09-19 12:32:46,722 - DEBUG - RSS check triggered.
2025-09-19 12:32:46,722 - DEBUG - Fetching RSS feed: https://gengo.com/rss/available_jobs/6d9668ab271c486e52eb4d37b876cabd5a1cf2da958b7004205163 with headers: {}
2025-09-19 12:32:47,200 - DEBUG - RSS feed fetched successfully. Entries: 0
2025-09-19 12:32:47,200 - DEBUG - Processing 0 RSS entries.
2025-09-19 12:32:47,200 - DEBUG - Waiting for next RSS check: 31.00s (paused=False)
2025-09-19 12:33:18,200 - DEBUG - RSS check triggered.
2025-09-19 12:33:18,200 - DEBUG - Fetching RSS feed: https://gengo.com/rss/available_jobs/6d9668ab271c486e52eb4d37b876cabd5a1cf2da958b7004205163 with headers: {}
2025-09-19 12:33:18,688 - DEBUG - RSS feed fetched successfully. Entries: 0
2025-09-19 12:33:18,688 - DEBUG - Processing 0 RSS entries.
2025-09-19 12:33:18,688 - DEBUG - Waiting for next RSS check: 31.00s (paused=False)
2025-09-19 12:33:49,688 - DEBUG - RSS check triggered.
2025-09-19 12:33:49,688 - DEBUG - Fetching RSS feed: https://gengo.com/rss/available_jobs/6d9668ab271c486e52eb4d37b876cabd5a1cf2da958b7004205163 with headers: {}
2025-09-19 12:33:50,163 - DEBUG - RSS feed fetched successfully. Entries: 0
2025-09-19 12:33:50,163 - DEBUG - Processing 0 RSS entries.
2025-09-19 12:33:50,163 - DEBUG - Waiting for next RSS check: 31.00s (paused=False)
2025-09-19 12:34:21,163 - DEBUG - RSS check triggered.
2025-09-19 12:34:21,164 - DEBUG - Fetching RSS feed: https://gengo.com/rss/available_jobs/6d9668ab271c486e52eb4d37b876cabd5a1cf2da958b7004205163 with headers: {}
2025-09-19 12:34:21,664 - DEBUG - RSS feed fetched successfully. Entries: 0
2025-09-19 12:34:21,665 - DEBUG - Processing 0 RSS entries.
2025-09-19 12:34:21,665 - DEBUG - Waiting for next RSS check: 31.00s (paused=False)
2025-09-19 12:34:52,665 - DEBUG - RSS check triggered.
2025-09-19 12:34:52,665 - DEBUG - Fetching RSS feed: https://gengo.com/rss/available_jobs/6d9668ab271c486e52eb4d37b876cabd5a1cf2da958b7004205163 with headers: {}
2025-09-19 12:34:53,114 - DEBUG - RSS feed fetched successfully. Entries: 0
2025-09-19 12:34:53,114 - DEBUG - Processing 0 RSS entries.
2025-09-19 12:34:53,114 - DEBUG - Waiting for next RSS check: 31.00s (paused=False)
2025-09-19 12:35:24,114 - DEBUG - RSS check triggered.
2025-09-19 12:35:24,114 - DEBUG - Fetching RSS feed: https://gengo.com/rss/available_jobs/6d9668ab271c486e52eb4d37b876cabd5a1cf2da958b7004205163 with headers: {}
2025-09-19 12:35:24,619 - DEBUG - RSS feed fetched successfully. Entries: 0
2025-09-19 12:35:24,619 - DEBUG - Processing 0 RSS entries.
2025-09-19 12:35:24,619 - DEBUG - Waiting for next RSS check: 31.00s (paused=False)
2025-09-19 12:35:55,619 - DEBUG - RSS check triggered.
2025-09-19 12:35:55,619 - DEBUG - Fetching RSS feed: https://gengo.com/rss/available_jobs/6d9668ab271c486e52eb4d37b876cabd5a1cf2da958b7004205163 with headers: {}
2025-09-19 12:35:56,239 - DEBUG - RSS feed fetched successfully. Entries: 0
2025-09-19 12:35:56,239 - DEBUG - Processing 0 RSS entries.
2025-09-19 12:35:56,239 - DEBUG - Waiting for next RSS check: 31.00s (paused=False)
2025-09-19 12:36:27,240 - DEBUG - RSS check triggered.
2025-09-19 12:36:27,240 - DEBUG - Fetching RSS feed: https://gengo.com/rss/available_jobs/6d9668ab271c486e52eb4d37b876cabd5a1cf2da958b7004205163 with headers: {}
2025-09-19 12:36:27,874 - DEBUG - RSS feed fetched successfully. Entries: 0
2025-09-19 12:36:27,874 - DEBUG - Processing 0 RSS entries.
2025-09-19 12:36:27,874 - DEBUG - Waiting for next RSS check: 31.00s (paused=False)
2025-09-19 12:36:58,874 - DEBUG - RSS check triggered.
2025-09-19 12:36:58,874 - DEBUG - Fetching RSS feed: https://gengo.com/rss/available_jobs/6d9668ab271c486e52eb4d37b876cabd5a1cf2da958b7004205163 with headers: {}
2025-09-19 12:36:59,334 - DEBUG - RSS feed fetched successfully. Entries: 0
2025-09-19 12:36:59,334 - DEBUG - Processing 0 RSS entries.
2025-09-19 12:36:59,334 - DEBUG - Waiting for next RSS check: 31.00s (paused=False)
2025-09-19 12:37:30,334 - DEBUG - RSS check triggered.
2025-09-19 12:37:30,334 - DEBUG - Fetching RSS feed: https://gengo.com/rss/available_jobs/6d9668ab271c486e52eb4d37b876cabd5a1cf2da958b7004205163 with headers: {}
2025-09-19 12:37:30,835 - DEBUG - RSS feed fetched successfully. Entries: 0
2025-09-19 12:37:30,835 - DEBUG - Processing 0 RSS entries.
2025-09-19 12:37:30,835 - DEBUG - Waiting for next RSS check: 31.00s (paused=False)
2025-09-19 12:38:01,835 - DEBUG - RSS check triggered.
2025-09-19 12:38:01,835 - DEBUG - Fetching RSS feed: https://gengo.com/rss/available_jobs/6d9668ab271c486e52eb4d37b876cabd5a1cf2da958b7004205163 with headers: {}
2025-09-19 12:38:02,613 - DEBUG - RSS feed fetched successfully. Entries: 0
2025-09-19 12:38:02,613 - DEBUG - Processing 0 RSS entries.
2025-09-19 12:38:02,613 - DEBUG - Waiting for next RSS check: 31.00s (paused=False)
2025-09-19 12:38:33,614 - DEBUG - RSS check triggered.
2025-09-19 12:38:33,614 - DEBUG - Fetching RSS feed: https://gengo.com/rss/available_jobs/6d9668ab271c486e52eb4d37b876cabd5a1cf2da958b7004205163 with headers: {}
2025-09-19 12:38:34,149 - DEBUG - RSS feed fetched successfully. Entries: 0
2025-09-19 12:38:34,149 - DEBUG - Processing 0 RSS entries.
2025-09-19 12:38:34,149 - DEBUG - Waiting for next RSS check: 31.00s (paused=False)
2025-09-19 12:39:05,149 - DEBUG - RSS check triggered.
2025-09-19 12:39:05,149 - DEBUG - Fetching RSS feed: https://gengo.com/rss/available_jobs/6d9668ab271c486e52eb4d37b876cabd5a1cf2da958b7004205163 with headers: {}
2025-09-19 12:39:05,692 - DEBUG - RSS feed fetched successfully. Entries: 0
2025-09-19 12:39:05,692 - DEBUG - Processing 0 RSS entries.
2025-09-19 12:39:05,692 - DEBUG - Waiting for next RSS check: 31.00s (paused=False)
2025-09-19 12:39:36,692 - DEBUG - RSS check triggered.
2025-09-19 12:39:36,692 - DEBUG - Fetching RSS feed: https://gengo.com/rss/available_jobs/6d9668ab271c486e52eb4d37b876cabd5a1cf2da958b7004205163 with headers: {}
2025-09-19 12:39:37,259 - DEBUG - RSS feed fetched successfully. Entries: 0
2025-09-19 12:39:37,259 - DEBUG - Processing 0 RSS entries.
2025-09-19 12:39:37,260 - DEBUG - Waiting for next RSS check: 31.00s (paused=False)
2025-09-19 12:40:08,260 - DEBUG - RSS check triggered.
2025-09-19 12:40:08,260 - DEBUG - Fetching RSS feed: https://gengo.com/rss/available_jobs/6d9668ab271c486e52eb4d37b876cabd5a1cf2da958b7004205163 with headers: {}
2025-09-19 12:40:08,710 - DEBUG - RSS feed fetched successfully. Entries: 0
2025-09-19 12:40:08,710 - DEBUG - Processing 0 RSS entries.
2025-09-19 12:40:08,710 - DEBUG - Waiting for next RSS check: 31.00s (paused=False)
2025-09-19 12:40:39,710 - DEBUG - RSS check triggered.
2025-09-19 12:40:39,710 - DEBUG - Fetching RSS feed: https://gengo.com/rss/available_jobs/6d9668ab271c486e52eb4d37b876cabd5a1cf2da958b7004205163 with headers: {}
2025-09-19 12:40:40,227 - DEBUG - RSS feed fetched successfully. Entries: 0
2025-09-19 12:40:40,227 - DEBUG - Processing 0 RSS entries.
2025-09-19 12:40:40,227 - DEBUG - Waiting for next RSS check: 31.00s (paused=False)
2025-09-19 12:41:11,227 - DEBUG - RSS check triggered.
2025-09-19 12:41:11,227 - DEBUG - Fetching RSS feed: https://gengo.com/rss/available_jobs/6d9668ab271c486e52eb4d37b876cabd5a1cf2da958b7004205163 with headers: {}
2025-09-19 12:41:11,672 - DEBUG - RSS feed fetched successfully. Entries: 0
2025-09-19 12:41:11,672 - DEBUG - Processing 0 RSS entries.
2025-09-19 12:41:11,672 - DEBUG - Waiting for next RSS check: 31.00s (paused=False)
2025-09-19 12:41:42,672 - DEBUG - RSS check triggered.
2025-09-19 12:41:42,672 - DEBUG - Fetching RSS feed: https://gengo.com/rss/available_jobs/6d9668ab271c486e52eb4d37b876cabd5a1cf2da958b7004205163 with headers: {}
2025-09-19 12:41:43,200 - DEBUG - RSS feed fetched successfully. Entries: 0
2025-09-19 12:41:43,200 - DEBUG - Processing 0 RSS entries.
2025-09-19 12:41:43,200 - DEBUG - Waiting for next RSS check: 31.00s (paused=False)
2025-09-19 12:42:14,200 - DEBUG - RSS check triggered.
2025-09-19 12:42:14,200 - DEBUG - Fetching RSS feed: https://gengo.com/rss/available_jobs/6d9668ab271c486e52eb4d37b876cabd5a1cf2da958b7004205163 with headers: {}
2025-09-19 12:42:14,661 - DEBUG - RSS feed fetched successfully. Entries: 0
2025-09-19 12:42:14,661 - DEBUG - Processing 0 RSS entries.
2025-09-19 12:42:14,661 - DEBUG - Waiting for next RSS check: 31.00s (paused=False)
2025-09-19 12:42:45,661 - DEBUG - RSS check triggered.
2025-09-19 12:42:45,661 - DEBUG - Fetching RSS feed: https://gengo.com/rss/available_jobs/6d9668ab271c486e52eb4d37b876cabd5a1cf2da958b7004205163 with headers: {}
2025-09-19 12:42:46,146 - DEBUG - RSS feed fetched successfully. Entries: 0
2025-09-19 12:42:46,146 - DEBUG - Processing 0 RSS entries.
2025-09-19 12:42:46,146 - DEBUG - Waiting for next RSS check: 31.00s (paused=False)
2025-09-19 12:43:17,146 - DEBUG - RSS check triggered.
2025-09-19 12:43:17,147 - DEBUG - Fetching RSS feed: https://gengo.com/rss/available_jobs/6d9668ab271c486e52eb4d37b876cabd5a1cf2da958b7004205163 with headers: {}
2025-09-19 12:43:17,621 - DEBUG - RSS feed fetched successfully. Entries: 0
2025-09-19 12:43:17,621 - DEBUG - Processing 0 RSS entries.
2025-09-19 12:43:17,621 - DEBUG - Waiting for next RSS check: 31.00s (paused=False)
2025-09-19 12:43:48,621 - DEBUG - RSS check triggered.
2025-09-19 12:43:48,622 - DEBUG - Fetching RSS feed: https://gengo.com/rss/available_jobs/6d9668ab271c486e52eb4d37b876cabd5a1cf2da958b7004205163 with headers: {}
2025-09-19 12:43:49,277 - DEBUG - RSS feed fetched successfully. Entries: 0
2025-09-19 12:43:49,277 - DEBUG - Processing 0 RSS entries.
2025-09-19 12:43:49,277 - DEBUG - Waiting for next RSS check: 31.00s (paused=False)
2025-09-19 12:44:20,277 - DEBUG - RSS check triggered.
2025-09-19 12:44:20,277 - DEBUG - Fetching RSS feed: https://gengo.com/rss/available_jobs/6d9668ab271c486e52eb4d37b876cabd5a1cf2da958b7004205163 with headers: {}
2025-09-19 12:44:20,738 - DEBUG - RSS feed fetched successfully. Entries: 0
2025-09-19 12:44:20,738 - DEBUG - Processing 0 RSS entries.
2025-09-19 12:44:20,738 - DEBUG - Waiting for next RSS check: 31.00s (paused=False)
2025-09-19 12:44:51,739 - DEBUG - RSS check triggered.
2025-09-19 12:44:51,739 - DEBUG - Fetching RSS feed: https://gengo.com/rss/available_jobs/6d9668ab271c486e52eb4d37b876cabd5a1cf2da958b7004205163 with headers: {}
2025-09-19 12:44:52,817 - DEBUG - RSS feed fetched successfully. Entries: 0
2025-09-19 12:44:52,817 - DEBUG - Processing 0 RSS entries.
2025-09-19 12:44:52,817 - DEBUG - Waiting for next RSS check: 31.00s (paused=False)
2025-09-19 12:45:23,817 - DEBUG - RSS check triggered.
2025-09-19 12:45:23,817 - DEBUG - Fetching RSS feed: https://gengo.com/rss/available_jobs/6d9668ab271c486e52eb4d37b876cabd5a1cf2da958b7004205163 with headers: {}
2025-09-19 12:45:24,363 - DEBUG - RSS feed fetched successfully. Entries: 0
2025-09-19 12:45:24,363 - DEBUG - Processing 0 RSS entries.
2025-09-19 12:45:24,363 - DEBUG - Waiting for next RSS check: 31.00s (paused=False)
2025-09-19 12:45:55,363 - DEBUG - RSS check triggered.
2025-09-19 12:45:55,363 - DEBUG - Fetching RSS feed: https://gengo.com/rss/available_jobs/6d9668ab271c486e52eb4d37b876cabd5a1cf2da958b7004205163 with headers: {}
2025-09-19 12:45:55,904 - DEBUG - RSS feed fetched successfully. Entries: 0
2025-09-19 12:45:55,904 - DEBUG - Processing 0 RSS entries.
2025-09-19 12:45:55,904 - DEBUG - Waiting for next RSS check: 31.00s (paused=False)
2025-09-19 12:46:26,904 - DEBUG - RSS check triggered.
2025-09-19 12:46:26,904 - DEBUG - Fetching RSS feed: https://gengo.com/rss/available_jobs/6d9668ab271c486e52eb4d37b876cabd5a1cf2da958b7004205163 with headers: {}
2025-09-19 12:46:27,374 - DEBUG - RSS feed fetched successfully. Entries: 0
2025-09-19 12:46:27,374 - DEBUG - Processing 0 RSS entries.
2025-09-19 12:46:27,374 - DEBUG - Waiting for next RSS check: 31.00s (paused=False)
2025-09-19 12:46:58,374 - DEBUG - RSS check triggered.
2025-09-19 12:46:58,375 - DEBUG - Fetching RSS feed: https://gengo.com/rss/available_jobs/6d9668ab271c486e52eb4d37b876cabd5a1cf2da958b7004205163 with headers: {}
2025-09-19 12:46:58,878 - DEBUG - RSS feed fetched successfully. Entries: 0
2025-09-19 12:46:58,878 - DEBUG - Processing 0 RSS entries.
2025-09-19 12:46:58,878 - DEBUG - Waiting for next RSS check: 31.00s (paused=False)
2025-09-19 12:47:29,879 - DEBUG - RSS check triggered.
2025-09-19 12:47:29,879 - DEBUG - Fetching RSS feed: https://gengo.com/rss/available_jobs/6d9668ab271c486e52eb4d37b876cabd5a1cf2da958b7004205163 with headers: {}
2025-09-19 12:47:30,364 - DEBUG - RSS feed fetched successfully. Entries: 0
2025-09-19 12:47:30,364 - DEBUG - Processing 0 RSS entries.
2025-09-19 12:47:30,364 - DEBUG - Waiting for next RSS check: 31.00s (paused=False)
2025-09-19 12:48:01,364 - DEBUG - RSS check triggered.
2025-09-19 12:48:01,365 - DEBUG - Fetching RSS feed: https://gengo.com/rss/available_jobs/6d9668ab271c486e52eb4d37b876cabd5a1cf2da958b7004205163 with headers: {}
2025-09-19 12:48:03,019 - DEBUG - RSS feed fetched successfully. Entries: 0
2025-09-19 12:48:03,019 - DEBUG - Processing 0 RSS entries.
2025-09-19 12:48:03,019 - DEBUG - Waiting for next RSS check: 31.00s (paused=False)
2025-09-19 12:48:34,019 - DEBUG - RSS check triggered.
2025-09-19 12:48:34,020 - DEBUG - Fetching RSS feed: https://gengo.com/rss/available_jobs/6d9668ab271c486e52eb4d37b876cabd5a1cf2da958b7004205163 with headers: {}
2025-09-19 12:48:34,659 - DEBUG - RSS feed fetched successfully. Entries: 0
2025-09-19 12:48:34,659 - DEBUG - Processing 0 RSS entries.
2025-09-19 12:48:34,659 - DEBUG - Waiting for next RSS check: 31.00s (paused=False)
2025-09-19 12:49:05,659 - DEBUG - RSS check triggered.
2025-09-19 12:49:05,659 - DEBUG - Fetching RSS feed: https://gengo.com/rss/available_jobs/6d9668ab271c486e52eb4d37b876cabd5a1cf2da958b7004205163 with headers: {}
2025-09-19 12:49:06,151 - DEBUG - RSS feed fetched successfully. Entries: 0
2025-09-19 12:49:06,151 - DEBUG - Processing 0 RSS entries.
2025-09-19 12:49:06,151 - DEBUG - Waiting for next RSS check: 31.00s (paused=False)
2025-09-19 12:49:37,151 - DEBUG - RSS check triggered.
2025-09-19 12:49:37,151 - DEBUG - Fetching RSS feed: https://gengo.com/rss/available_jobs/6d9668ab271c486e52eb4d37b876cabd5a1cf2da958b7004205163 with headers: {}
2025-09-19 12:49:37,757 - DEBUG - RSS feed fetched successfully. Entries: 0
2025-09-19 12:49:37,757 - DEBUG - Processing 0 RSS entries.
2025-09-19 12:49:37,757 - DEBUG - Waiting for next RSS check: 31.00s (paused=False)
2025-09-19 12:50:08,757 - DEBUG - RSS check triggered.
2025-09-19 12:50:08,757 - DEBUG - Fetching RSS feed: https://gengo.com/rss/available_jobs/6d9668ab271c486e52eb4d37b876cabd5a1cf2da958b7004205163 with headers: {}
2025-09-19 12:50:09,293 - DEBUG - RSS feed fetched successfully. Entries: 0
2025-09-19 12:50:09,293 - DEBUG - Processing 0 RSS entries.
2025-09-19 12:50:09,293 - DEBUG - Waiting for next RSS check: 31.00s (paused=False)
2025-09-19 12:50:40,293 - DEBUG - RSS check triggered.
2025-09-19 12:50:40,293 - DEBUG - Fetching RSS feed: https://gengo.com/rss/available_jobs/6d9668ab271c486e52eb4d37b876cabd5a1cf2da958b7004205163 with headers: {}
2025-09-19 12:50:40,764 - DEBUG - RSS feed fetched successfully. Entries: 0
2025-09-19 12:50:40,764 - DEBUG - Processing 0 RSS entries.
2025-09-19 12:50:40,764 - DEBUG - Waiting for next RSS check: 31.00s (paused=False)
2025-09-19 12:51:11,764 - DEBUG - RSS check triggered.
2025-09-19 12:51:11,764 - DEBUG - Fetching RSS feed: https://gengo.com/rss/available_jobs/6d9668ab271c486e52eb4d37b876cabd5a1cf2da958b7004205163 with headers: {}
2025-09-19 12:51:12,257 - DEBUG - RSS feed fetched successfully. Entries: 0
2025-09-19 12:51:12,257 - DEBUG - Processing 0 RSS entries.
2025-09-19 12:51:12,257 - DEBUG - Waiting for next RSS check: 31.00s (paused=False)
2025-09-19 12:51:43,257 - DEBUG - RSS check triggered.
2025-09-19 12:51:43,257 - DEBUG - Fetching RSS feed: https://gengo.com/rss/available_jobs/6d9668ab271c486e52eb4d37b876cabd5a1cf2da958b7004205163 with headers: {}
2025-09-19 12:51:43,724 - DEBUG - RSS feed fetched successfully. Entries: 0
2025-09-19 12:51:43,724 - DEBUG - Processing 0 RSS entries.
2025-09-19 12:51:43,724 - DEBUG - Waiting for next RSS check: 31.00s (paused=False)
2025-09-19 12:52:14,724 - DEBUG - RSS check triggered.
2025-09-19 12:52:14,724 - DEBUG - Fetching RSS feed: https://gengo.com/rss/available_jobs/6d9668ab271c486e52eb4d37b876cabd5a1cf2da958b7004205163 with headers: {}
2025-09-19 12:52:15,220 - DEBUG - RSS feed fetched successfully. Entries: 0
2025-09-19 12:52:15,220 - DEBUG - Processing 0 RSS entries.
2025-09-19 12:52:15,220 - DEBUG - Waiting for next RSS check: 31.00s (paused=False)
2025-09-19 12:52:46,220 - DEBUG - RSS check triggered.
2025-09-19 12:52:46,220 - DEBUG - Fetching RSS feed: https://gengo.com/rss/available_jobs/6d9668ab271c486e52eb4d37b876cabd5a1cf2da958b7004205163 with headers: {}
2025-09-19 12:52:46,866 - DEBUG - RSS feed fetched successfully. Entries: 0
2025-09-19 12:52:46,866 - DEBUG - Processing 0 RSS entries.
2025-09-19 12:52:46,866 - DEBUG - Waiting for next RSS check: 31.00s (paused=False)
2025-09-19 12:53:17,867 - DEBUG - RSS check triggered.
2025-09-19 12:53:17,867 - DEBUG - Fetching RSS feed: https://gengo.com/rss/available_jobs/6d9668ab271c486e52eb4d37b876cabd5a1cf2da958b7004205163 with headers: {}
2025-09-19 12:53:18,345 - DEBUG - RSS feed fetched successfully. Entries: 0
2025-09-19 12:53:18,345 - DEBUG - Processing 0 RSS entries.
2025-09-19 12:53:18,345 - DEBUG - Waiting for next RSS check: 31.00s (paused=False)
2025-09-19 12:53:49,345 - DEBUG - RSS check triggered.
2025-09-19 12:53:49,345 - DEBUG - Fetching RSS feed: https://gengo.com/rss/available_jobs/6d9668ab271c486e52eb4d37b876cabd5a1cf2da958b7004205163 with headers: {}
2025-09-19 12:53:49,810 - DEBUG - RSS feed fetched successfully. Entries: 0
2025-09-19 12:53:49,810 - DEBUG - Processing 0 RSS entries.
2025-09-19 12:53:49,810 - DEBUG - Waiting for next RSS check: 31.00s (paused=False)
2025-09-19 12:54:20,810 - DEBUG - RSS check triggered.
2025-09-19 12:54:20,811 - DEBUG - Fetching RSS feed: https://gengo.com/rss/available_jobs/6d9668ab271c486e52eb4d37b876cabd5a1cf2da958b7004205163 with headers: {}
2025-09-19 12:54:21,274 - DEBUG - RSS feed fetched successfully. Entries: 0
2025-09-19 12:54:21,274 - DEBUG - Processing 0 RSS entries.
2025-09-19 12:54:21,274 - DEBUG - Waiting for next RSS check: 31.00s (paused=False)
2025-09-19 12:54:52,275 - DEBUG - RSS check triggered.
2025-09-19 12:54:52,275 - DEBUG - Fetching RSS feed: https://gengo.com/rss/available_jobs/6d9668ab271c486e52eb4d37b876cabd5a1cf2da958b7004205163 with headers: {}
2025-09-19 12:54:52,748 - DEBUG - RSS feed fetched successfully. Entries: 0
2025-09-19 12:54:52,748 - DEBUG - Processing 0 RSS entries.
2025-09-19 12:54:52,748 - DEBUG - Waiting for next RSS check: 31.00s (paused=False)
2025-09-19 12:55:23,749 - DEBUG - RSS check triggered.
2025-09-19 12:55:23,749 - DEBUG - Fetching RSS feed: https://gengo.com/rss/available_jobs/6d9668ab271c486e52eb4d37b876cabd5a1cf2da958b7004205163 with headers: {}
2025-09-19 12:55:24,258 - DEBUG - RSS feed fetched successfully. Entries: 0
2025-09-19 12:55:24,258 - DEBUG - Processing 0 RSS entries.
2025-09-19 12:55:24,258 - DEBUG - Waiting for next RSS check: 31.00s (paused=False)
2025-09-19 12:55:55,258 - DEBUG - RSS check triggered.
2025-09-19 12:55:55,258 - DEBUG - Fetching RSS feed: https://gengo.com/rss/available_jobs/6d9668ab271c486e52eb4d37b876cabd5a1cf2da958b7004205163 with headers: {}
2025-09-19 12:55:55,723 - DEBUG - RSS feed fetched successfully. Entries: 0
2025-09-19 12:55:55,723 - DEBUG - Processing 0 RSS entries.
2025-09-19 12:55:55,723 - DEBUG - Waiting for next RSS check: 31.00s (paused=False)
2025-09-19 12:56:26,723 - DEBUG - RSS check triggered.
2025-09-19 12:56:26,724 - DEBUG - Fetching RSS feed: https://gengo.com/rss/available_jobs/6d9668ab271c486e52eb4d37b876cabd5a1cf2da958b7004205163 with headers: {}
2025-09-19 12:56:27,238 - DEBUG - RSS feed fetched successfully. Entries: 0
2025-09-19 12:56:27,239 - DEBUG - Processing 0 RSS entries.
2025-09-19 12:56:27,239 - DEBUG - Waiting for next RSS check: 31.00s (paused=False)
2025-09-19 12:56:58,239 - DEBUG - RSS check triggered.
2025-09-19 12:56:58,239 - DEBUG - Fetching RSS feed: https://gengo.com/rss/available_jobs/6d9668ab271c486e52eb4d37b876cabd5a1cf2da958b7004205163 with headers: {}
2025-09-19 12:56:58,716 - DEBUG - RSS feed fetched successfully. Entries: 0
2025-09-19 12:56:58,716 - DEBUG - Processing 0 RSS entries.
2025-09-19 12:56:58,716 - DEBUG - Waiting for next RSS check: 31.00s (paused=False)
2025-09-19 12:57:29,716 - DEBUG - RSS check triggered.
2025-09-19 12:57:29,716 - DEBUG - Fetching RSS feed: https://gengo.com/rss/available_jobs/6d9668ab271c486e52eb4d37b876cabd5a1cf2da958b7004205163 with headers: {}
2025-09-19 12:57:30,229 - DEBUG - RSS feed fetched successfully. Entries: 0
2025-09-19 12:57:30,229 - DEBUG - Processing 0 RSS entries.
2025-09-19 12:57:30,229 - DEBUG - Waiting for next RSS check: 31.00s (paused=False)
2025-09-19 12:58:01,229 - DEBUG - RSS check triggered.
2025-09-19 12:58:01,230 - DEBUG - Fetching RSS feed: https://gengo.com/rss/available_jobs/6d9668ab271c486e52eb4d37b876cabd5a1cf2da958b7004205163 with headers: {}
2025-09-19 12:58:01,795 - DEBUG - RSS feed fetched successfully. Entries: 0
2025-09-19 12:58:01,795 - DEBUG - Processing 0 RSS entries.
2025-09-19 12:58:01,795 - DEBUG - Waiting for next RSS check: 31.00s (paused=False)
2025-09-19 12:58:32,795 - DEBUG - RSS check triggered.
2025-09-19 12:58:32,795 - DEBUG - Fetching RSS feed: https://gengo.com/rss/available_jobs/6d9668ab271c486e52eb4d37b876cabd5a1cf2da958b7004205163 with headers: {}
2025-09-19 12:58:33,291 - DEBUG - RSS feed fetched successfully. Entries: 0
2025-09-19 12:58:33,291 - DEBUG - Processing 0 RSS entries.
2025-09-19 12:58:33,291 - DEBUG - Waiting for next RSS check: 31.00s (paused=False)
2025-09-19 12:59:04,291 - DEBUG - RSS check triggered.
2025-09-19 12:59:04,291 - DEBUG - Fetching RSS feed: https://gengo.com/rss/available_jobs/6d9668ab271c486e52eb4d37b876cabd5a1cf2da958b7004205163 with headers: {}
2025-09-19 12:59:04,837 - DEBUG - RSS feed fetched successfully. Entries: 0
2025-09-19 12:59:04,837 - DEBUG - Processing 0 RSS entries.
2025-09-19 12:59:04,837 - DEBUG - Waiting for next RSS check: 31.00s (paused=False)
2025-09-19 12:59:35,837 - DEBUG - RSS check triggered.
2025-09-19 12:59:35,838 - DEBUG - Fetching RSS feed: https://gengo.com/rss/available_jobs/6d9668ab271c486e52eb4d37b876cabd5a1cf2da958b7004205163 with headers: {}
2025-09-19 12:59:36,494 - DEBUG - RSS feed fetched successfully. Entries: 0
2025-09-19 12:59:36,494 - DEBUG - Processing 0 RSS entries.
2025-09-19 12:59:36,494 - DEBUG - Waiting for next RSS check: 31.00s (paused=False)
2025-09-19 13:00:07,494 - DEBUG - RSS check triggered.
2025-09-19 13:00:07,494 - DEBUG - Fetching RSS feed: https://gengo.com/rss/available_jobs/6d9668ab271c486e52eb4d37b876cabd5a1cf2da958b7004205163 with headers: {}
2025-09-19 13:00:08,105 - DEBUG - RSS feed fetched successfully. Entries: 0
2025-09-19 13:00:08,105 - DEBUG - Processing 0 RSS entries.
2025-09-19 13:00:08,105 - DEBUG - Waiting for next RSS check: 31.00s (paused=False)
2025-09-19 13:00:39,105 - DEBUG - RSS check triggered.
2025-09-19 13:00:39,105 - DEBUG - Fetching RSS feed: https://gengo.com/rss/available_jobs/6d9668ab271c486e52eb4d37b876cabd5a1cf2da958b7004205163 with headers: {}
2025-09-19 13:00:39,618 - DEBUG - RSS feed fetched successfully. Entries: 0
2025-09-19 13:00:39,618 - DEBUG - Processing 0 RSS entries.
2025-09-19 13:00:39,618 - DEBUG - Waiting for next RSS check: 31.00s (paused=False)
2025-09-19 13:01:10,618 - DEBUG - RSS check triggered.
2025-09-19 13:01:10,618 - DEBUG - Fetching RSS feed: https://gengo.com/rss/available_jobs/6d9668ab271c486e52eb4d37b876cabd5a1cf2da958b7004205163 with headers: {}
2025-09-19 13:01:11,128 - DEBUG - RSS feed fetched successfully. Entries: 0
2025-09-19 13:01:11,128 - DEBUG - Processing 0 RSS entries.
2025-09-19 13:01:11,128 - DEBUG - Waiting for next RSS check: 31.00s (paused=False)
2025-09-19 13:01:42,128 - DEBUG - RSS check triggered.
2025-09-19 13:01:42,129 - DEBUG - Fetching RSS feed: https://gengo.com/rss/available_jobs/6d9668ab271c486e52eb4d37b876cabd5a1cf2da958b7004205163 with headers: {}
2025-09-19 13:01:42,627 - DEBUG - RSS feed fetched successfully. Entries: 0
2025-09-19 13:01:42,627 - DEBUG - Processing 0 RSS entries.
2025-09-19 13:01:42,627 - DEBUG - Waiting for next RSS check: 31.00s (paused=False)
2025-09-19 13:02:13,627 - DEBUG - RSS check triggered.
2025-09-19 13:02:13,627 - DEBUG - Fetching RSS feed: https://gengo.com/rss/available_jobs/6d9668ab271c486e52eb4d37b876cabd5a1cf2da958b7004205163 with headers: {}
2025-09-19 13:02:14,126 - DEBUG - RSS feed fetched successfully. Entries: 0
2025-09-19 13:02:14,126 - DEBUG - Processing 0 RSS entries.
2025-09-19 13:02:14,126 - DEBUG - Waiting for next RSS check: 31.00s (paused=False)
2025-09-19 13:02:45,127 - DEBUG - RSS check triggered.
2025-09-19 13:02:45,127 - DEBUG - Fetching RSS feed: https://gengo.com/rss/available_jobs/6d9668ab271c486e52eb4d37b876cabd5a1cf2da958b7004205163 with headers: {}
2025-09-19 13:02:45,640 - DEBUG - RSS feed fetched successfully. Entries: 0
2025-09-19 13:02:45,640 - DEBUG - Processing 0 RSS entries.
2025-09-19 13:02:45,640 - DEBUG - Waiting for next RSS check: 31.00s (paused=False)
2025-09-19 13:03:16,641 - DEBUG - RSS check triggered.
2025-09-19 13:03:16,641 - DEBUG - Fetching RSS feed: https://gengo.com/rss/available_jobs/6d9668ab271c486e52eb4d37b876cabd5a1cf2da958b7004205163 with headers: {}
2025-09-19 13:03:17,260 - DEBUG - RSS feed fetched successfully. Entries: 0
2025-09-19 13:03:17,260 - DEBUG - Processing 0 RSS entries.
2025-09-19 13:03:17,260 - DEBUG - Waiting for next RSS check: 31.00s (paused=False)
2025-09-19 13:03:48,260 - DEBUG - RSS check triggered.
2025-09-19 13:03:48,260 - DEBUG - Fetching RSS feed: https://gengo.com/rss/available_jobs/6d9668ab271c486e52eb4d37b876cabd5a1cf2da958b7004205163 with headers: {}
2025-09-19 13:03:48,758 - DEBUG - RSS feed fetched successfully. Entries: 0
2025-09-19 13:03:48,758 - DEBUG - Processing 0 RSS entries.
2025-09-19 13:03:48,758 - DEBUG - Waiting for next RSS check: 31.00s (paused=False)
2025-09-19 13:04:19,758 - DEBUG - RSS check triggered.
2025-09-19 13:04:19,758 - DEBUG - Fetching RSS feed: https://gengo.com/rss/available_jobs/6d9668ab271c486e52eb4d37b876cabd5a1cf2da958b7004205163 with headers: {}
2025-09-19 13:04:20,231 - DEBUG - RSS feed fetched successfully. Entries: 0
2025-09-19 13:04:20,231 - DEBUG - Processing 0 RSS entries.
2025-09-19 13:04:20,231 - DEBUG - Waiting for next RSS check: 31.00s (paused=False)
2025-09-19 13:04:51,231 - DEBUG - RSS check triggered.
2025-09-19 13:04:51,232 - DEBUG - Fetching RSS feed: https://gengo.com/rss/available_jobs/6d9668ab271c486e52eb4d37b876cabd5a1cf2da958b7004205163 with headers: {}
2025-09-19 13:04:51,735 - DEBUG - RSS feed fetched successfully. Entries: 0
2025-09-19 13:04:51,735 - DEBUG - Processing 0 RSS entries.
2025-09-19 13:04:51,735 - DEBUG - Waiting for next RSS check: 31.00s (paused=False)
2025-09-19 13:05:22,735 - DEBUG - RSS check triggered.
2025-09-19 13:05:22,735 - DEBUG - Fetching RSS feed: https://gengo.com/rss/available_jobs/6d9668ab271c486e52eb4d37b876cabd5a1cf2da958b7004205163 with headers: {}
2025-09-19 13:05:23,212 - DEBUG - RSS feed fetched successfully. Entries: 0
2025-09-19 13:05:23,212 - DEBUG - Processing 0 RSS entries.
2025-09-19 13:05:23,212 - DEBUG - Waiting for next RSS check: 31.00s (paused=False)
2025-09-19 13:05:54,213 - DEBUG - RSS check triggered.
2025-09-19 13:05:54,213 - DEBUG - Fetching RSS feed: https://gengo.com/rss/available_jobs/6d9668ab271c486e52eb4d37b876cabd5a1cf2da958b7004205163 with headers: {}
2025-09-19 13:05:54,720 - DEBUG - RSS feed fetched successfully. Entries: 0
2025-09-19 13:05:54,720 - DEBUG - Processing 0 RSS entries.
2025-09-19 13:05:54,720 - DEBUG - Waiting for next RSS check: 31.00s (paused=False)
2025-09-19 13:06:25,720 - DEBUG - RSS check triggered.
2025-09-19 13:06:25,720 - DEBUG - Fetching RSS feed: https://gengo.com/rss/available_jobs/6d9668ab271c486e52eb4d37b876cabd5a1cf2da958b7004205163 with headers: {}
2025-09-19 13:06:26,191 - DEBUG - RSS feed fetched successfully. Entries: 0
2025-09-19 13:06:26,191 - DEBUG - Processing 0 RSS entries.
2025-09-19 13:06:26,191 - DEBUG - Waiting for next RSS check: 31.00s (paused=False)
2025-09-19 13:06:57,191 - DEBUG - RSS check triggered.
2025-09-19 13:06:57,191 - DEBUG - Fetching RSS feed: https://gengo.com/rss/available_jobs/6d9668ab271c486e52eb4d37b876cabd5a1cf2da958b7004205163 with headers: {}
2025-09-19 13:06:57,762 - DEBUG - RSS feed fetched successfully. Entries: 0
2025-09-19 13:06:57,762 - DEBUG - Processing 0 RSS entries.
2025-09-19 13:06:57,762 - DEBUG - Waiting for next RSS check: 31.00s (paused=False)
2025-09-19 13:07:28,762 - DEBUG - RSS check triggered.
2025-09-19 13:07:28,762 - DEBUG - Fetching RSS feed: https://gengo.com/rss/available_jobs/6d9668ab271c486e52eb4d37b876cabd5a1cf2da958b7004205163 with headers: {}
2025-09-19 13:07:29,243 - DEBUG - RSS feed fetched successfully. Entries: 0
2025-09-19 13:07:29,243 - DEBUG - Processing 0 RSS entries.
2025-09-19 13:07:29,243 - DEBUG - Waiting for next RSS check: 31.00s (paused=False)
2025-09-19 13:08:00,243 - DEBUG - RSS check triggered.
2025-09-19 13:08:00,243 - DEBUG - Fetching RSS feed: https://gengo.com/rss/available_jobs/6d9668ab271c486e52eb4d37b876cabd5a1cf2da958b7004205163 with headers: {}
2025-09-19 13:08:01,075 - DEBUG - RSS feed fetched successfully. Entries: 0
2025-09-19 13:08:01,075 - DEBUG - Processing 0 RSS entries.
2025-09-19 13:08:01,075 - DEBUG - Waiting for next RSS check: 31.00s (paused=False)
2025-09-19 13:08:32,075 - DEBUG - RSS check triggered.
2025-09-19 13:08:32,075 - DEBUG - Fetching RSS feed: https://gengo.com/rss/available_jobs/6d9668ab271c486e52eb4d37b876cabd5a1cf2da958b7004205163 with headers: {}
2025-09-19 13:08:32,526 - DEBUG - RSS feed fetched successfully. Entries: 0
2025-09-19 13:08:32,526 - DEBUG - Processing 0 RSS entries.
2025-09-19 13:08:32,526 - DEBUG - Waiting for next RSS check: 31.00s (paused=False)
2025-09-19 13:09:03,526 - DEBUG - RSS check triggered.
2025-09-19 13:09:03,527 - DEBUG - Fetching RSS feed: https://gengo.com/rss/available_jobs/6d9668ab271c486e52eb4d37b876cabd5a1cf2da958b7004205163 with headers: {}
2025-09-19 13:09:04,099 - DEBUG - RSS feed fetched successfully. Entries: 0
2025-09-19 13:09:04,099 - DEBUG - Processing 0 RSS entries.
2025-09-19 13:09:04,099 - DEBUG - Waiting for next RSS check: 31.00s (paused=False)
2025-09-19 13:09:35,099 - DEBUG - RSS check triggered.
2025-09-19 13:09:35,099 - DEBUG - Fetching RSS feed: https://gengo.com/rss/available_jobs/6d9668ab271c486e52eb4d37b876cabd5a1cf2da958b7004205163 with headers: {}
2025-09-19 13:09:35,598 - DEBUG - RSS feed fetched successfully. Entries: 0
2025-09-19 13:09:35,598 - DEBUG - Processing 0 RSS entries.
2025-09-19 13:09:35,598 - DEBUG - Waiting for next RSS check: 31.00s (paused=False)
2025-09-19 13:10:06,598 - DEBUG - RSS check triggered.
2025-09-19 13:10:06,599 - DEBUG - Fetching RSS feed: https://gengo.com/rss/available_jobs/6d9668ab271c486e52eb4d37b876cabd5a1cf2da958b7004205163 with headers: {}
2025-09-19 13:10:07,177 - DEBUG - RSS feed fetched successfully. Entries: 0
2025-09-19 13:10:07,177 - DEBUG - Processing 0 RSS entries.
2025-09-19 13:10:07,177 - DEBUG - Waiting for next RSS check: 31.00s (paused=False)
2025-09-19 13:10:38,177 - DEBUG - RSS check triggered.
2025-09-19 13:10:38,178 - DEBUG - Fetching RSS feed: https://gengo.com/rss/available_jobs/6d9668ab271c486e52eb4d37b876cabd5a1cf2da958b7004205163 with headers: {}
2025-09-19 13:10:38,646 - DEBUG - RSS feed fetched successfully. Entries: 0
2025-09-19 13:10:38,646 - DEBUG - Processing 0 RSS entries.
2025-09-19 13:10:38,646 - DEBUG - Waiting for next RSS check: 31.00s (paused=False)
2025-09-19 13:11:09,646 - DEBUG - RSS check triggered.
2025-09-19 13:11:09,646 - DEBUG - Fetching RSS feed: https://gengo.com/rss/available_jobs/6d9668ab271c486e52eb4d37b876cabd5a1cf2da958b7004205163 with headers: {}
2025-09-19 13:11:10,163 - DEBUG - RSS feed fetched successfully. Entries: 0
2025-09-19 13:11:10,163 - DEBUG - Processing 0 RSS entries.
2025-09-19 13:11:10,163 - DEBUG - Waiting for next RSS check: 31.00s (paused=False)
2025-09-19 13:11:41,163 - DEBUG - RSS check triggered.
2025-09-19 13:11:41,163 - DEBUG - Fetching RSS feed: https://gengo.com/rss/available_jobs/6d9668ab271c486e52eb4d37b876cabd5a1cf2da958b7004205163 with headers: {}
2025-09-19 13:11:41,623 - DEBUG - RSS feed fetched successfully. Entries: 0
2025-09-19 13:11:41,623 - DEBUG - Processing 0 RSS entries.
2025-09-19 13:11:41,623 - DEBUG - Waiting for next RSS check: 31.00s (paused=False)
2025-09-19 13:12:12,623 - DEBUG - RSS check triggered.
2025-09-19 13:12:12,623 - DEBUG - Fetching RSS feed: https://gengo.com/rss/available_jobs/6d9668ab271c486e52eb4d37b876cabd5a1cf2da958b7004205163 with headers: {}
2025-09-19 13:12:13,145 - DEBUG - RSS feed fetched successfully. Entries: 0
2025-09-19 13:12:13,145 - DEBUG - Processing 0 RSS entries.
2025-09-19 13:12:13,145 - DEBUG - Waiting for next RSS check: 31.00s (paused=False)
2025-09-19 13:12:44,146 - DEBUG - RSS check triggered.
2025-09-19 13:12:44,146 - DEBUG - Fetching RSS feed: https://gengo.com/rss/available_jobs/6d9668ab271c486e52eb4d37b876cabd5a1cf2da958b7004205163 with headers: {}
2025-09-19 13:12:44,621 - DEBUG - RSS feed fetched successfully. Entries: 0
2025-09-19 13:12:44,621 - DEBUG - Processing 0 RSS entries.
2025-09-19 13:12:44,621 - DEBUG - Waiting for next RSS check: 31.00s (paused=False)
2025-09-19 13:13:15,621 - DEBUG - RSS check triggered.
2025-09-19 13:13:15,621 - DEBUG - Fetching RSS feed: https://gengo.com/rss/available_jobs/6d9668ab271c486e52eb4d37b876cabd5a1cf2da958b7004205163 with headers: {}
2025-09-19 13:13:16,125 - DEBUG - RSS feed fetched successfully. Entries: 0
2025-09-19 13:13:16,125 - DEBUG - Processing 0 RSS entries.
2025-09-19 13:13:16,125 - DEBUG - Waiting for next RSS check: 31.00s (paused=False)
2025-09-19 13:13:47,125 - DEBUG - RSS check triggered.
2025-09-19 13:13:47,125 - DEBUG - Fetching RSS feed: https://gengo.com/rss/available_jobs/6d9668ab271c486e52eb4d37b876cabd5a1cf2da958b7004205163 with headers: {}
2025-09-19 13:13:47,571 - DEBUG - RSS feed fetched successfully. Entries: 0
2025-09-19 13:13:47,571 - DEBUG - Processing 0 RSS entries.
2025-09-19 13:13:47,571 - DEBUG - Waiting for next RSS check: 31.00s (paused=False)
2025-09-19 13:14:18,571 - DEBUG - RSS check triggered.
2025-09-19 13:14:18,571 - DEBUG - Fetching RSS feed: https://gengo.com/rss/available_jobs/6d9668ab271c486e52eb4d37b876cabd5a1cf2da958b7004205163 with headers: {}
2025-09-19 13:14:19,070 - DEBUG - RSS feed fetched successfully. Entries: 0
2025-09-19 13:14:19,071 - DEBUG - Processing 0 RSS entries.
2025-09-19 13:14:19,071 - DEBUG - Waiting for next RSS check: 31.00s (paused=False)
2025-09-19 13:14:50,071 - DEBUG - RSS check triggered.
2025-09-19 13:14:50,071 - DEBUG - Fetching RSS feed: https://gengo.com/rss/available_jobs/6d9668ab271c486e52eb4d37b876cabd5a1cf2da958b7004205163 with headers: {}
2025-09-19 13:14:50,537 - DEBUG - RSS feed fetched successfully. Entries: 0
2025-09-19 13:14:50,537 - DEBUG - Processing 0 RSS entries.
2025-09-19 13:14:50,537 - DEBUG - Waiting for next RSS check: 31.00s (paused=False)
2025-09-19 13:15:21,537 - DEBUG - RSS check triggered.
2025-09-19 13:15:21,537 - DEBUG - Fetching RSS feed: https://gengo.com/rss/available_jobs/6d9668ab271c486e52eb4d37b876cabd5a1cf2da958b7004205163 with headers: {}
2025-09-19 13:15:22,031 - DEBUG - RSS feed fetched successfully. Entries: 0
2025-09-19 13:15:22,032 - DEBUG - Processing 0 RSS entries.
2025-09-19 13:15:22,032 - DEBUG - Waiting for next RSS check: 31.00s (paused=False)
2025-09-19 13:15:53,032 - DEBUG - RSS check triggered.
2025-09-19 13:15:53,032 - DEBUG - Fetching RSS feed: https://gengo.com/rss/available_jobs/6d9668ab271c486e52eb4d37b876cabd5a1cf2da958b7004205163 with headers: {}
2025-09-19 13:15:53,498 - DEBUG - RSS feed fetched successfully. Entries: 0
2025-09-19 13:15:53,499 - DEBUG - Processing 0 RSS entries.
2025-09-19 13:15:53,499 - DEBUG - Waiting for next RSS check: 31.00s (paused=False)
2025-09-19 13:16:24,499 - DEBUG - RSS check triggered.
2025-09-19 13:16:24,499 - DEBUG - Fetching RSS feed: https://gengo.com/rss/available_jobs/6d9668ab271c486e52eb4d37b876cabd5a1cf2da958b7004205163 with headers: {}
2025-09-19 13:16:25,059 - DEBUG - RSS feed fetched successfully. Entries: 0
2025-09-19 13:16:25,059 - DEBUG - Processing 0 RSS entries.
2025-09-19 13:16:25,059 - DEBUG - Waiting for next RSS check: 31.00s (paused=False)
2025-09-19 13:16:56,059 - DEBUG - RSS check triggered.
2025-09-19 13:16:56,059 - DEBUG - Fetching RSS feed: https://gengo.com/rss/available_jobs/6d9668ab271c486e52eb4d37b876cabd5a1cf2da958b7004205163 with headers: {}
2025-09-19 13:16:56,531 - DEBUG - RSS feed fetched successfully. Entries: 0
2025-09-19 13:16:56,531 - DEBUG - Processing 0 RSS entries.
2025-09-19 13:16:56,531 - DEBUG - Waiting for next RSS check: 31.00s (paused=False)
2025-09-19 13:17:27,531 - DEBUG - RSS check triggered.
2025-09-19 13:17:27,532 - DEBUG - Fetching RSS feed: https://gengo.com/rss/available_jobs/6d9668ab271c486e52eb4d37b876cabd5a1cf2da958b7004205163 with headers: {}
2025-09-19 13:17:28,076 - DEBUG - RSS feed fetched successfully. Entries: 0
2025-09-19 13:17:28,076 - DEBUG - Processing 0 RSS entries.
2025-09-19 13:17:28,076 - DEBUG - Waiting for next RSS check: 31.00s (paused=False)
2025-09-19 13:17:59,076 - DEBUG - RSS check triggered.
2025-09-19 13:17:59,076 - DEBUG - Fetching RSS feed: https://gengo.com/rss/available_jobs/6d9668ab271c486e52eb4d37b876cabd5a1cf2da958b7004205163 with headers: {}
2025-09-19 13:17:59,543 - DEBUG - RSS feed fetched successfully. Entries: 0
2025-09-19 13:17:59,543 - DEBUG - Processing 0 RSS entries.
2025-09-19 13:17:59,543 - DEBUG - Waiting for next RSS check: 31.00s (paused=False)
2025-09-19 13:18:30,548 - DEBUG - RSS check triggered.
2025-09-19 13:18:30,548 - DEBUG - Fetching RSS feed: https://gengo.com/rss/available_jobs/6d9668ab271c486e52eb4d37b876cabd5a1cf2da958b7004205163 with headers: {}
2025-09-19 13:18:31,057 - DEBUG - RSS feed fetched successfully. Entries: 0
2025-09-19 13:18:31,057 - DEBUG - Processing 0 RSS entries.
2025-09-19 13:18:31,058 - DEBUG - Waiting for next RSS check: 31.00s (paused=False)
2025-09-19 13:19:02,058 - DEBUG - RSS check triggered.
2025-09-19 13:19:02,058 - DEBUG - Fetching RSS feed: https://gengo.com/rss/available_jobs/6d9668ab271c486e52eb4d37b876cabd5a1cf2da958b7004205163 with headers: {}
2025-09-19 13:19:03,209 - DEBUG - RSS feed fetched successfully. Entries: 0
2025-09-19 13:19:03,209 - DEBUG - Processing 0 RSS entries.
2025-09-19 13:19:03,209 - DEBUG - Waiting for next RSS check: 31.00s (paused=False)
2025-09-19 13:19:34,209 - DEBUG - RSS check triggered.
2025-09-19 13:19:34,210 - DEBUG - Fetching RSS feed: https://gengo.com/rss/available_jobs/6d9668ab271c486e52eb4d37b876cabd5a1cf2da958b7004205163 with headers: {}
2025-09-19 13:19:34,752 - DEBUG - RSS feed fetched successfully. Entries: 0
2025-09-19 13:19:34,753 - DEBUG - Processing 0 RSS entries.
2025-09-19 13:19:34,753 - DEBUG - Waiting for next RSS check: 31.00s (paused=False)
2025-09-19 13:20:05,753 - DEBUG - RSS check triggered.
2025-09-19 13:20:05,753 - DEBUG - Fetching RSS feed: https://gengo.com/rss/available_jobs/6d9668ab271c486e52eb4d37b876cabd5a1cf2da958b7004205163 with headers: {}
2025-09-19 13:20:06,352 - DEBUG - RSS feed fetched successfully. Entries: 0
2025-09-19 13:20:06,352 - DEBUG - Processing 0 RSS entries.
2025-09-19 13:20:06,352 - DEBUG - Waiting for next RSS check: 31.00s (paused=False)
2025-09-19 13:20:37,353 - DEBUG - RSS check triggered.
2025-09-19 13:20:37,353 - DEBUG - Fetching RSS feed: https://gengo.com/rss/available_jobs/6d9668ab271c486e52eb4d37b876cabd5a1cf2da958b7004205163 with headers: {}
2025-09-19 13:20:37,890 - DEBUG - RSS feed fetched successfully. Entries: 0
2025-09-19 13:20:37,890 - DEBUG - Processing 0 RSS entries.
2025-09-19 13:20:37,890 - DEBUG - Waiting for next RSS check: 31.00s (paused=False)
2025-09-19 13:21:08,890 - DEBUG - RSS check triggered.
2025-09-19 13:21:08,890 - DEBUG - Fetching RSS feed: https://gengo.com/rss/available_jobs/6d9668ab271c486e52eb4d37b876cabd5a1cf2da958b7004205163 with headers: {}
2025-09-19 13:21:09,545 - DEBUG - RSS feed fetched successfully. Entries: 0
2025-09-19 13:21:09,545 - DEBUG - Processing 0 RSS entries.
2025-09-19 13:21:09,545 - DEBUG - Waiting for next RSS check: 31.00s (paused=False)
2025-09-19 13:21:40,545 - DEBUG - RSS check triggered.
2025-09-19 13:21:40,546 - DEBUG - Fetching RSS feed: https://gengo.com/rss/available_jobs/6d9668ab271c486e52eb4d37b876cabd5a1cf2da958b7004205163 with headers: {}
2025-09-19 13:21:41,033 - DEBUG - RSS feed fetched successfully. Entries: 0
2025-09-19 13:21:41,033 - DEBUG - Processing 0 RSS entries.
2025-09-19 13:21:41,033 - DEBUG - Waiting for next RSS check: 31.00s (paused=False)
2025-09-19 13:22:12,033 - DEBUG - RSS check triggered.
2025-09-19 13:22:12,034 - DEBUG - Fetching RSS feed: https://gengo.com/rss/available_jobs/6d9668ab271c486e52eb4d37b876cabd5a1cf2da958b7004205163 with headers: {}
2025-09-19 13:22:12,489 - DEBUG - RSS feed fetched successfully. Entries: 0
2025-09-19 13:22:12,490 - DEBUG - Processing 0 RSS entries.
2025-09-19 13:22:12,490 - DEBUG - Waiting for next RSS check: 31.00s (paused=False)
2025-09-19 13:22:43,490 - DEBUG - RSS check triggered.
2025-09-19 13:22:43,490 - DEBUG - Fetching RSS feed: https://gengo.com/rss/available_jobs/6d9668ab271c486e52eb4d37b876cabd5a1cf2da958b7004205163 with headers: {}
2025-09-19 13:22:43,985 - DEBUG - RSS feed fetched successfully. Entries: 0
2025-09-19 13:22:43,985 - DEBUG - Processing 0 RSS entries.
2025-09-19 13:22:43,985 - DEBUG - Waiting for next RSS check: 31.00s (paused=False)
2025-09-19 13:23:14,985 - DEBUG - RSS check triggered.
2025-09-19 13:23:14,985 - DEBUG - Fetching RSS feed: https://gengo.com/rss/available_jobs/6d9668ab271c486e52eb4d37b876cabd5a1cf2da958b7004205163 with headers: {}
2025-09-19 13:23:16,049 - DEBUG - RSS feed fetched successfully. Entries: 0
2025-09-19 13:23:16,049 - DEBUG - Processing 0 RSS entries.
2025-09-19 13:23:16,049 - DEBUG - Waiting for next RSS check: 31.00s (paused=False)
2025-09-19 13:23:47,049 - DEBUG - RSS check triggered.
2025-09-19 13:23:47,050 - DEBUG - Fetching RSS feed: https://gengo.com/rss/available_jobs/6d9668ab271c486e52eb4d37b876cabd5a1cf2da958b7004205163 with headers: {}
2025-09-19 13:23:47,550 - DEBUG - RSS feed fetched successfully. Entries: 0
2025-09-19 13:23:47,550 - DEBUG - Processing 0 RSS entries.
2025-09-19 13:23:47,550 - DEBUG - Waiting for next RSS check: 31.00s (paused=False)
2025-09-19 13:24:18,551 - DEBUG - RSS check triggered.
2025-09-19 13:24:18,551 - DEBUG - Fetching RSS feed: https://gengo.com/rss/available_jobs/6d9668ab271c486e52eb4d37b876cabd5a1cf2da958b7004205163 with headers: {}
2025-09-19 13:24:19,000 - DEBUG - RSS feed fetched successfully. Entries: 0
2025-09-19 13:24:19,000 - DEBUG - Processing 0 RSS entries.
2025-09-19 13:24:19,000 - DEBUG - Waiting for next RSS check: 31.00s (paused=False)
2025-09-19 13:24:50,000 - DEBUG - RSS check triggered.
2025-09-19 13:24:50,000 - DEBUG - Fetching RSS feed: https://gengo.com/rss/available_jobs/6d9668ab271c486e52eb4d37b876cabd5a1cf2da958b7004205163 with headers: {}
2025-09-19 13:24:50,530 - DEBUG - RSS feed fetched successfully. Entries: 0
2025-09-19 13:24:50,531 - DEBUG - Processing 0 RSS entries.
2025-09-19 13:24:50,531 - DEBUG - Waiting for next RSS check: 31.00s (paused=False)
2025-09-19 13:25:21,531 - DEBUG - RSS check triggered.
2025-09-19 13:25:21,531 - DEBUG - Fetching RSS feed: https://gengo.com/rss/available_jobs/6d9668ab271c486e52eb4d37b876cabd5a1cf2da958b7004205163 with headers: {}
2025-09-19 13:25:21,974 - DEBUG - RSS feed fetched successfully. Entries: 0
2025-09-19 13:25:21,974 - DEBUG - Processing 0 RSS entries.
2025-09-19 13:25:21,974 - DEBUG - Waiting for next RSS check: 31.00s (paused=False)
2025-09-19 13:25:52,974 - DEBUG - RSS check triggered.
2025-09-19 13:25:52,974 - DEBUG - Fetching RSS feed: https://gengo.com/rss/available_jobs/6d9668ab271c486e52eb4d37b876cabd5a1cf2da958b7004205163 with headers: {}
2025-09-19 13:25:53,474 - DEBUG - RSS feed fetched successfully. Entries: 0
2025-09-19 13:25:53,474 - DEBUG - Processing 0 RSS entries.
2025-09-19 13:25:53,474 - DEBUG - Waiting for next RSS check: 31.00s (paused=False)
2025-09-19 13:26:24,474 - DEBUG - RSS check triggered.
2025-09-19 13:26:24,474 - DEBUG - Fetching RSS feed: https://gengo.com/rss/available_jobs/6d9668ab271c486e52eb4d37b876cabd5a1cf2da958b7004205163 with headers: {}
2025-09-19 13:26:24,931 - DEBUG - RSS feed fetched successfully. Entries: 0
2025-09-19 13:26:24,931 - DEBUG - Processing 0 RSS entries.
2025-09-19 13:26:24,931 - DEBUG - Waiting for next RSS check: 31.00s (paused=False)
2025-09-19 13:26:55,931 - DEBUG - RSS check triggered.
2025-09-19 13:26:55,931 - DEBUG - Fetching RSS feed: https://gengo.com/rss/available_jobs/6d9668ab271c486e52eb4d37b876cabd5a1cf2da958b7004205163 with headers: {}
2025-09-19 13:26:56,415 - DEBUG - RSS feed fetched successfully. Entries: 0
2025-09-19 13:26:56,415 - DEBUG - Processing 0 RSS entries.
2025-09-19 13:26:56,415 - DEBUG - Waiting for next RSS check: 31.00s (paused=False)
2025-09-19 13:27:27,416 - DEBUG - RSS check triggered.
2025-09-19 13:27:27,416 - DEBUG - Fetching RSS feed: https://gengo.com/rss/available_jobs/6d9668ab271c486e52eb4d37b876cabd5a1cf2da958b7004205163 with headers: {}
2025-09-19 13:27:27,869 - DEBUG - RSS feed fetched successfully. Entries: 0
2025-09-19 13:27:27,869 - DEBUG - Processing 0 RSS entries.
2025-09-19 13:27:27,869 - DEBUG - Waiting for next RSS check: 31.00s (paused=False)
2025-09-19 13:27:58,869 - DEBUG - RSS check triggered.
2025-09-19 13:27:58,870 - DEBUG - Fetching RSS feed: https://gengo.com/rss/available_jobs/6d9668ab271c486e52eb4d37b876cabd5a1cf2da958b7004205163 with headers: {}
2025-09-19 13:27:59,454 - DEBUG - RSS feed fetched successfully. Entries: 0
2025-09-19 13:27:59,454 - DEBUG - Processing 0 RSS entries.
2025-09-19 13:27:59,454 - DEBUG - Waiting for next RSS check: 31.00s (paused=False)
2025-09-19 13:28:30,454 - DEBUG - RSS check triggered.
2025-09-19 13:28:30,455 - DEBUG - Fetching RSS feed: https://gengo.com/rss/available_jobs/6d9668ab271c486e52eb4d37b876cabd5a1cf2da958b7004205163 with headers: {}
2025-09-19 13:28:30,929 - DEBUG - RSS feed fetched successfully. Entries: 0
2025-09-19 13:28:30,929 - DEBUG - Processing 0 RSS entries.
2025-09-19 13:28:30,929 - DEBUG - Waiting for next RSS check: 31.00s (paused=False)
2025-09-19 13:29:01,929 - DEBUG - RSS check triggered.
2025-09-19 13:29:01,929 - DEBUG - Fetching RSS feed: https://gengo.com/rss/available_jobs/6d9668ab271c486e52eb4d37b876cabd5a1cf2da958b7004205163 with headers: {}
2025-09-19 13:29:02,545 - DEBUG - RSS feed fetched successfully. Entries: 0
2025-09-19 13:29:02,545 - DEBUG - Processing 0 RSS entries.
2025-09-19 13:29:02,545 - DEBUG - Waiting for next RSS check: 31.00s (paused=False)
2025-09-19 13:29:33,545 - DEBUG - RSS check triggered.
2025-09-19 13:29:33,545 - DEBUG - Fetching RSS feed: https://gengo.com/rss/available_jobs/6d9668ab271c486e52eb4d37b876cabd5a1cf2da958b7004205163 with headers: {}
2025-09-19 13:29:34,010 - DEBUG - RSS feed fetched successfully. Entries: 0
2025-09-19 13:29:34,010 - DEBUG - Processing 0 RSS entries.
2025-09-19 13:29:34,010 - DEBUG - Waiting for next RSS check: 31.00s (paused=False)
2025-09-19 13:30:05,010 - DEBUG - RSS check triggered.
2025-09-19 13:30:05,010 - DEBUG - Fetching RSS feed: https://gengo.com/rss/available_jobs/6d9668ab271c486e52eb4d37b876cabd5a1cf2da958b7004205163 with headers: {}
2025-09-19 13:30:05,661 - DEBUG - RSS feed fetched successfully. Entries: 0
2025-09-19 13:30:05,662 - DEBUG - Processing 0 RSS entries.
2025-09-19 13:30:05,662 - DEBUG - Waiting for next RSS check: 31.00s (paused=False)
2025-09-19 13:30:36,662 - DEBUG - RSS check triggered.
2025-09-19 13:30:36,662 - DEBUG - Fetching RSS feed: https://gengo.com/rss/available_jobs/6d9668ab271c486e52eb4d37b876cabd5a1cf2da958b7004205163 with headers: {}
2025-09-19 13:30:37,271 - DEBUG - RSS feed fetched successfully. Entries: 0
2025-09-19 13:30:37,271 - DEBUG - Processing 0 RSS entries.
2025-09-19 13:30:37,271 - DEBUG - Waiting for next RSS check: 31.00s (paused=False)
2025-09-19 13:31:08,271 - DEBUG - RSS check triggered.
2025-09-19 13:31:08,271 - DEBUG - Fetching RSS feed: https://gengo.com/rss/available_jobs/6d9668ab271c486e52eb4d37b876cabd5a1cf2da958b7004205163 with headers: {}
2025-09-19 13:31:08,779 - DEBUG - RSS feed fetched successfully. Entries: 0
2025-09-19 13:31:08,779 - DEBUG - Processing 0 RSS entries.
2025-09-19 13:31:08,779 - DEBUG - Waiting for next RSS check: 31.00s (paused=False)
2025-09-19 13:31:39,779 - DEBUG - RSS check triggered.
2025-09-19 13:31:39,779 - DEBUG - Fetching RSS feed: https://gengo.com/rss/available_jobs/6d9668ab271c486e52eb4d37b876cabd5a1cf2da958b7004205163 with headers: {}
2025-09-19 13:31:40,250 - DEBUG - RSS feed fetched successfully. Entries: 0
2025-09-19 13:31:40,250 - DEBUG - Processing 0 RSS entries.
2025-09-19 13:31:40,250 - DEBUG - Waiting for next RSS check: 31.00s (paused=False)
2025-09-19 13:32:11,250 - DEBUG - RSS check triggered.
2025-09-19 13:32:11,251 - DEBUG - Fetching RSS feed: https://gengo.com/rss/available_jobs/6d9668ab271c486e52eb4d37b876cabd5a1cf2da958b7004205163 with headers: {}
2025-09-19 13:32:11,768 - DEBUG - RSS feed fetched successfully. Entries: 0
2025-09-19 13:32:11,769 - DEBUG - Processing 0 RSS entries.
2025-09-19 13:32:11,769 - DEBUG - Waiting for next RSS check: 31.00s (paused=False)
2025-09-19 13:32:42,769 - DEBUG - RSS check triggered.
2025-09-19 13:32:42,769 - DEBUG - Fetching RSS feed: https://gengo.com/rss/available_jobs/6d9668ab271c486e52eb4d37b876cabd5a1cf2da958b7004205163 with headers: {}
2025-09-19 13:32:43,121 - DEBUG - WebSocket: Message received: {"type": "available_collection", "collection": {"id": 33884079, "lc_src": "ja", "lc_tgt": "en", "tier": "pro", "is_preferred": false, "currency": "JPY", "is_ezra": false, "type": "text", "content": "\u4fee\u7406\u3057\u305f\u3044NV\u30ec\u30fc\u30b6\u30fc\u304c2\u53f0\u3042\u308a\u307e\u3059\u306e\u3067\u3001\u4fee\u7406\u7528\u306e\u5831\u544a\u66f8\u3092\u304a\u9001\u308a\u304f\u3060\u3055\u3044\uff1f\n\u307e\u305f", "rewards": 8.11, "unit_count": 169, "has_tm": false, "filetype_src": 0}}
2025-09-19 13:32:43,122 - DEBUG - WebSocket: Message JSON: {'type': 'available_collection', 'collection': {'id': 33884079, 'lc_src': 'ja', 'lc_tgt': 'en', 'tier': 'pro', 'is_preferred': False, 'currency': 'JPY', 'is_ezra': False, 'type': 'text', 'content': '修理したいNVレーザーが2台ありますので、修理用の報告書をお送りください？\nまた', 'rewards': 8.11, 'unit_count': 169, 'has_tm': False, 'filetype_src': 0}}
2025-09-19 13:32:43,122 - DEBUG - WebSocket: Job data: {'id': 33884079, 'lc_src': 'ja', 'lc_tgt': 'en', 'tier': 'pro', 'is_preferred': False, 'currency': 'JPY', 'is_ezra': False, 'type': 'text', 'content': '修理したいNVレーザーが2台ありますので、修理用の報告書をお送りください？\nまた', 'rewards': 8.11, 'unit_count': 169, 'has_tm': False, 'filetype_src': 0}
2025-09-19 13:32:43,122 - DEBUG - Processing new job: 33884079, ja > en, 8.11, https://gengo.com/t/jobs/details/33884079, WebSocket
2025-09-19 13:32:43,122 - INFO - [success]New job via WebSocket: ja > en (US$ 8.11)[/success]
2025-09-19 13:32:43,122 - DEBUG - Showing notification: New Gengo Job Available! - ja > en
2025-09-19 13:32:43,125 - DEBUG - Attempting to play sound with paplay: /home/thomas/GengoWatcher/assets/alert.wav
2025-09-19 13:32:43,125 - DEBUG - Opening URL in browser: https://gengo.com/t/jobs/details/33884079
2025-09-19 13:32:43,126 - DEBUG - Added job 33884079 to storage
2025-09-19 13:32:43,126 - INFO - Job 33884079 meets auto-accept criteria, queuing for acceptance
2025-09-19 13:32:43,126 - INFO - Attempting to auto-accept job 33884079
2025-09-19 13:32:43,127 - DEBUG - Waiting 27.02s before accepting job 33884079
2025-09-19 13:32:43,350 - DEBUG - RSS feed fetched successfully. Entries: 1
2025-09-19 13:32:43,350 - DEBUG - Processing 1 RSS entries.
2025-09-19 13:32:43,350 - DEBUG - Logging 1 entries to CSV.
2025-09-19 13:32:43,350 - DEBUG - Extracting reward from entry: (Pro) | 修理したいNVレーザーが2台ありますので、修理用の報告書をお送りください？
また | 169 chars | Reward: US$8.11 | Japanese/English | 修理したいNVレーザーが2台ありますので、修理用の報告書をお送りください？
また
2025-09-19 13:32:43,350 - DEBUG - Found 1 new RSS entries.
2025-09-19 13:32:43,351 - DEBUG - Processing new RSS entry: (Pro) | 修理したいNVレーザーが2台ありますので、修理用の報告書をお送りください？
また | 169 chars | Reward: US$8.11 | Japanese/English https://gengo.com/t/jobs/details/33884079?referral=rss
2025-09-19 13:32:43,351 - DEBUG - Extracting reward from entry: (Pro) | 修理したいNVレーザーが2台ありますので、修理用の報告書をお送りください？
また | 169 chars | Reward: US$8.11 | Japanese/English | 修理したいNVレーザーが2台ありますので、修理用の報告書をお送りください？
また
2025-09-19 13:32:43,351 - DEBUG - Processing new job: 33884079, (Pro) | 修理したいNVレーザーが2台ありますので、修理用の報告書をお送りください？
また | 169 chars | Reward: US$8.11 | Japanese/English, 8.11, https://gengo.com/t/jobs/details/33884079?referral=rss, RSS
2025-09-19 13:32:43,351 - DEBUG - Waiting for next RSS check: 31.00s (paused=False)
2025-09-19 13:32:43,848 - ERROR - Failed to initialize Chrome WebDriver: Message: unknown error: cannot find Chrome binary
Stacktrace:
#0 0x55c4dcb2a4e3 <unknown>
#1 0x55c4dc859c76 <unknown>
#2 0x55c4dc880757 <unknown>
#3 0x55c4dc87f029 <unknown>
#4 0x55c4dc8bdccc <unknown>
#5 0x55c4dc8bd47f <unknown>
#6 0x55c4dc8b4de3 <unknown>
#7 0x55c4dc88a2dd <unknown>
#8 0x55c4dc88b34e <unknown>
#9 0x55c4dcaea3e4 <unknown>
#10 0x55c4dcaee3d7 <unknown>
#11 0x55c4dcaf8b20 <unknown>
#12 0x55c4dcaef023 <unknown>
#13 0x55c4dcabd1aa <unknown>
#14 0x55c4dcb136b8 <unknown>
#15 0x55c4dcb13847 <unknown>
#16 0x55c4dcb23243 <unknown>
#17 0x7fb5a38aa4f8 <unknown>

2025-09-19 13:32:43,848 - DEBUG - Accept watcher error: Message: unknown error: cannot find Chrome binary
Stacktrace:
#0 0x55c4dcb2a4e3 <unknown>
#1 0x55c4dc859c76 <unknown>
#2 0x55c4dc880757 <unknown>
#3 0x55c4dc87f029 <unknown>
#4 0x55c4dc8bdccc <unknown>
#5 0x55c4dc8bd47f <unknown>
#6 0x55c4dc8b4de3 <unknown>
#7 0x55c4dc88a2dd <unknown>
#8 0x55c4dc88b34e <unknown>
#9 0x55c4dcaea3e4 <unknown>
#10 0x55c4dcaee3d7 <unknown>
#11 0x55c4dcaf8b20 <unknown>
#12 0x55c4dcaef023 <unknown>
#13 0x55c4dcabd1aa <unknown>
#14 0x55c4dcb136b8 <unknown>
#15 0x55c4dcb13847 <unknown>
#16 0x55c4dcb23243 <unknown>
#17 0x7fb5a38aa4f8 <unknown>

2025-09-19 13:32:47,186 - DEBUG - WebSocket: Message received: {"type": "unavailable_collection", "collection": {"id": 33884079, "lc_src": "ja", "lc_tgt": "en", "tier": "pro", "is_preferred": false, "currency": "JPY", "is_ezra": false, "type": "text", "content": "\u4fee\u7406\u3057\u305f\u3044NV\u30ec\u30fc\u30b6\u30fc\u304c2\u53f0\u3042\u308a\u307e\u3059\u306e\u3067\u3001\u4fee\u7406\u7528\u306e\u5831\u544a\u66f8\u3092\u304a\u9001\u308a\u304f\u3060\u3055\u3044\uff1f\n\u307e\u305f", "rewards": 8.11, "unit_count": 169, "has_tm": false, "filetype_src": 0}}
2025-09-19 13:32:47,187 - DEBUG - WebSocket: Message JSON: {'type': 'unavailable_collection', 'collection': {'id': 33884079, 'lc_src': 'ja', 'lc_tgt': 'en', 'tier': 'pro', 'is_preferred': False, 'currency': 'JPY', 'is_ezra': False, 'type': 'text', 'content': '修理したいNVレーザーが2台ありますので、修理用の報告書をお送りください？\nまた', 'rewards': 8.11, 'unit_count': 169, 'has_tm': False, 'filetype_src': 0}}
2025-09-19 13:33:10,177 - DEBUG - Acceptance task raised
Traceback (most recent call last):
  File "/home/thomas/GengoWatcher/src/gengowatcher/job_acceptance.py", line 578, in _wait_for_winner
    result = task.result()
  File "/home/thomas/GengoWatcher/src/gengowatcher/job_acceptance.py", line 351, in _attempt_http_accept
    async with self.session.get(details_url, headers=headers, timeout=30) as response:
               ~~~~~~~~~~~~~~~~^^^^^^^^^^^^^^^^^^^^^^^^^^^^^^^^^^^^^^^^^^
  File "/home/thomas/GengoWatcher/src/.venv/lib/python3.13/site-packages/aiohttp/client.py", line 1488, in __aenter__
    self._resp: _RetType = await self._coro
                           ^^^^^^^^^^^^^^^^
  File "/home/thomas/GengoWatcher/src/.venv/lib/python3.13/site-packages/aiohttp/client.py", line 594, in _request
    handle = tm.start()
  File "/home/thomas/GengoWatcher/src/.venv/lib/python3.13/site-packages/aiohttp/helpers.py", line 587, in start
    return self._loop.call_at(when, self.__call__)
           ~~~~~~~~~~~~~~~~~~^^^^^^^^^^^^^^^^^^^^^
  File "/usr/lib/python3.13/asyncio/base_events.py", line 812, in call_at
    self._check_closed()
    ~~~~~~~~~~~~~~~~~~^^
  File "/usr/lib/python3.13/asyncio/base_events.py", line 556, in _check_closed
    raise RuntimeError('Event loop is closed')
RuntimeError: Event loop is closed
2025-09-19 13:33:10,931 - ERROR - Failed to initialize Chrome WebDriver: Message: unknown error: cannot find Chrome binary
Stacktrace:
#0 0x562406c414e3 <unknown>
#1 0x562406970c76 <unknown>
#2 0x562406997757 <unknown>
#3 0x562406996029 <unknown>
#4 0x5624069d4ccc <unknown>
#5 0x5624069d447f <unknown>
#6 0x5624069cbde3 <unknown>
#7 0x5624069a12dd <unknown>
#8 0x5624069a234e <unknown>
#9 0x562406c013e4 <unknown>
#10 0x562406c053d7 <unknown>
#11 0x562406c0fb20 <unknown>
#12 0x562406c06023 <unknown>
#13 0x562406bd41aa <unknown>
#14 0x562406c2a6b8 <unknown>
#15 0x562406c2a847 <unknown>
#16 0x562406c3a243 <unknown>
#17 0x7f546e8aa4f8 <unknown>

2025-09-19 13:33:10,932 - WARNING - Failed to accept job 33884079 via selenium (attempt 1/4). Reason: init_error:Message: unknown error: cannot find Chrome binary
Stacktrace:
#0 0x562406c414e3 <unknown>
#1 0x562406970c76 <unknown>
#2 0x562406997757 <unknown>
#3 0x562406996029 <unknown>
#4 0x5624069d4ccc <unknown>
#5 0x5624069d447f <unknown>
#6 0x5624069cbde3 <unknown>
#7 0x5624069a12dd <unknown>
#8 0x5624069a234e <unknown>
#9 0x562406c013e4 <unknown>
#10 0x562406c053d7 <unknown>
#11 0x562406c0fb20 <unknown>
#12 0x562406c06023 <unknown>
#13 0x562406bd41aa <unknown>
#14 0x562406c2a6b8 <unknown>
#15 0x562406c2a847 <unknown>
#16 0x562406c3a243 <unknown>
#17 0x7f546e8aa4f8 <unknown>

2025-09-19 13:33:10,932 - INFO - Retrying job 33884079 in 2.68s (attempt 2/4)
2025-09-19 13:33:13,613 - DEBUG - Acceptance task raised
Traceback (most recent call last):
  File "/home/thomas/GengoWatcher/src/gengowatcher/job_acceptance.py", line 578, in _wait_for_winner
    result = task.result()
  File "/home/thomas/GengoWatcher/src/gengowatcher/job_acceptance.py", line 351, in _attempt_http_accept
    async with self.session.get(details_url, headers=headers, timeout=30) as response:
               ~~~~~~~~~~~~~~~~^^^^^^^^^^^^^^^^^^^^^^^^^^^^^^^^^^^^^^^^^^
  File "/home/thomas/GengoWatcher/src/.venv/lib/python3.13/site-packages/aiohttp/client.py", line 1488, in __aenter__
    self._resp: _RetType = await self._coro
                           ^^^^^^^^^^^^^^^^
  File "/home/thomas/GengoWatcher/src/.venv/lib/python3.13/site-packages/aiohttp/client.py", line 594, in _request
    handle = tm.start()
  File "/home/thomas/GengoWatcher/src/.venv/lib/python3.13/site-packages/aiohttp/helpers.py", line 587, in start
    return self._loop.call_at(when, self.__call__)
           ~~~~~~~~~~~~~~~~~~^^^^^^^^^^^^^^^^^^^^^
  File "/usr/lib/python3.13/asyncio/base_events.py", line 812, in call_at
    self._check_closed()
    ~~~~~~~~~~~~~~~~~~^^
  File "/usr/lib/python3.13/asyncio/base_events.py", line 556, in _check_closed
    raise RuntimeError('Event loop is closed')
RuntimeError: Event loop is closed
2025-09-19 13:33:14,351 - DEBUG - RSS check triggered.
2025-09-19 13:33:14,351 - DEBUG - Fetching RSS feed: https://gengo.com/rss/available_jobs/6d9668ab271c486e52eb4d37b876cabd5a1cf2da958b7004205163 with headers: {}
2025-09-19 13:33:14,380 - ERROR - Failed to initialize Chrome WebDriver: Message: unknown error: cannot find Chrome binary
Stacktrace:
#0 0x559c28c194e3 <unknown>
#1 0x559c28948c76 <unknown>
#2 0x559c2896f757 <unknown>
#3 0x559c2896e029 <unknown>
#4 0x559c289acccc <unknown>
#5 0x559c289ac47f <unknown>
#6 0x559c289a3de3 <unknown>
#7 0x559c289792dd <unknown>
#8 0x559c2897a34e <unknown>
#9 0x559c28bd93e4 <unknown>
#10 0x559c28bdd3d7 <unknown>
#11 0x559c28be7b20 <unknown>
#12 0x559c28bde023 <unknown>
#13 0x559c28bac1aa <unknown>
#14 0x559c28c026b8 <unknown>
#15 0x559c28c02847 <unknown>
#16 0x559c28c12243 <unknown>
#17 0x7f16574aa4f8 <unknown>

2025-09-19 13:33:14,380 - WARNING - Failed to accept job 33884079 via selenium (attempt 2/4). Reason: init_error:Message: unknown error: cannot find Chrome binary
Stacktrace:
#0 0x559c28c194e3 <unknown>
#1 0x559c28948c76 <unknown>
#2 0x559c2896f757 <unknown>
#3 0x559c2896e029 <unknown>
#4 0x559c289acccc <unknown>
#5 0x559c289ac47f <unknown>
#6 0x559c289a3de3 <unknown>
#7 0x559c289792dd <unknown>
#8 0x559c2897a34e <unknown>
#9 0x559c28bd93e4 <unknown>
#10 0x559c28bdd3d7 <unknown>
#11 0x559c28be7b20 <unknown>
#12 0x559c28bde023 <unknown>
#13 0x559c28bac1aa <unknown>
#14 0x559c28c026b8 <unknown>
#15 0x559c28c02847 <unknown>
#16 0x559c28c12243 <unknown>
#17 0x7f16574aa4f8 <unknown>

2025-09-19 13:33:14,380 - INFO - Retrying job 33884079 in 4.88s (attempt 3/4)
2025-09-19 13:33:14,864 - DEBUG - RSS feed fetched successfully. Entries: 0
2025-09-19 13:33:14,864 - DEBUG - Processing 0 RSS entries.
2025-09-19 13:33:14,864 - DEBUG - Waiting for next RSS check: 31.00s (paused=False)
2025-09-19 13:33:19,267 - DEBUG - Acceptance task raised
Traceback (most recent call last):
  File "/home/thomas/GengoWatcher/src/gengowatcher/job_acceptance.py", line 578, in _wait_for_winner
    result = task.result()
  File "/home/thomas/GengoWatcher/src/gengowatcher/job_acceptance.py", line 351, in _attempt_http_accept
    async with self.session.get(details_url, headers=headers, timeout=30) as response:
               ~~~~~~~~~~~~~~~~^^^^^^^^^^^^^^^^^^^^^^^^^^^^^^^^^^^^^^^^^^
  File "/home/thomas/GengoWatcher/src/.venv/lib/python3.13/site-packages/aiohttp/client.py", line 1488, in __aenter__
    self._resp: _RetType = await self._coro
                           ^^^^^^^^^^^^^^^^
  File "/home/thomas/GengoWatcher/src/.venv/lib/python3.13/site-packages/aiohttp/client.py", line 594, in _request
    handle = tm.start()
  File "/home/thomas/GengoWatcher/src/.venv/lib/python3.13/site-packages/aiohttp/helpers.py", line 587, in start
    return self._loop.call_at(when, self.__call__)
           ~~~~~~~~~~~~~~~~~~^^^^^^^^^^^^^^^^^^^^^
  File "/usr/lib/python3.13/asyncio/base_events.py", line 812, in call_at
    self._check_closed()
    ~~~~~~~~~~~~~~~~~~^^
  File "/usr/lib/python3.13/asyncio/base_events.py", line 556, in _check_closed
    raise RuntimeError('Event loop is closed')
RuntimeError: Event loop is closed
2025-09-19 13:33:20,008 - ERROR - Failed to initialize Chrome WebDriver: Message: unknown error: cannot find Chrome binary
Stacktrace:
#0 0x55a9fc0014e3 <unknown>
#1 0x55a9fbd30c76 <unknown>
#2 0x55a9fbd57757 <unknown>
#3 0x55a9fbd56029 <unknown>
#4 0x55a9fbd94ccc <unknown>
#5 0x55a9fbd9447f <unknown>
#6 0x55a9fbd8bde3 <unknown>
#7 0x55a9fbd612dd <unknown>
#8 0x55a9fbd6234e <unknown>
#9 0x55a9fbfc13e4 <unknown>
#10 0x55a9fbfc53d7 <unknown>
#11 0x55a9fbfcfb20 <unknown>
#12 0x55a9fbfc6023 <unknown>
#13 0x55a9fbf941aa <unknown>
#14 0x55a9fbfea6b8 <unknown>
#15 0x55a9fbfea847 <unknown>
#16 0x55a9fbffa243 <unknown>
#17 0x7ff79baaa4f8 <unknown>

2025-09-19 13:33:20,008 - WARNING - Failed to accept job 33884079 via selenium (attempt 3/4). Reason: init_error:Message: unknown error: cannot find Chrome binary
Stacktrace:
#0 0x55a9fc0014e3 <unknown>
#1 0x55a9fbd30c76 <unknown>
#2 0x55a9fbd57757 <unknown>
#3 0x55a9fbd56029 <unknown>
#4 0x55a9fbd94ccc <unknown>
#5 0x55a9fbd9447f <unknown>
#6 0x55a9fbd8bde3 <unknown>
#7 0x55a9fbd612dd <unknown>
#8 0x55a9fbd6234e <unknown>
#9 0x55a9fbfc13e4 <unknown>
#10 0x55a9fbfc53d7 <unknown>
#11 0x55a9fbfcfb20 <unknown>
#12 0x55a9fbfc6023 <unknown>
#13 0x55a9fbf941aa <unknown>
#14 0x55a9fbfea6b8 <unknown>
#15 0x55a9fbfea847 <unknown>
#16 0x55a9fbffa243 <unknown>
#17 0x7ff79baaa4f8 <unknown>

2025-09-19 13:33:20,008 - INFO - Retrying job 33884079 in 8.45s (attempt 4/4)
2025-09-19 13:33:28,470 - DEBUG - Acceptance task raised
Traceback (most recent call last):
  File "/home/thomas/GengoWatcher/src/gengowatcher/job_acceptance.py", line 578, in _wait_for_winner
    result = task.result()
  File "/home/thomas/GengoWatcher/src/gengowatcher/job_acceptance.py", line 351, in _attempt_http_accept
    async with self.session.get(details_url, headers=headers, timeout=30) as response:
               ~~~~~~~~~~~~~~~~^^^^^^^^^^^^^^^^^^^^^^^^^^^^^^^^^^^^^^^^^^
  File "/home/thomas/GengoWatcher/src/.venv/lib/python3.13/site-packages/aiohttp/client.py", line 1488, in __aenter__
    self._resp: _RetType = await self._coro
                           ^^^^^^^^^^^^^^^^
  File "/home/thomas/GengoWatcher/src/.venv/lib/python3.13/site-packages/aiohttp/client.py", line 594, in _request
    handle = tm.start()
  File "/home/thomas/GengoWatcher/src/.venv/lib/python3.13/site-packages/aiohttp/helpers.py", line 587, in start
    return self._loop.call_at(when, self.__call__)
           ~~~~~~~~~~~~~~~~~~^^^^^^^^^^^^^^^^^^^^^
  File "/usr/lib/python3.13/asyncio/base_events.py", line 812, in call_at
    self._check_closed()
    ~~~~~~~~~~~~~~~~~~^^
  File "/usr/lib/python3.13/asyncio/base_events.py", line 556, in _check_closed
    raise RuntimeError('Event loop is closed')
RuntimeError: Event loop is closed
2025-09-19 13:33:29,152 - ERROR - Failed to initialize Chrome WebDriver: Message: unknown error: cannot find Chrome binary
Stacktrace:
#0 0x55d230f504e3 <unknown>
#1 0x55d230c7fc76 <unknown>
#2 0x55d230ca6757 <unknown>
#3 0x55d230ca5029 <unknown>
#4 0x55d230ce3ccc <unknown>
#5 0x55d230ce347f <unknown>
#6 0x55d230cdade3 <unknown>
#7 0x55d230cb02dd <unknown>
#8 0x55d230cb134e <unknown>
#9 0x55d230f103e4 <unknown>
#10 0x55d230f143d7 <unknown>
#11 0x55d230f1eb20 <unknown>
#12 0x55d230f15023 <unknown>
#13 0x55d230ee31aa <unknown>
#14 0x55d230f396b8 <unknown>
#15 0x55d230f39847 <unknown>
#16 0x55d230f49243 <unknown>
#17 0x7fca400aa4f8 <unknown>

2025-09-19 13:33:29,152 - WARNING - Failed to accept job 33884079 via selenium (attempt 4/4). Reason: init_error:Message: unknown error: cannot find Chrome binary
Stacktrace:
#0 0x55d230f504e3 <unknown>
#1 0x55d230c7fc76 <unknown>
#2 0x55d230ca6757 <unknown>
#3 0x55d230ca5029 <unknown>
#4 0x55d230ce3ccc <unknown>
#5 0x55d230ce347f <unknown>
#6 0x55d230cdade3 <unknown>
#7 0x55d230cb02dd <unknown>
#8 0x55d230cb134e <unknown>
#9 0x55d230f103e4 <unknown>
#10 0x55d230f143d7 <unknown>
#11 0x55d230f1eb20 <unknown>
#12 0x55d230f15023 <unknown>
#13 0x55d230ee31aa <unknown>
#14 0x55d230f396b8 <unknown>
#15 0x55d230f39847 <unknown>
#16 0x55d230f49243 <unknown>
#17 0x7fca400aa4f8 <unknown>

2025-09-19 13:33:29,153 - ERROR - Failed to accept job 33884079 after 4 attempts (last reason: init_error:Message: unknown error: cannot find Chrome binary
Stacktrace:
#0 0x55d230f504e3 <unknown>
#1 0x55d230c7fc76 <unknown>
#2 0x55d230ca6757 <unknown>
#3 0x55d230ca5029 <unknown>
#4 0x55d230ce3ccc <unknown>
#5 0x55d230ce347f <unknown>
#6 0x55d230cdade3 <unknown>
#7 0x55d230cb02dd <unknown>
#8 0x55d230cb134e <unknown>
#9 0x55d230f103e4 <unknown>
#10 0x55d230f143d7 <unknown>
#11 0x55d230f1eb20 <unknown>
#12 0x55d230f15023 <unknown>
#13 0x55d230ee31aa <unknown>
#14 0x55d230f396b8 <unknown>
#15 0x55d230f39847 <unknown>
#16 0x55d230f49243 <unknown>
#17 0x7fca400aa4f8 <unknown>
)
2025-09-19 13:33:45,864 - DEBUG - RSS check triggered.
2025-09-19 13:33:45,864 - DEBUG - Fetching RSS feed: https://gengo.com/rss/available_jobs/6d9668ab271c486e52eb4d37b876cabd5a1cf2da958b7004205163 with headers: {}
2025-09-19 13:33:46,346 - DEBUG - RSS feed fetched successfully. Entries: 0
2025-09-19 13:33:46,346 - DEBUG - Processing 0 RSS entries.
2025-09-19 13:33:46,346 - DEBUG - Waiting for next RSS check: 31.00s (paused=False)
2025-09-19 13:34:17,346 - DEBUG - RSS check triggered.
2025-09-19 13:34:17,346 - DEBUG - Fetching RSS feed: https://gengo.com/rss/available_jobs/6d9668ab271c486e52eb4d37b876cabd5a1cf2da958b7004205163 with headers: {}
2025-09-19 13:34:17,862 - DEBUG - RSS feed fetched successfully. Entries: 0
2025-09-19 13:34:17,862 - DEBUG - Processing 0 RSS entries.
2025-09-19 13:34:17,862 - DEBUG - Waiting for next RSS check: 31.00s (paused=False)
2025-09-19 13:34:48,862 - DEBUG - RSS check triggered.
2025-09-19 13:34:48,862 - DEBUG - Fetching RSS feed: https://gengo.com/rss/available_jobs/6d9668ab271c486e52eb4d37b876cabd5a1cf2da958b7004205163 with headers: {}
2025-09-19 13:34:49,320 - DEBUG - RSS feed fetched successfully. Entries: 0
2025-09-19 13:34:49,321 - DEBUG - Processing 0 RSS entries.
2025-09-19 13:34:49,321 - DEBUG - Waiting for next RSS check: 31.00s (paused=False)
2025-09-19 13:35:20,321 - DEBUG - RSS check triggered.
2025-09-19 13:35:20,321 - DEBUG - Fetching RSS feed: https://gengo.com/rss/available_jobs/6d9668ab271c486e52eb4d37b876cabd5a1cf2da958b7004205163 with headers: {}
2025-09-19 13:35:20,842 - DEBUG - RSS feed fetched successfully. Entries: 0
2025-09-19 13:35:20,842 - DEBUG - Processing 0 RSS entries.
2025-09-19 13:35:20,842 - DEBUG - Waiting for next RSS check: 31.00s (paused=False)
2025-09-19 13:35:51,843 - DEBUG - RSS check triggered.
2025-09-19 13:35:51,843 - DEBUG - Fetching RSS feed: https://gengo.com/rss/available_jobs/6d9668ab271c486e52eb4d37b876cabd5a1cf2da958b7004205163 with headers: {}
2025-09-19 13:35:52,322 - DEBUG - RSS feed fetched successfully. Entries: 0
2025-09-19 13:35:52,322 - DEBUG - Processing 0 RSS entries.
2025-09-19 13:35:52,322 - DEBUG - Waiting for next RSS check: 31.00s (paused=False)
2025-09-19 13:36:23,322 - DEBUG - RSS check triggered.
2025-09-19 13:36:23,323 - DEBUG - Fetching RSS feed: https://gengo.com/rss/available_jobs/6d9668ab271c486e52eb4d37b876cabd5a1cf2da958b7004205163 with headers: {}
2025-09-19 13:36:23,821 - DEBUG - RSS feed fetched successfully. Entries: 0
2025-09-19 13:36:23,821 - DEBUG - Processing 0 RSS entries.
2025-09-19 13:36:23,821 - DEBUG - Waiting for next RSS check: 31.00s (paused=False)
2025-09-19 13:36:54,822 - DEBUG - RSS check triggered.
2025-09-19 13:36:54,822 - DEBUG - Fetching RSS feed: https://gengo.com/rss/available_jobs/6d9668ab271c486e52eb4d37b876cabd5a1cf2da958b7004205163 with headers: {}
2025-09-19 13:36:55,285 - DEBUG - RSS feed fetched successfully. Entries: 0
2025-09-19 13:36:55,285 - DEBUG - Processing 0 RSS entries.
2025-09-19 13:36:55,285 - DEBUG - Waiting for next RSS check: 31.00s (paused=False)
2025-09-19 13:37:26,285 - DEBUG - RSS check triggered.
2025-09-19 13:37:26,286 - DEBUG - Fetching RSS feed: https://gengo.com/rss/available_jobs/6d9668ab271c486e52eb4d37b876cabd5a1cf2da958b7004205163 with headers: {}
2025-09-19 13:37:26,786 - DEBUG - RSS feed fetched successfully. Entries: 0
2025-09-19 13:37:26,786 - DEBUG - Processing 0 RSS entries.
2025-09-19 13:37:26,786 - DEBUG - Waiting for next RSS check: 31.00s (paused=False)
2025-09-19 13:37:57,787 - DEBUG - RSS check triggered.
2025-09-19 13:37:57,787 - DEBUG - Fetching RSS feed: https://gengo.com/rss/available_jobs/6d9668ab271c486e52eb4d37b876cabd5a1cf2da958b7004205163 with headers: {}
2025-09-19 13:37:58,251 - DEBUG - RSS feed fetched successfully. Entries: 0
2025-09-19 13:37:58,251 - DEBUG - Processing 0 RSS entries.
2025-09-19 13:37:58,251 - DEBUG - Waiting for next RSS check: 31.00s (paused=False)
2025-09-19 13:38:29,251 - DEBUG - RSS check triggered.
2025-09-19 13:38:29,251 - DEBUG - Fetching RSS feed: https://gengo.com/rss/available_jobs/6d9668ab271c486e52eb4d37b876cabd5a1cf2da958b7004205163 with headers: {}
2025-09-19 13:38:29,750 - DEBUG - RSS feed fetched successfully. Entries: 0
2025-09-19 13:38:29,750 - DEBUG - Processing 0 RSS entries.
2025-09-19 13:38:29,750 - DEBUG - Waiting for next RSS check: 31.00s (paused=False)
2025-09-19 13:38:35,623 - DEBUG - WebSocket: Message received: {"type": "available_collection", "collection": {"id": 33884092, "lc_src": "ja", "lc_tgt": "en", "tier": "standard", "is_preferred": false, "currency": "USD", "is_ezra": false, "type": "text", "content": "\u30fb\u8a73\u7d30\u306a\u56de\u7b54\u3092\u3042\u308a\u304c\u3068\u3046\u3054\u3056\u3044\u307e\u3057\u305f\u3002\n\u8996\u529b\u3068\u753b\u50cf\u64ae\u5f71\u306e\u4eba\u54e1\u914d\u7f6e\u306b\u3064\u3044\u3066\u3001\u7279\u306b\u554f", "rewards": 4.04, "unit_count": 202, "has_tm": false, "filetype_src": 0}}
2025-09-19 13:38:35,623 - DEBUG - WebSocket: Message JSON: {'type': 'available_collection', 'collection': {'id': 33884092, 'lc_src': 'ja', 'lc_tgt': 'en', 'tier': 'standard', 'is_preferred': False, 'currency': 'USD', 'is_ezra': False, 'type': 'text', 'content': '・詳細な回答をありがとうございました。\n視力と画像撮影の人員配置について、特に問', 'rewards': 4.04, 'unit_count': 202, 'has_tm': False, 'filetype_src': 0}}
2025-09-19 13:38:35,624 - DEBUG - WebSocket: Job data: {'id': 33884092, 'lc_src': 'ja', 'lc_tgt': 'en', 'tier': 'standard', 'is_preferred': False, 'currency': 'USD', 'is_ezra': False, 'type': 'text', 'content': '・詳細な回答をありがとうございました。\n視力と画像撮影の人員配置について、特に問', 'rewards': 4.04, 'unit_count': 202, 'has_tm': False, 'filetype_src': 0}
2025-09-19 13:38:35,624 - DEBUG - Processing new job: 33884092, ja > en, 4.04, https://gengo.com/t/jobs/details/33884092, WebSocket
2025-09-19 13:38:35,624 - INFO - [success]New job via WebSocket: ja > en (US$ 4.04)[/success]
2025-09-19 13:38:35,624 - DEBUG - Showing notification: New Gengo Job Available! - ja > en
2025-09-19 13:38:35,627 - DEBUG - Attempting to play sound with paplay: /home/thomas/GengoWatcher/assets/alert.wav
2025-09-19 13:38:35,627 - DEBUG - Opening URL in browser: https://gengo.com/t/jobs/details/33884092
2025-09-19 13:38:35,628 - DEBUG - Added job 33884092 to storage
2025-09-19 13:38:35,628 - INFO - Job 33884092 meets auto-accept criteria, queuing for acceptance
2025-09-19 13:38:35,628 - INFO - Attempting to auto-accept job 33884092
2025-09-19 13:38:35,629 - DEBUG - Waiting 26.65s before accepting job 33884092
2025-09-19 13:38:36,416 - ERROR - Failed to initialize Chrome WebDriver: Message: unknown error: cannot find Chrome binary
Stacktrace:
#0 0x55f4bc75a4e3 <unknown>
#1 0x55f4bc489c76 <unknown>
#2 0x55f4bc4b0757 <unknown>
#3 0x55f4bc4af029 <unknown>
#4 0x55f4bc4edccc <unknown>
#5 0x55f4bc4ed47f <unknown>
#6 0x55f4bc4e4de3 <unknown>
#7 0x55f4bc4ba2dd <unknown>
#8 0x55f4bc4bb34e <unknown>
#9 0x55f4bc71a3e4 <unknown>
#10 0x55f4bc71e3d7 <unknown>
#11 0x55f4bc728b20 <unknown>
#12 0x55f4bc71f023 <unknown>
#13 0x55f4bc6ed1aa <unknown>
#14 0x55f4bc7436b8 <unknown>
#15 0x55f4bc743847 <unknown>
#16 0x55f4bc753243 <unknown>
#17 0x7fc1692aa4f8 <unknown>

2025-09-19 13:38:36,416 - DEBUG - Accept watcher error: Message: unknown error: cannot find Chrome binary
Stacktrace:
#0 0x55f4bc75a4e3 <unknown>
#1 0x55f4bc489c76 <unknown>
#2 0x55f4bc4b0757 <unknown>
#3 0x55f4bc4af029 <unknown>
#4 0x55f4bc4edccc <unknown>
#5 0x55f4bc4ed47f <unknown>
#6 0x55f4bc4e4de3 <unknown>
#7 0x55f4bc4ba2dd <unknown>
#8 0x55f4bc4bb34e <unknown>
#9 0x55f4bc71a3e4 <unknown>
#10 0x55f4bc71e3d7 <unknown>
#11 0x55f4bc728b20 <unknown>
#12 0x55f4bc71f023 <unknown>
#13 0x55f4bc6ed1aa <unknown>
#14 0x55f4bc7436b8 <unknown>
#15 0x55f4bc743847 <unknown>
#16 0x55f4bc753243 <unknown>
#17 0x7fc1692aa4f8 <unknown>

2025-09-19 13:39:00,750 - DEBUG - RSS check triggered.
2025-09-19 13:39:00,750 - DEBUG - Fetching RSS feed: https://gengo.com/rss/available_jobs/6d9668ab271c486e52eb4d37b876cabd5a1cf2da958b7004205163 with headers: {}
2025-09-19 13:39:01,321 - DEBUG - RSS feed fetched successfully. Entries: 0
2025-09-19 13:39:01,321 - DEBUG - Processing 0 RSS entries.
2025-09-19 13:39:01,321 - DEBUG - Waiting for next RSS check: 31.00s (paused=False)
2025-09-19 13:39:02,310 - DEBUG - Acceptance task raised
Traceback (most recent call last):
  File "/home/thomas/GengoWatcher/src/gengowatcher/job_acceptance.py", line 578, in _wait_for_winner
    result = task.result()
  File "/home/thomas/GengoWatcher/src/gengowatcher/job_acceptance.py", line 351, in _attempt_http_accept
    async with self.session.get(details_url, headers=headers, timeout=30) as response:
               ~~~~~~~~~~~~~~~~^^^^^^^^^^^^^^^^^^^^^^^^^^^^^^^^^^^^^^^^^^
  File "/home/thomas/GengoWatcher/src/.venv/lib/python3.13/site-packages/aiohttp/client.py", line 1488, in __aenter__
    self._resp: _RetType = await self._coro
                           ^^^^^^^^^^^^^^^^
  File "/home/thomas/GengoWatcher/src/.venv/lib/python3.13/site-packages/aiohttp/client.py", line 594, in _request
    handle = tm.start()
  File "/home/thomas/GengoWatcher/src/.venv/lib/python3.13/site-packages/aiohttp/helpers.py", line 587, in start
    return self._loop.call_at(when, self.__call__)
           ~~~~~~~~~~~~~~~~~~^^^^^^^^^^^^^^^^^^^^^
  File "/usr/lib/python3.13/asyncio/base_events.py", line 812, in call_at
    self._check_closed()
    ~~~~~~~~~~~~~~~~~~^^
  File "/usr/lib/python3.13/asyncio/base_events.py", line 556, in _check_closed
    raise RuntimeError('Event loop is closed')
RuntimeError: Event loop is closed
2025-09-19 13:39:03,089 - ERROR - Failed to initialize Chrome WebDriver: Message: unknown error: cannot find Chrome binary
Stacktrace:
#0 0x56096272d4e3 <unknown>
#1 0x56096245cc76 <unknown>
#2 0x560962483757 <unknown>
#3 0x560962482029 <unknown>
#4 0x5609624c0ccc <unknown>
#5 0x5609624c047f <unknown>
#6 0x5609624b7de3 <unknown>
#7 0x56096248d2dd <unknown>
#8 0x56096248e34e <unknown>
#9 0x5609626ed3e4 <unknown>
#10 0x5609626f13d7 <unknown>
#11 0x5609626fbb20 <unknown>
#12 0x5609626f2023 <unknown>
#13 0x5609626c01aa <unknown>
#14 0x5609627166b8 <unknown>
#15 0x560962716847 <unknown>
#16 0x560962726243 <unknown>
#17 0x7fbe5d4aa4f8 <unknown>

2025-09-19 13:39:03,089 - WARNING - Failed to accept job 33884092 via selenium (attempt 1/4). Reason: init_error:Message: unknown error: cannot find Chrome binary
Stacktrace:
#0 0x56096272d4e3 <unknown>
#1 0x56096245cc76 <unknown>
#2 0x560962483757 <unknown>
#3 0x560962482029 <unknown>
#4 0x5609624c0ccc <unknown>
#5 0x5609624c047f <unknown>
#6 0x5609624b7de3 <unknown>
#7 0x56096248d2dd <unknown>
#8 0x56096248e34e <unknown>
#9 0x5609626ed3e4 <unknown>
#10 0x5609626f13d7 <unknown>
#11 0x5609626fbb20 <unknown>
#12 0x5609626f2023 <unknown>
#13 0x5609626c01aa <unknown>
#14 0x5609627166b8 <unknown>
#15 0x560962716847 <unknown>
#16 0x560962726243 <unknown>
#17 0x7fbe5d4aa4f8 <unknown>

2025-09-19 13:39:03,089 - INFO - Retrying job 33884092 in 2.97s (attempt 2/4)
2025-09-19 13:39:06,062 - DEBUG - Acceptance task raised
Traceback (most recent call last):
  File "/home/thomas/GengoWatcher/src/gengowatcher/job_acceptance.py", line 578, in _wait_for_winner
    result = task.result()
  File "/home/thomas/GengoWatcher/src/gengowatcher/job_acceptance.py", line 351, in _attempt_http_accept
    async with self.session.get(details_url, headers=headers, timeout=30) as response:
               ~~~~~~~~~~~~~~~~^^^^^^^^^^^^^^^^^^^^^^^^^^^^^^^^^^^^^^^^^^
  File "/home/thomas/GengoWatcher/src/.venv/lib/python3.13/site-packages/aiohttp/client.py", line 1488, in __aenter__
    self._resp: _RetType = await self._coro
                           ^^^^^^^^^^^^^^^^
  File "/home/thomas/GengoWatcher/src/.venv/lib/python3.13/site-packages/aiohttp/client.py", line 594, in _request
    handle = tm.start()
  File "/home/thomas/GengoWatcher/src/.venv/lib/python3.13/site-packages/aiohttp/helpers.py", line 587, in start
    return self._loop.call_at(when, self.__call__)
           ~~~~~~~~~~~~~~~~~~^^^^^^^^^^^^^^^^^^^^^
  File "/usr/lib/python3.13/asyncio/base_events.py", line 812, in call_at
    self._check_closed()
    ~~~~~~~~~~~~~~~~~~^^
  File "/usr/lib/python3.13/asyncio/base_events.py", line 556, in _check_closed
    raise RuntimeError('Event loop is closed')
RuntimeError: Event loop is closed
2025-09-19 13:39:06,811 - ERROR - Failed to initialize Chrome WebDriver: Message: unknown error: cannot find Chrome binary
Stacktrace:
#0 0x55f0f40e64e3 <unknown>
#1 0x55f0f3e15c76 <unknown>
#2 0x55f0f3e3c757 <unknown>
#3 0x55f0f3e3b029 <unknown>
#4 0x55f0f3e79ccc <unknown>
#5 0x55f0f3e7947f <unknown>
#6 0x55f0f3e70de3 <unknown>
#7 0x55f0f3e462dd <unknown>
#8 0x55f0f3e4734e <unknown>
#9 0x55f0f40a63e4 <unknown>
#10 0x55f0f40aa3d7 <unknown>
#11 0x55f0f40b4b20 <unknown>
#12 0x55f0f40ab023 <unknown>
#13 0x55f0f40791aa <unknown>
#14 0x55f0f40cf6b8 <unknown>
#15 0x55f0f40cf847 <unknown>
#16 0x55f0f40df243 <unknown>
#17 0x7f1dd6caa4f8 <unknown>

2025-09-19 13:39:06,811 - WARNING - Failed to accept job 33884092 via selenium (attempt 2/4). Reason: init_error:Message: unknown error: cannot find Chrome binary
Stacktrace:
#0 0x55f0f40e64e3 <unknown>
#1 0x55f0f3e15c76 <unknown>
#2 0x55f0f3e3c757 <unknown>
#3 0x55f0f3e3b029 <unknown>
#4 0x55f0f3e79ccc <unknown>
#5 0x55f0f3e7947f <unknown>
#6 0x55f0f3e70de3 <unknown>
#7 0x55f0f3e462dd <unknown>
#8 0x55f0f3e4734e <unknown>
#9 0x55f0f40a63e4 <unknown>
#10 0x55f0f40aa3d7 <unknown>
#11 0x55f0f40b4b20 <unknown>
#12 0x55f0f40ab023 <unknown>
#13 0x55f0f40791aa <unknown>
#14 0x55f0f40cf6b8 <unknown>
#15 0x55f0f40cf847 <unknown>
#16 0x55f0f40df243 <unknown>
#17 0x7f1dd6caa4f8 <unknown>

2025-09-19 13:39:06,811 - INFO - Retrying job 33884092 in 4.97s (attempt 3/4)
2025-09-19 13:39:11,778 - DEBUG - Acceptance task raised
Traceback (most recent call last):
  File "/home/thomas/GengoWatcher/src/gengowatcher/job_acceptance.py", line 578, in _wait_for_winner
    result = task.result()
  File "/home/thomas/GengoWatcher/src/gengowatcher/job_acceptance.py", line 351, in _attempt_http_accept
    async with self.session.get(details_url, headers=headers, timeout=30) as response:
               ~~~~~~~~~~~~~~~~^^^^^^^^^^^^^^^^^^^^^^^^^^^^^^^^^^^^^^^^^^
  File "/home/thomas/GengoWatcher/src/.venv/lib/python3.13/site-packages/aiohttp/client.py", line 1488, in __aenter__
    self._resp: _RetType = await self._coro
                           ^^^^^^^^^^^^^^^^
  File "/home/thomas/GengoWatcher/src/.venv/lib/python3.13/site-packages/aiohttp/client.py", line 594, in _request
    handle = tm.start()
  File "/home/thomas/GengoWatcher/src/.venv/lib/python3.13/site-packages/aiohttp/helpers.py", line 587, in start
    return self._loop.call_at(when, self.__call__)
           ~~~~~~~~~~~~~~~~~~^^^^^^^^^^^^^^^^^^^^^
  File "/usr/lib/python3.13/asyncio/base_events.py", line 812, in call_at
    self._check_closed()
    ~~~~~~~~~~~~~~~~~~^^
  File "/usr/lib/python3.13/asyncio/base_events.py", line 556, in _check_closed
    raise RuntimeError('Event loop is closed')
RuntimeError: Event loop is closed
2025-09-19 13:39:12,521 - ERROR - Failed to initialize Chrome WebDriver: Message: unknown error: cannot find Chrome binary
Stacktrace:
#0 0x5571ca2a64e3 <unknown>
#1 0x5571c9fd5c76 <unknown>
#2 0x5571c9ffc757 <unknown>
#3 0x5571c9ffb029 <unknown>
#4 0x5571ca039ccc <unknown>
#5 0x5571ca03947f <unknown>
#6 0x5571ca030de3 <unknown>
#7 0x5571ca0062dd <unknown>
#8 0x5571ca00734e <unknown>
#9 0x5571ca2663e4 <unknown>
#10 0x5571ca26a3d7 <unknown>
#11 0x5571ca274b20 <unknown>
#12 0x5571ca26b023 <unknown>
#13 0x5571ca2391aa <unknown>
#14 0x5571ca28f6b8 <unknown>
#15 0x5571ca28f847 <unknown>
#16 0x5571ca29f243 <unknown>
#17 0x7f1cbfaaa4f8 <unknown>

2025-09-19 13:39:12,521 - WARNING - Failed to accept job 33884092 via selenium (attempt 3/4). Reason: init_error:Message: unknown error: cannot find Chrome binary
Stacktrace:
#0 0x5571ca2a64e3 <unknown>
#1 0x5571c9fd5c76 <unknown>
#2 0x5571c9ffc757 <unknown>
#3 0x5571c9ffb029 <unknown>
#4 0x5571ca039ccc <unknown>
#5 0x5571ca03947f <unknown>
#6 0x5571ca030de3 <unknown>
#7 0x5571ca0062dd <unknown>
#8 0x5571ca00734e <unknown>
#9 0x5571ca2663e4 <unknown>
#10 0x5571ca26a3d7 <unknown>
#11 0x5571ca274b20 <unknown>
#12 0x5571ca26b023 <unknown>
#13 0x5571ca2391aa <unknown>
#14 0x5571ca28f6b8 <unknown>
#15 0x5571ca28f847 <unknown>
#16 0x5571ca29f243 <unknown>
#17 0x7f1cbfaaa4f8 <unknown>

2025-09-19 13:39:12,521 - INFO - Retrying job 33884092 in 8.10s (attempt 4/4)
2025-09-19 13:39:20,626 - DEBUG - Acceptance task raised
Traceback (most recent call last):
  File "/home/thomas/GengoWatcher/src/gengowatcher/job_acceptance.py", line 578, in _wait_for_winner
    result = task.result()
  File "/home/thomas/GengoWatcher/src/gengowatcher/job_acceptance.py", line 351, in _attempt_http_accept
    async with self.session.get(details_url, headers=headers, timeout=30) as response:
               ~~~~~~~~~~~~~~~~^^^^^^^^^^^^^^^^^^^^^^^^^^^^^^^^^^^^^^^^^^
  File "/home/thomas/GengoWatcher/src/.venv/lib/python3.13/site-packages/aiohttp/client.py", line 1488, in __aenter__
    self._resp: _RetType = await self._coro
                           ^^^^^^^^^^^^^^^^
  File "/home/thomas/GengoWatcher/src/.venv/lib/python3.13/site-packages/aiohttp/client.py", line 594, in _request
    handle = tm.start()
  File "/home/thomas/GengoWatcher/src/.venv/lib/python3.13/site-packages/aiohttp/helpers.py", line 587, in start
    return self._loop.call_at(when, self.__call__)
           ~~~~~~~~~~~~~~~~~~^^^^^^^^^^^^^^^^^^^^^
  File "/usr/lib/python3.13/asyncio/base_events.py", line 812, in call_at
    self._check_closed()
    ~~~~~~~~~~~~~~~~~~^^
  File "/usr/lib/python3.13/asyncio/base_events.py", line 556, in _check_closed
    raise RuntimeError('Event loop is closed')
RuntimeError: Event loop is closed
2025-09-19 13:39:21,406 - ERROR - Failed to initialize Chrome WebDriver: Message: unknown error: cannot find Chrome binary
Stacktrace:
#0 0x55569c05f4e3 <unknown>
#1 0x55569bd8ec76 <unknown>
#2 0x55569bdb5757 <unknown>
#3 0x55569bdb4029 <unknown>
#4 0x55569bdf2ccc <unknown>
#5 0x55569bdf247f <unknown>
#6 0x55569bde9de3 <unknown>
#7 0x55569bdbf2dd <unknown>
#8 0x55569bdc034e <unknown>
#9 0x55569c01f3e4 <unknown>
#10 0x55569c0233d7 <unknown>
#11 0x55569c02db20 <unknown>
#12 0x55569c024023 <unknown>
#13 0x55569bff21aa <unknown>
#14 0x55569c0486b8 <unknown>
#15 0x55569c048847 <unknown>
#16 0x55569c058243 <unknown>
#17 0x7fbd08aaa4f8 <unknown>

2025-09-19 13:39:21,407 - WARNING - Failed to accept job 33884092 via selenium (attempt 4/4). Reason: init_error:Message: unknown error: cannot find Chrome binary
Stacktrace:
#0 0x55569c05f4e3 <unknown>
#1 0x55569bd8ec76 <unknown>
#2 0x55569bdb5757 <unknown>
#3 0x55569bdb4029 <unknown>
#4 0x55569bdf2ccc <unknown>
#5 0x55569bdf247f <unknown>
#6 0x55569bde9de3 <unknown>
#7 0x55569bdbf2dd <unknown>
#8 0x55569bdc034e <unknown>
#9 0x55569c01f3e4 <unknown>
#10 0x55569c0233d7 <unknown>
#11 0x55569c02db20 <unknown>
#12 0x55569c024023 <unknown>
#13 0x55569bff21aa <unknown>
#14 0x55569c0486b8 <unknown>
#15 0x55569c048847 <unknown>
#16 0x55569c058243 <unknown>
#17 0x7fbd08aaa4f8 <unknown>

2025-09-19 13:39:21,407 - ERROR - Failed to accept job 33884092 after 4 attempts (last reason: init_error:Message: unknown error: cannot find Chrome binary
Stacktrace:
#0 0x55569c05f4e3 <unknown>
#1 0x55569bd8ec76 <unknown>
#2 0x55569bdb5757 <unknown>
#3 0x55569bdb4029 <unknown>
#4 0x55569bdf2ccc <unknown>
#5 0x55569bdf247f <unknown>
#6 0x55569bde9de3 <unknown>
#7 0x55569bdbf2dd <unknown>
#8 0x55569bdc034e <unknown>
#9 0x55569c01f3e4 <unknown>
#10 0x55569c0233d7 <unknown>
#11 0x55569c02db20 <unknown>
#12 0x55569c024023 <unknown>
#13 0x55569bff21aa <unknown>
#14 0x55569c0486b8 <unknown>
#15 0x55569c048847 <unknown>
#16 0x55569c058243 <unknown>
#17 0x7fbd08aaa4f8 <unknown>
)
2025-09-19 13:39:32,321 - DEBUG - RSS check triggered.
2025-09-19 13:39:32,321 - DEBUG - Fetching RSS feed: https://gengo.com/rss/available_jobs/6d9668ab271c486e52eb4d37b876cabd5a1cf2da958b7004205163 with headers: {}
2025-09-19 13:39:32,877 - DEBUG - RSS feed fetched successfully. Entries: 0
2025-09-19 13:39:32,877 - DEBUG - Processing 0 RSS entries.
2025-09-19 13:39:32,877 - DEBUG - Waiting for next RSS check: 31.00s (paused=False)
2025-09-19 13:40:03,877 - DEBUG - RSS check triggered.
2025-09-19 13:40:03,878 - DEBUG - Fetching RSS feed: https://gengo.com/rss/available_jobs/6d9668ab271c486e52eb4d37b876cabd5a1cf2da958b7004205163 with headers: {}
2025-09-19 13:40:04,457 - DEBUG - RSS feed fetched successfully. Entries: 0
2025-09-19 13:40:04,457 - DEBUG - Processing 0 RSS entries.
2025-09-19 13:40:04,457 - DEBUG - Waiting for next RSS check: 31.00s (paused=False)
2025-09-19 13:40:35,457 - DEBUG - RSS check triggered.
2025-09-19 13:40:35,458 - DEBUG - Fetching RSS feed: https://gengo.com/rss/available_jobs/6d9668ab271c486e52eb4d37b876cabd5a1cf2da958b7004205163 with headers: {}
2025-09-19 13:40:35,962 - DEBUG - RSS feed fetched successfully. Entries: 0
2025-09-19 13:40:35,962 - DEBUG - Processing 0 RSS entries.
2025-09-19 13:40:35,962 - DEBUG - Waiting for next RSS check: 31.00s (paused=False)
2025-09-19 13:41:06,962 - DEBUG - RSS check triggered.
2025-09-19 13:41:06,962 - DEBUG - Fetching RSS feed: https://gengo.com/rss/available_jobs/6d9668ab271c486e52eb4d37b876cabd5a1cf2da958b7004205163 with headers: {}
2025-09-19 13:41:07,432 - DEBUG - RSS feed fetched successfully. Entries: 0
2025-09-19 13:41:07,432 - DEBUG - Processing 0 RSS entries.
2025-09-19 13:41:07,432 - DEBUG - Waiting for next RSS check: 31.00s (paused=False)
2025-09-19 13:41:38,432 - DEBUG - RSS check triggered.
2025-09-19 13:41:38,432 - DEBUG - Fetching RSS feed: https://gengo.com/rss/available_jobs/6d9668ab271c486e52eb4d37b876cabd5a1cf2da958b7004205163 with headers: {}
2025-09-19 13:41:38,924 - DEBUG - RSS feed fetched successfully. Entries: 0
2025-09-19 13:41:38,924 - DEBUG - Processing 0 RSS entries.
2025-09-19 13:41:38,924 - DEBUG - Waiting for next RSS check: 31.00s (paused=False)
2025-09-19 13:42:09,924 - DEBUG - RSS check triggered.
2025-09-19 13:42:09,924 - DEBUG - Fetching RSS feed: https://gengo.com/rss/available_jobs/6d9668ab271c486e52eb4d37b876cabd5a1cf2da958b7004205163 with headers: {}
2025-09-19 13:42:10,456 - DEBUG - RSS feed fetched successfully. Entries: 0
2025-09-19 13:42:10,456 - DEBUG - Processing 0 RSS entries.
2025-09-19 13:42:10,456 - DEBUG - Waiting for next RSS check: 31.00s (paused=False)
2025-09-19 13:42:41,456 - DEBUG - RSS check triggered.
2025-09-19 13:42:41,457 - DEBUG - Fetching RSS feed: https://gengo.com/rss/available_jobs/6d9668ab271c486e52eb4d37b876cabd5a1cf2da958b7004205163 with headers: {}
2025-09-19 13:42:41,996 - DEBUG - RSS feed fetched successfully. Entries: 0
2025-09-19 13:42:41,996 - DEBUG - Processing 0 RSS entries.
2025-09-19 13:42:41,996 - DEBUG - Waiting for next RSS check: 31.00s (paused=False)
2025-09-19 13:43:12,996 - DEBUG - RSS check triggered.
2025-09-19 13:43:12,996 - DEBUG - Fetching RSS feed: https://gengo.com/rss/available_jobs/6d9668ab271c486e52eb4d37b876cabd5a1cf2da958b7004205163 with headers: {}
2025-09-19 13:43:13,458 - DEBUG - RSS feed fetched successfully. Entries: 0
2025-09-19 13:43:13,458 - DEBUG - Processing 0 RSS entries.
2025-09-19 13:43:13,458 - DEBUG - Waiting for next RSS check: 31.00s (paused=False)
2025-09-19 13:43:44,458 - DEBUG - RSS check triggered.
2025-09-19 13:43:44,459 - DEBUG - Fetching RSS feed: https://gengo.com/rss/available_jobs/6d9668ab271c486e52eb4d37b876cabd5a1cf2da958b7004205163 with headers: {}
2025-09-19 13:43:44,956 - DEBUG - RSS feed fetched successfully. Entries: 0
2025-09-19 13:43:44,956 - DEBUG - Processing 0 RSS entries.
2025-09-19 13:43:44,956 - DEBUG - Waiting for next RSS check: 31.00s (paused=False)
2025-09-19 13:44:15,956 - DEBUG - RSS check triggered.
2025-09-19 13:44:15,956 - DEBUG - Fetching RSS feed: https://gengo.com/rss/available_jobs/6d9668ab271c486e52eb4d37b876cabd5a1cf2da958b7004205163 with headers: {}
2025-09-19 13:44:16,586 - DEBUG - RSS feed fetched successfully. Entries: 0
2025-09-19 13:44:16,586 - DEBUG - Processing 0 RSS entries.
2025-09-19 13:44:16,586 - DEBUG - Waiting for next RSS check: 31.00s (paused=False)
2025-09-19 13:44:47,586 - DEBUG - RSS check triggered.
2025-09-19 13:44:47,587 - DEBUG - Fetching RSS feed: https://gengo.com/rss/available_jobs/6d9668ab271c486e52eb4d37b876cabd5a1cf2da958b7004205163 with headers: {}
2025-09-19 13:44:48,077 - DEBUG - RSS feed fetched successfully. Entries: 0
2025-09-19 13:44:48,077 - DEBUG - Processing 0 RSS entries.
2025-09-19 13:44:48,077 - DEBUG - Waiting for next RSS check: 31.00s (paused=False)
2025-09-19 13:45:19,077 - DEBUG - RSS check triggered.
2025-09-19 13:45:19,078 - DEBUG - Fetching RSS feed: https://gengo.com/rss/available_jobs/6d9668ab271c486e52eb4d37b876cabd5a1cf2da958b7004205163 with headers: {}
2025-09-19 13:45:19,545 - DEBUG - RSS feed fetched successfully. Entries: 0
2025-09-19 13:45:19,545 - DEBUG - Processing 0 RSS entries.
2025-09-19 13:45:19,545 - DEBUG - Waiting for next RSS check: 31.00s (paused=False)
2025-09-19 13:45:50,545 - DEBUG - RSS check triggered.
2025-09-19 13:45:50,546 - DEBUG - Fetching RSS feed: https://gengo.com/rss/available_jobs/6d9668ab271c486e52eb4d37b876cabd5a1cf2da958b7004205163 with headers: {}
2025-09-19 13:45:51,019 - DEBUG - RSS feed fetched successfully. Entries: 0
2025-09-19 13:45:51,019 - DEBUG - Processing 0 RSS entries.
2025-09-19 13:45:51,019 - DEBUG - Waiting for next RSS check: 31.00s (paused=False)
2025-09-19 13:46:22,019 - DEBUG - RSS check triggered.
2025-09-19 13:46:22,019 - DEBUG - Fetching RSS feed: https://gengo.com/rss/available_jobs/6d9668ab271c486e52eb4d37b876cabd5a1cf2da958b7004205163 with headers: {}
2025-09-19 13:46:22,575 - DEBUG - RSS feed fetched successfully. Entries: 0
2025-09-19 13:46:22,575 - DEBUG - Processing 0 RSS entries.
2025-09-19 13:46:22,575 - DEBUG - Waiting for next RSS check: 31.00s (paused=False)
2025-09-19 13:46:53,575 - DEBUG - RSS check triggered.
2025-09-19 13:46:53,575 - DEBUG - Fetching RSS feed: https://gengo.com/rss/available_jobs/6d9668ab271c486e52eb4d37b876cabd5a1cf2da958b7004205163 with headers: {}
2025-09-19 13:46:54,068 - DEBUG - RSS feed fetched successfully. Entries: 0
2025-09-19 13:46:54,068 - DEBUG - Processing 0 RSS entries.
2025-09-19 13:46:54,068 - DEBUG - Waiting for next RSS check: 31.00s (paused=False)
2025-09-19 13:47:25,068 - DEBUG - RSS check triggered.
2025-09-19 13:47:25,068 - DEBUG - Fetching RSS feed: https://gengo.com/rss/available_jobs/6d9668ab271c486e52eb4d37b876cabd5a1cf2da958b7004205163 with headers: {}
2025-09-19 13:47:25,582 - DEBUG - RSS feed fetched successfully. Entries: 0
2025-09-19 13:47:25,582 - DEBUG - Processing 0 RSS entries.
2025-09-19 13:47:25,582 - DEBUG - Waiting for next RSS check: 31.00s (paused=False)
2025-09-19 13:47:56,582 - DEBUG - RSS check triggered.
2025-09-19 13:47:56,582 - DEBUG - Fetching RSS feed: https://gengo.com/rss/available_jobs/6d9668ab271c486e52eb4d37b876cabd5a1cf2da958b7004205163 with headers: {}
2025-09-19 13:47:57,101 - DEBUG - RSS feed fetched successfully. Entries: 0
2025-09-19 13:47:57,101 - DEBUG - Processing 0 RSS entries.
2025-09-19 13:47:57,101 - DEBUG - Waiting for next RSS check: 31.00s (paused=False)
2025-09-19 13:48:28,101 - DEBUG - RSS check triggered.
2025-09-19 13:48:28,101 - DEBUG - Fetching RSS feed: https://gengo.com/rss/available_jobs/6d9668ab271c486e52eb4d37b876cabd5a1cf2da958b7004205163 with headers: {}
2025-09-19 13:48:28,572 - DEBUG - RSS feed fetched successfully. Entries: 0
2025-09-19 13:48:28,572 - DEBUG - Processing 0 RSS entries.
2025-09-19 13:48:28,572 - DEBUG - Waiting for next RSS check: 31.00s (paused=False)
2025-09-19 13:48:59,572 - DEBUG - RSS check triggered.
2025-09-19 13:48:59,572 - DEBUG - Fetching RSS feed: https://gengo.com/rss/available_jobs/6d9668ab271c486e52eb4d37b876cabd5a1cf2da958b7004205163 with headers: {}
2025-09-19 13:49:00,115 - DEBUG - RSS feed fetched successfully. Entries: 0
2025-09-19 13:49:00,115 - DEBUG - Processing 0 RSS entries.
2025-09-19 13:49:00,115 - DEBUG - Waiting for next RSS check: 31.00s (paused=False)
2025-09-19 13:49:31,115 - DEBUG - RSS check triggered.
2025-09-19 13:49:31,115 - DEBUG - Fetching RSS feed: https://gengo.com/rss/available_jobs/6d9668ab271c486e52eb4d37b876cabd5a1cf2da958b7004205163 with headers: {}
2025-09-19 13:49:31,601 - DEBUG - RSS feed fetched successfully. Entries: 0
2025-09-19 13:49:31,601 - DEBUG - Processing 0 RSS entries.
2025-09-19 13:49:31,601 - DEBUG - Waiting for next RSS check: 31.00s (paused=False)
2025-09-19 13:50:02,601 - DEBUG - RSS check triggered.
2025-09-19 13:50:02,601 - DEBUG - Fetching RSS feed: https://gengo.com/rss/available_jobs/6d9668ab271c486e52eb4d37b876cabd5a1cf2da958b7004205163 with headers: {}
2025-09-19 13:50:03,158 - DEBUG - RSS feed fetched successfully. Entries: 0
2025-09-19 13:50:03,158 - DEBUG - Processing 0 RSS entries.
2025-09-19 13:50:03,158 - DEBUG - Waiting for next RSS check: 31.00s (paused=False)
2025-09-19 13:50:34,158 - DEBUG - RSS check triggered.
2025-09-19 13:50:34,158 - DEBUG - Fetching RSS feed: https://gengo.com/rss/available_jobs/6d9668ab271c486e52eb4d37b876cabd5a1cf2da958b7004205163 with headers: {}
2025-09-19 13:50:34,643 - DEBUG - RSS feed fetched successfully. Entries: 0
2025-09-19 13:50:34,643 - DEBUG - Processing 0 RSS entries.
2025-09-19 13:50:34,643 - DEBUG - Waiting for next RSS check: 31.00s (paused=False)
2025-09-19 13:51:05,643 - DEBUG - RSS check triggered.
2025-09-19 13:51:05,643 - DEBUG - Fetching RSS feed: https://gengo.com/rss/available_jobs/6d9668ab271c486e52eb4d37b876cabd5a1cf2da958b7004205163 with headers: {}
2025-09-19 13:51:06,193 - DEBUG - RSS feed fetched successfully. Entries: 0
2025-09-19 13:51:06,193 - DEBUG - Processing 0 RSS entries.
2025-09-19 13:51:06,193 - DEBUG - Waiting for next RSS check: 31.00s (paused=False)
2025-09-19 13:51:37,193 - DEBUG - RSS check triggered.
2025-09-19 13:51:37,194 - DEBUG - Fetching RSS feed: https://gengo.com/rss/available_jobs/6d9668ab271c486e52eb4d37b876cabd5a1cf2da958b7004205163 with headers: {}
2025-09-19 13:51:37,657 - DEBUG - RSS feed fetched successfully. Entries: 0
2025-09-19 13:51:37,657 - DEBUG - Processing 0 RSS entries.
2025-09-19 13:51:37,657 - DEBUG - Waiting for next RSS check: 31.00s (paused=False)
2025-09-19 13:52:08,657 - DEBUG - RSS check triggered.
2025-09-19 13:52:08,658 - DEBUG - Fetching RSS feed: https://gengo.com/rss/available_jobs/6d9668ab271c486e52eb4d37b876cabd5a1cf2da958b7004205163 with headers: {}
2025-09-19 13:52:09,142 - DEBUG - RSS feed fetched successfully. Entries: 0
2025-09-19 13:52:09,142 - DEBUG - Processing 0 RSS entries.
2025-09-19 13:52:09,142 - DEBUG - Waiting for next RSS check: 31.00s (paused=False)
2025-09-19 13:52:40,142 - DEBUG - RSS check triggered.
2025-09-19 13:52:40,142 - DEBUG - Fetching RSS feed: https://gengo.com/rss/available_jobs/6d9668ab271c486e52eb4d37b876cabd5a1cf2da958b7004205163 with headers: {}
2025-09-19 13:52:40,600 - DEBUG - RSS feed fetched successfully. Entries: 0
2025-09-19 13:52:40,600 - DEBUG - Processing 0 RSS entries.
2025-09-19 13:52:40,600 - DEBUG - Waiting for next RSS check: 31.00s (paused=False)
2025-09-19 13:53:11,600 - DEBUG - RSS check triggered.
2025-09-19 13:53:11,600 - DEBUG - Fetching RSS feed: https://gengo.com/rss/available_jobs/6d9668ab271c486e52eb4d37b876cabd5a1cf2da958b7004205163 with headers: {}
2025-09-19 13:53:12,147 - DEBUG - RSS feed fetched successfully. Entries: 0
2025-09-19 13:53:12,147 - DEBUG - Processing 0 RSS entries.
2025-09-19 13:53:12,147 - DEBUG - Waiting for next RSS check: 31.00s (paused=False)
2025-09-19 13:53:43,148 - DEBUG - RSS check triggered.
2025-09-19 13:53:43,148 - DEBUG - Fetching RSS feed: https://gengo.com/rss/available_jobs/6d9668ab271c486e52eb4d37b876cabd5a1cf2da958b7004205163 with headers: {}
2025-09-19 13:53:43,609 - DEBUG - RSS feed fetched successfully. Entries: 0
2025-09-19 13:53:43,609 - DEBUG - Processing 0 RSS entries.
2025-09-19 13:53:43,609 - DEBUG - Waiting for next RSS check: 31.00s (paused=False)
2025-09-19 13:54:14,609 - DEBUG - RSS check triggered.
2025-09-19 13:54:14,609 - DEBUG - Fetching RSS feed: https://gengo.com/rss/available_jobs/6d9668ab271c486e52eb4d37b876cabd5a1cf2da958b7004205163 with headers: {}
2025-09-19 13:54:15,132 - DEBUG - RSS feed fetched successfully. Entries: 0
2025-09-19 13:54:15,132 - DEBUG - Processing 0 RSS entries.
2025-09-19 13:54:15,133 - DEBUG - Waiting for next RSS check: 31.00s (paused=False)
2025-09-19 13:54:46,133 - DEBUG - RSS check triggered.
2025-09-19 13:54:46,133 - DEBUG - Fetching RSS feed: https://gengo.com/rss/available_jobs/6d9668ab271c486e52eb4d37b876cabd5a1cf2da958b7004205163 with headers: {}
2025-09-19 13:54:46,637 - DEBUG - RSS feed fetched successfully. Entries: 0
2025-09-19 13:54:46,637 - DEBUG - Processing 0 RSS entries.
2025-09-19 13:54:46,637 - DEBUG - Waiting for next RSS check: 31.00s (paused=False)
2025-09-19 13:55:17,638 - DEBUG - RSS check triggered.
2025-09-19 13:55:17,638 - DEBUG - Fetching RSS feed: https://gengo.com/rss/available_jobs/6d9668ab271c486e52eb4d37b876cabd5a1cf2da958b7004205163 with headers: {}
2025-09-19 13:55:18,130 - DEBUG - RSS feed fetched successfully. Entries: 0
2025-09-19 13:55:18,130 - DEBUG - Processing 0 RSS entries.
2025-09-19 13:55:18,130 - DEBUG - Waiting for next RSS check: 31.00s (paused=False)
2025-09-19 13:55:49,131 - DEBUG - RSS check triggered.
2025-09-19 13:55:49,131 - DEBUG - Fetching RSS feed: https://gengo.com/rss/available_jobs/6d9668ab271c486e52eb4d37b876cabd5a1cf2da958b7004205163 with headers: {}
2025-09-19 13:55:49,613 - DEBUG - RSS feed fetched successfully. Entries: 0
2025-09-19 13:55:49,613 - DEBUG - Processing 0 RSS entries.
2025-09-19 13:55:49,613 - DEBUG - Waiting for next RSS check: 31.00s (paused=False)
2025-09-19 13:56:20,613 - DEBUG - RSS check triggered.
2025-09-19 13:56:20,613 - DEBUG - Fetching RSS feed: https://gengo.com/rss/available_jobs/6d9668ab271c486e52eb4d37b876cabd5a1cf2da958b7004205163 with headers: {}
2025-09-19 13:56:21,183 - DEBUG - RSS feed fetched successfully. Entries: 0
2025-09-19 13:56:21,183 - DEBUG - Processing 0 RSS entries.
2025-09-19 13:56:21,183 - DEBUG - Waiting for next RSS check: 31.00s (paused=False)
2025-09-19 13:56:52,184 - DEBUG - RSS check triggered.
2025-09-19 13:56:52,184 - DEBUG - Fetching RSS feed: https://gengo.com/rss/available_jobs/6d9668ab271c486e52eb4d37b876cabd5a1cf2da958b7004205163 with headers: {}
2025-09-19 13:56:52,630 - DEBUG - RSS feed fetched successfully. Entries: 0
2025-09-19 13:56:52,631 - DEBUG - Processing 0 RSS entries.
2025-09-19 13:56:52,631 - DEBUG - Waiting for next RSS check: 31.00s (paused=False)
2025-09-19 13:57:23,631 - DEBUG - RSS check triggered.
2025-09-19 13:57:23,631 - DEBUG - Fetching RSS feed: https://gengo.com/rss/available_jobs/6d9668ab271c486e52eb4d37b876cabd5a1cf2da958b7004205163 with headers: {}
2025-09-19 13:57:24,129 - DEBUG - RSS feed fetched successfully. Entries: 0
2025-09-19 13:57:24,129 - DEBUG - Processing 0 RSS entries.
2025-09-19 13:57:24,129 - DEBUG - Waiting for next RSS check: 31.00s (paused=False)
2025-09-19 13:57:55,130 - DEBUG - RSS check triggered.
2025-09-19 13:57:55,130 - DEBUG - Fetching RSS feed: https://gengo.com/rss/available_jobs/6d9668ab271c486e52eb4d37b876cabd5a1cf2da958b7004205163 with headers: {}
2025-09-19 13:57:55,596 - DEBUG - RSS feed fetched successfully. Entries: 0
2025-09-19 13:57:55,596 - DEBUG - Processing 0 RSS entries.
2025-09-19 13:57:55,596 - DEBUG - Waiting for next RSS check: 31.00s (paused=False)
2025-09-19 13:58:26,597 - DEBUG - RSS check triggered.
2025-09-19 13:58:26,597 - DEBUG - Fetching RSS feed: https://gengo.com/rss/available_jobs/6d9668ab271c486e52eb4d37b876cabd5a1cf2da958b7004205163 with headers: {}
2025-09-19 13:58:27,091 - DEBUG - RSS feed fetched successfully. Entries: 0
2025-09-19 13:58:27,091 - DEBUG - Processing 0 RSS entries.
2025-09-19 13:58:27,091 - DEBUG - Waiting for next RSS check: 31.00s (paused=False)
2025-09-19 13:58:58,092 - DEBUG - RSS check triggered.
2025-09-19 13:58:58,092 - DEBUG - Fetching RSS feed: https://gengo.com/rss/available_jobs/6d9668ab271c486e52eb4d37b876cabd5a1cf2da958b7004205163 with headers: {}
2025-09-19 13:58:58,555 - DEBUG - RSS feed fetched successfully. Entries: 0
2025-09-19 13:58:58,555 - DEBUG - Processing 0 RSS entries.
2025-09-19 13:58:58,555 - DEBUG - Waiting for next RSS check: 31.00s (paused=False)
2025-09-19 13:59:29,555 - DEBUG - RSS check triggered.
2025-09-19 13:59:29,555 - DEBUG - Fetching RSS feed: https://gengo.com/rss/available_jobs/6d9668ab271c486e52eb4d37b876cabd5a1cf2da958b7004205163 with headers: {}
2025-09-19 13:59:30,042 - DEBUG - RSS feed fetched successfully. Entries: 0
2025-09-19 13:59:30,042 - DEBUG - Processing 0 RSS entries.
2025-09-19 13:59:30,042 - DEBUG - Waiting for next RSS check: 31.00s (paused=False)
2025-09-19 14:00:01,043 - DEBUG - RSS check triggered.
2025-09-19 14:00:01,043 - DEBUG - Fetching RSS feed: https://gengo.com/rss/available_jobs/6d9668ab271c486e52eb4d37b876cabd5a1cf2da958b7004205163 with headers: {}
2025-09-19 14:00:03,085 - DEBUG - RSS feed fetched successfully. Entries: 0
2025-09-19 14:00:03,085 - DEBUG - Processing 0 RSS entries.
2025-09-19 14:00:03,085 - DEBUG - Waiting for next RSS check: 31.00s (paused=False)
2025-09-19 14:00:34,086 - DEBUG - RSS check triggered.
2025-09-19 14:00:34,086 - DEBUG - Fetching RSS feed: https://gengo.com/rss/available_jobs/6d9668ab271c486e52eb4d37b876cabd5a1cf2da958b7004205163 with headers: {}
2025-09-19 14:00:34,671 - DEBUG - RSS feed fetched successfully. Entries: 0
2025-09-19 14:00:34,671 - DEBUG - Processing 0 RSS entries.
2025-09-19 14:00:34,671 - DEBUG - Waiting for next RSS check: 31.00s (paused=False)
2025-09-19 14:01:05,671 - DEBUG - RSS check triggered.
2025-09-19 14:01:05,671 - DEBUG - Fetching RSS feed: https://gengo.com/rss/available_jobs/6d9668ab271c486e52eb4d37b876cabd5a1cf2da958b7004205163 with headers: {}
2025-09-19 14:01:06,206 - DEBUG - RSS feed fetched successfully. Entries: 0
2025-09-19 14:01:06,206 - DEBUG - Processing 0 RSS entries.
2025-09-19 14:01:06,206 - DEBUG - Waiting for next RSS check: 31.00s (paused=False)
2025-09-19 14:01:37,206 - DEBUG - RSS check triggered.
2025-09-19 14:01:37,206 - DEBUG - Fetching RSS feed: https://gengo.com/rss/available_jobs/6d9668ab271c486e52eb4d37b876cabd5a1cf2da958b7004205163 with headers: {}
2025-09-19 14:01:37,804 - DEBUG - RSS feed fetched successfully. Entries: 0
2025-09-19 14:01:37,804 - DEBUG - Processing 0 RSS entries.
2025-09-19 14:01:37,804 - DEBUG - Waiting for next RSS check: 31.00s (paused=False)
2025-09-19 14:02:08,804 - DEBUG - RSS check triggered.
2025-09-19 14:02:08,804 - DEBUG - Fetching RSS feed: https://gengo.com/rss/available_jobs/6d9668ab271c486e52eb4d37b876cabd5a1cf2da958b7004205163 with headers: {}
2025-09-19 14:02:09,266 - DEBUG - RSS feed fetched successfully. Entries: 0
2025-09-19 14:02:09,266 - DEBUG - Processing 0 RSS entries.
2025-09-19 14:02:09,266 - DEBUG - Waiting for next RSS check: 31.00s (paused=False)
2025-09-19 14:02:40,266 - DEBUG - RSS check triggered.
2025-09-19 14:02:40,266 - DEBUG - Fetching RSS feed: https://gengo.com/rss/available_jobs/6d9668ab271c486e52eb4d37b876cabd5a1cf2da958b7004205163 with headers: {}
2025-09-19 14:02:40,784 - DEBUG - RSS feed fetched successfully. Entries: 0
2025-09-19 14:02:40,784 - DEBUG - Processing 0 RSS entries.
2025-09-19 14:02:40,784 - DEBUG - Waiting for next RSS check: 31.00s (paused=False)
2025-09-19 14:03:11,784 - DEBUG - RSS check triggered.
2025-09-19 14:03:11,785 - DEBUG - Fetching RSS feed: https://gengo.com/rss/available_jobs/6d9668ab271c486e52eb4d37b876cabd5a1cf2da958b7004205163 with headers: {}
2025-09-19 14:03:12,380 - DEBUG - RSS feed fetched successfully. Entries: 0
2025-09-19 14:03:12,380 - DEBUG - Processing 0 RSS entries.
2025-09-19 14:03:12,380 - DEBUG - Waiting for next RSS check: 31.00s (paused=False)
2025-09-19 14:03:43,381 - DEBUG - RSS check triggered.
2025-09-19 14:03:43,381 - DEBUG - Fetching RSS feed: https://gengo.com/rss/available_jobs/6d9668ab271c486e52eb4d37b876cabd5a1cf2da958b7004205163 with headers: {}
2025-09-19 14:03:43,872 - DEBUG - RSS feed fetched successfully. Entries: 0
2025-09-19 14:03:43,872 - DEBUG - Processing 0 RSS entries.
2025-09-19 14:03:43,872 - DEBUG - Waiting for next RSS check: 31.00s (paused=False)
2025-09-19 14:04:04,685 - ERROR - Unknown command: '[6;5~[A[A[A[A[A[A[A[A[A[A[A[A[A[A[A[B[B[B[B[B[B[B[B[B[B[B[B[B[B[B[B[B[B[B[B[B[B[B[B[B[B[B[B[B[B[B[B[B[B[B[B[B[B[B[B[B[B[B[B['
2025-09-19 14:04:14,872 - DEBUG - RSS check triggered.
2025-09-19 14:04:14,872 - DEBUG - Fetching RSS feed: https://gengo.com/rss/available_jobs/6d9668ab271c486e52eb4d37b876cabd5a1cf2da958b7004205163 with headers: {}
2025-09-19 14:04:15,324 - DEBUG - RSS feed fetched successfully. Entries: 0
2025-09-19 14:04:15,324 - DEBUG - Processing 0 RSS entries.
2025-09-19 14:04:15,324 - DEBUG - Waiting for next RSS check: 31.00s (paused=False)
2025-09-19 14:04:46,324 - DEBUG - RSS check triggered.
2025-09-19 14:04:46,324 - DEBUG - Fetching RSS feed: https://gengo.com/rss/available_jobs/6d9668ab271c486e52eb4d37b876cabd5a1cf2da958b7004205163 with headers: {}
2025-09-19 14:04:46,824 - DEBUG - RSS feed fetched successfully. Entries: 0
2025-09-19 14:04:46,824 - DEBUG - Processing 0 RSS entries.
2025-09-19 14:04:46,824 - DEBUG - Waiting for next RSS check: 31.00s (paused=False)
2025-09-19 14:05:17,824 - DEBUG - RSS check triggered.
2025-09-19 14:05:17,824 - DEBUG - Fetching RSS feed: https://gengo.com/rss/available_jobs/6d9668ab271c486e52eb4d37b876cabd5a1cf2da958b7004205163 with headers: {}
2025-09-19 14:05:18,326 - DEBUG - RSS feed fetched successfully. Entries: 0
2025-09-19 14:05:18,326 - DEBUG - Processing 0 RSS entries.
2025-09-19 14:05:18,326 - DEBUG - Waiting for next RSS check: 31.00s (paused=False)
2025-09-19 14:05:49,326 - DEBUG - RSS check triggered.
2025-09-19 14:05:49,327 - DEBUG - Fetching RSS feed: https://gengo.com/rss/available_jobs/6d9668ab271c486e52eb4d37b876cabd5a1cf2da958b7004205163 with headers: {}
2025-09-19 14:05:49,813 - DEBUG - RSS feed fetched successfully. Entries: 0
2025-09-19 14:05:49,813 - DEBUG - Processing 0 RSS entries.
2025-09-19 14:05:49,813 - DEBUG - Waiting for next RSS check: 31.00s (paused=False)
2025-09-19 14:06:20,813 - DEBUG - RSS check triggered.
2025-09-19 14:06:20,814 - DEBUG - Fetching RSS feed: https://gengo.com/rss/available_jobs/6d9668ab271c486e52eb4d37b876cabd5a1cf2da958b7004205163 with headers: {}
2025-09-19 14:06:21,274 - DEBUG - RSS feed fetched successfully. Entries: 0
2025-09-19 14:06:21,274 - DEBUG - Processing 0 RSS entries.
2025-09-19 14:06:21,274 - DEBUG - Waiting for next RSS check: 31.00s (paused=False)
2025-09-19 14:06:34,751 - INFO - Job Acceptance Statistics:
2025-09-19 14:06:34,752 - INFO -   Enabled: True
2025-09-19 14:06:34,752 - INFO -   Accepted Jobs: 0
2025-09-19 14:06:34,752 - INFO -   Failed Acceptances: 17
2025-09-19 14:06:34,752 - INFO -   Rate Limited: 0
2025-09-19 14:06:34,752 - INFO -   Current Rate: 0.00 requests/sec
2025-09-19 14:06:52,274 - DEBUG - RSS check triggered.
2025-09-19 14:06:52,274 - DEBUG - Fetching RSS feed: https://gengo.com/rss/available_jobs/6d9668ab271c486e52eb4d37b876cabd5a1cf2da958b7004205163 with headers: {}
2025-09-19 14:06:52,796 - DEBUG - RSS feed fetched successfully. Entries: 0
2025-09-19 14:06:52,796 - DEBUG - Processing 0 RSS entries.
2025-09-19 14:06:52,796 - DEBUG - Waiting for next RSS check: 31.00s (paused=False)
2025-09-19 14:07:23,796 - DEBUG - RSS check triggered.
2025-09-19 14:07:23,796 - DEBUG - Fetching RSS feed: https://gengo.com/rss/available_jobs/6d9668ab271c486e52eb4d37b876cabd5a1cf2da958b7004205163 with headers: {}
2025-09-19 14:07:24,285 - DEBUG - RSS feed fetched successfully. Entries: 0
2025-09-19 14:07:24,285 - DEBUG - Processing 0 RSS entries.
2025-09-19 14:07:24,285 - DEBUG - Waiting for next RSS check: 31.00s (paused=False)
2025-09-19 14:07:55,285 - DEBUG - RSS check triggered.
2025-09-19 14:07:55,285 - DEBUG - Fetching RSS feed: https://gengo.com/rss/available_jobs/6d9668ab271c486e52eb4d37b876cabd5a1cf2da958b7004205163 with headers: {}
2025-09-19 14:07:55,868 - DEBUG - RSS feed fetched successfully. Entries: 0
2025-09-19 14:07:55,868 - DEBUG - Processing 0 RSS entries.
2025-09-19 14:07:55,868 - DEBUG - Waiting for next RSS check: 31.00s (paused=False)
2025-09-19 14:08:26,868 - DEBUG - RSS check triggered.
2025-09-19 14:08:26,869 - DEBUG - Fetching RSS feed: https://gengo.com/rss/available_jobs/6d9668ab271c486e52eb4d37b876cabd5a1cf2da958b7004205163 with headers: {}
2025-09-19 14:08:27,342 - DEBUG - RSS feed fetched successfully. Entries: 0
2025-09-19 14:08:27,342 - DEBUG - Processing 0 RSS entries.
2025-09-19 14:08:27,342 - DEBUG - Waiting for next RSS check: 31.00s (paused=False)
2025-09-19 14:08:51,052 - INFO - GengoWatcher shutting down...
2025-09-19 14:08:51,052 - INFO - Stopped CAPTCHA service monitoring
2025-09-19 14:08:51,052 - INFO - Watcher parent thread shutting down.
2025-09-19 14:08:51,052 - INFO - RSS monitor thread stopped.
2025-09-19 14:08:51,054 - DEBUG - HTTP session closed
2025-09-19 14:08:51,055 - INFO - GengoWatcher shutdown complete
2025-09-19 14:09:00,746 - INFO - [DIAG] websockets module path: /home/thomas/GengoWatcher/src/.venv/lib/python3.13/site-packages/websockets/__init__.py
2025-09-19 14:09:00,746 - INFO - [DIAG] websockets version: 11.0.3
2025-09-19 14:09:00,746 - INFO - [DIAG] asyncio module path: /usr/lib/python3.13/asyncio/__init__.py
2025-09-19 14:09:00,746 - DEBUG - Initializing GengoWatcher with config: {'Watcher': {'feed_url': 'https://gengo.com/rss/available_jobs/6d9668ab271c486e52eb4d37b876cabd5a1cf2da958b7004205163', 'check_interval': 31, 'min_reward': 0.0, 'enable_notifications': True, 'enable_sound': True, 'use_custom_user_agent': False}, 'WebSocket': {'enable_websocket': True, 'user_id': 789487, 'user_session': '862558fe249ad263d0315566dba54bb5da9bab17'}, 'Paths': {'sound_file': '/home/thomas/GengoWatcher/assets/alert.wav', 'log_file': 'logs/gengowatcher.log', 'notification_icon_path': '/home/thomas/GengoWatcher/assets/icon.ico', 'browser_path': '/usr/bin/vivaldi', 'browser_args': '--new-window {url}', 'all_entries_log': 'logs/all_entries.csv'}, 'Logging': {'log_max_bytes': 1000000, 'log_backup_count': 1000, 'log_main_enabled': True, 'log_all_entries_enabled': True}, 'Network': {'max_backoff': 300, 'user_agent_email': 'your_email@example.com'}, 'WebServer': {'enabled': True, 'host': '127.0.0.1', 'port': 8001, 'cors_origins': 'http://localhost:5173'}, 'AutoAccept': {'enabled': True, 'min_reward': 2.0, 'max_reward': 999999.0, 'job_sources': 'rss,websocket', 'accept_delay_min': 5, 'accept_delay_max': 30, 'browser_profile_path': '/usr/bin/vivaldi', 'notification_on_accept': True, 'log_acceptance': True, 'concurrent_submission': True, 'accept_click_probe_ms': 75, 'attempt_timeout_sec': 12, 'selenium_attempt_timeout_sec': 8}, 'Captcha': {'enabled': True, 'service': '2captcha', 'api_key': '5cb54aec85b0eb71413748c602dea1f5', 'max_retries': 3, 'retry_delay': 0, 'rate_limit': 60, 'rate_limit_window': 5, 'skip_on_v3_extraction_failure': True, 'recaptcha_v3_fallback_site_key': '6Lc6BAAAAAAAAAChqR2QwNcAAAAA', 'recaptcha_v3_default_action': 'job_acceptance', 'enable_browser_automation_fallback': True}, 'LocalCaptcha': {'preferred_solver': 'simple', 'tensorflow_model_path': 'models/captcha_model.h5'}, 'HighValue': {'threshold': 50.0, 'very_high_threshold': 1000.0, 'extreme_threshold': 5000.0, 'immediate_response': True, 'min_processing_delay': 0.001, 'max_per_day': 999, 'min_interval_seconds': 1, 'desktop_notifications': True, 'notify_on_missed': True, 'extreme_value_no_daily_limit': True, 'extreme_value_no_interval': True}, 'Cancellation': {'enabled': True, 'min_improvement_ratio': 2.0, 'extreme_threshold': 1000.0, 'auto_cancel_extreme_value': True}, 'SeleniumMonitoring': {'enable_live_dashboard': True, 'enable_list_refresh': True, 'refresh_interval_ms': 1500, 'headless': False}}
2025-09-19 14:09:00,746 - DEBUG - Setting up CSV logging.
2025-09-19 14:09:00,746 - DEBUG - CSV logging enabled at logs/all_entries.csv
2025-09-19 14:09:00,767 - ERROR - Failed to create plugin 2captcha: API key for twocaptchaadapter not found in secure storage
2025-09-19 14:09:00,767 - WARNING - Failed to initialize CAPTCHA solver for service: 2captcha
2025-09-19 14:09:00,767 - INFO - BrowserAutomationEngine initialized
2025-09-19 14:09:00,767 - INFO - Selenium Chrome binary set to: /usr/bin/vivaldi
2025-09-19 14:09:01,925 - ERROR - Failed to initialize Chrome WebDriver: Message: session not created: This version of ChromeDriver only supports Chrome version 114
Current browser version is 7.6.3797.52 with binary path /usr/bin/vivaldi; For documentation on this error, please visit: https://www.selenium.dev/documentation/webdriver/troubleshooting/errors#sessionnotcreatedexception
Stacktrace:
#0 0x5582ecb184e3 <unknown>
#1 0x5582ec847c76 <unknown>
#2 0x5582ec87504a <unknown>
#3 0x5582ec8704a1 <unknown>
#4 0x5582ec86d029 <unknown>
#5 0x5582ec8abccc <unknown>
#6 0x5582ec8ab47f <unknown>
#7 0x5582ec8a2de3 <unknown>
#8 0x5582ec8782dd <unknown>
#9 0x5582ec87934e <unknown>
#10 0x5582ecad83e4 <unknown>
#11 0x5582ecadc3d7 <unknown>
#12 0x5582ecae6b20 <unknown>
#13 0x5582ecadd023 <unknown>
#14 0x5582ecaab1aa <unknown>
#15 0x5582ecb016b8 <unknown>
#16 0x5582ecb01847 <unknown>
#17 0x5582ecb11243 <unknown>
#18 0x7ff502eaa4f8 <unknown>

2025-09-19 14:09:01,925 - ERROR - Failed to set Selenium session: Message: session not created: This version of ChromeDriver only supports Chrome version 114
Current browser version is 7.6.3797.52 with binary path /usr/bin/vivaldi; For documentation on this error, please visit: https://www.selenium.dev/documentation/webdriver/troubleshooting/errors#sessionnotcreatedexception
Stacktrace:
#0 0x5582ecb184e3 <unknown>
#1 0x5582ec847c76 <unknown>
#2 0x5582ec87504a <unknown>
#3 0x5582ec8704a1 <unknown>
#4 0x5582ec86d029 <unknown>
#5 0x5582ec8abccc <unknown>
#6 0x5582ec8ab47f <unknown>
#7 0x5582ec8a2de3 <unknown>
#8 0x5582ec8782dd <unknown>
#9 0x5582ec87934e <unknown>
#10 0x5582ecad83e4 <unknown>
#11 0x5582ecadc3d7 <unknown>
#12 0x5582ecae6b20 <unknown>
#13 0x5582ecadd023 <unknown>
#14 0x5582ecaab1aa <unknown>
#15 0x5582ecb016b8 <unknown>
#16 0x5582ecb01847 <unknown>
#17 0x5582ecb11243 <unknown>
#18 0x7ff502eaa4f8 <unknown>

2025-09-19 14:09:01,925 - INFO - Job Acceptance Engine initialized
2025-09-19 14:09:01,925 - INFO - Job Cancellation Manager initialized
2025-09-19 14:09:01,925 - INFO - Loaded job state: current job None ($0.00)
2025-09-19 14:09:01,925 - INFO - Cancellation enabled: True
2025-09-19 14:09:01,925 - INFO - Minimum improvement ratio: 2.0x
2025-09-19 14:09:01,925 - INFO - Extreme value threshold: $1000.0
2025-09-19 14:09:01,926 - INFO - GengoWatcher v2.1.5 initialized.
2025-09-19 14:09:01,926 - DEBUG - Checking if config is complete.
2025-09-19 14:09:01,926 - DEBUG - Starting watcher parent thread.
2025-09-19 14:09:01,926 - INFO - Watcher parent thread started. Launching monitors...
2025-09-19 14:09:01,926 - DEBUG - Starting RSS monitor thread.
2025-09-19 14:09:01,926 - INFO - RSS monitor thread started.
2025-09-19 14:09:01,926 - DEBUG - Starting WebSocket monitor thread.
2025-09-19 14:09:01,926 - DEBUG - Waiting for next RSS check: 0.00s (paused=False)
2025-09-19 14:09:01,930 - DEBUG - Running websocket logic (asyncio.run)
2025-09-19 14:09:01,934 - DEBUG - RSS check triggered.
2025-09-19 14:09:01,935 - DEBUG - Fetching RSS feed: https://gengo.com/rss/available_jobs/6d9668ab271c486e52eb4d37b876cabd5a1cf2da958b7004205163 with headers: {}
2025-09-19 14:09:01,935 - DEBUG - Attempting WebSocket connection to wss://live-dashboard.gengo.com
2025-09-19 14:09:02,325 - DEBUG - WebSocket: Sending auth payload: {'user_id': 789487, 'user_session': '862558fe249ad263d0315566dba54bb5da9bab17'}
2025-09-19 14:09:02,325 - INFO - WebSocket connection is live and listening.
2025-09-19 14:09:02,998 - DEBUG - RSS feed fetched successfully. Entries: 0
2025-09-19 14:09:02,998 - DEBUG - Processing 0 RSS entries.
2025-09-19 14:09:02,998 - DEBUG - Waiting for next RSS check: 31.00s (paused=False)
2025-09-19 14:09:07,330 - DEBUG - WebSocket: No message received immediately after authentication.
2025-09-19 14:09:07,331 - DEBUG - WebSocket: Test command monitor started.
2025-09-19 14:09:16,504 - INFO - GengoWatcher shutting down...
2025-09-19 14:09:16,504 - INFO - Stopped CAPTCHA service monitoring
2025-09-19 14:09:16,504 - INFO - RSS monitor thread stopped.
2025-09-19 14:09:16,504 - INFO - Watcher parent thread shutting down.
2025-09-19 14:09:16,505 - INFO - GengoWatcher shutdown complete
2025-09-19 14:14:20,882 - INFO - [DIAG] websockets module path: /home/thomas/GengoWatcher/src/.venv/lib/python3.13/site-packages/websockets/__init__.py
2025-09-19 14:14:20,882 - INFO - [DIAG] websockets version: 11.0.3
2025-09-19 14:14:20,882 - INFO - [DIAG] asyncio module path: /usr/lib/python3.13/asyncio/__init__.py
2025-09-19 14:14:20,883 - DEBUG - Initializing GengoWatcher with config: {'Watcher': {'feed_url': 'https://gengo.com/rss/available_jobs/6d9668ab271c486e52eb4d37b876cabd5a1cf2da958b7004205163', 'check_interval': 31, 'min_reward': 0.0, 'enable_notifications': True, 'enable_sound': True, 'use_custom_user_agent': False}, 'WebSocket': {'enable_websocket': True, 'user_id': 789487, 'user_session': '862558fe249ad263d0315566dba54bb5da9bab17'}, 'Paths': {'sound_file': '/home/thomas/GengoWatcher/assets/alert.wav', 'log_file': 'logs/gengowatcher.log', 'notification_icon_path': '/home/thomas/GengoWatcher/assets/icon.ico', 'browser_path': '/usr/bin/vivaldi', 'browser_args': '--new-window {url}', 'all_entries_log': 'logs/all_entries.csv'}, 'Logging': {'log_max_bytes': 1000000, 'log_backup_count': 1000, 'log_main_enabled': True, 'log_all_entries_enabled': True}, 'Network': {'max_backoff': 300, 'user_agent_email': 'your_email@example.com'}, 'WebServer': {'enabled': True, 'host': '127.0.0.1', 'port': 8001, 'cors_origins': 'http://localhost:5173'}, 'AutoAccept': {'enabled': True, 'min_reward': 2.0, 'max_reward': 999999.0, 'job_sources': 'rss,websocket', 'accept_delay_min': 0, 'accept_delay_max': 0, 'browser_profile_path': '/usr/bin/vivaldi', 'notification_on_accept': True, 'log_acceptance': True, 'concurrent_submission': True, 'accept_click_probe_ms': 75, 'attempt_timeout_sec': 12, 'selenium_attempt_timeout_sec': 8}, 'Captcha': {'enabled': True, 'service': '2captcha', 'api_key': '5cb54aec85b0eb71413748c602dea1f5', 'max_retries': 3, 'retry_delay': 0, 'rate_limit': 60, 'rate_limit_window': 5, 'skip_on_v3_extraction_failure': True, 'recaptcha_v3_fallback_site_key': '6Lc6BAAAAAAAAAChqR2QwNcAAAAA', 'recaptcha_v3_default_action': 'job_acceptance', 'enable_browser_automation_fallback': True}, 'LocalCaptcha': {'preferred_solver': 'simple', 'tensorflow_model_path': 'models/captcha_model.h5'}, 'HighValue': {'threshold': 50.0, 'very_high_threshold': 1000.0, 'extreme_threshold': 5000.0, 'immediate_response': True, 'min_processing_delay': 0.001, 'max_per_day': 999, 'min_interval_seconds': 1, 'desktop_notifications': True, 'notify_on_missed': True, 'extreme_value_no_daily_limit': True, 'extreme_value_no_interval': True}, 'Cancellation': {'enabled': True, 'min_improvement_ratio': 2.0, 'extreme_threshold': 1000.0, 'auto_cancel_extreme_value': True}, 'SeleniumMonitoring': {'enable_live_dashboard': True, 'enable_list_refresh': True, 'refresh_interval_ms': 1500, 'headless': False}}
2025-09-19 14:14:20,883 - DEBUG - Setting up CSV logging.
2025-09-19 14:14:20,883 - DEBUG - CSV logging enabled at logs/all_entries.csv
2025-09-19 14:14:20,907 - ERROR - Failed to create plugin 2captcha: API key for twocaptchaadapter not found in secure storage
2025-09-19 14:14:20,907 - WARNING - Failed to initialize CAPTCHA solver for service: 2captcha
2025-09-19 14:14:20,907 - INFO - BrowserAutomationEngine initialized
2025-09-19 14:14:20,907 - INFO - Selenium Chrome binary set to: /usr/bin/vivaldi
2025-09-19 14:14:21,833 - ERROR - Failed to initialize Chrome WebDriver: Message: session not created: This version of ChromeDriver only supports Chrome version 114
Current browser version is 7.6.3797.52 with binary path /usr/bin/vivaldi; For documentation on this error, please visit: https://www.selenium.dev/documentation/webdriver/troubleshooting/errors#sessionnotcreatedexception
Stacktrace:
#0 0x5607c2e9a4e3 <unknown>
#1 0x5607c2bc9c76 <unknown>
#2 0x5607c2bf704a <unknown>
#3 0x5607c2bf24a1 <unknown>
#4 0x5607c2bef029 <unknown>
#5 0x5607c2c2dccc <unknown>
#6 0x5607c2c2d47f <unknown>
#7 0x5607c2c24de3 <unknown>
#8 0x5607c2bfa2dd <unknown>
#9 0x5607c2bfb34e <unknown>
#10 0x5607c2e5a3e4 <unknown>
#11 0x5607c2e5e3d7 <unknown>
#12 0x5607c2e68b20 <unknown>
#13 0x5607c2e5f023 <unknown>
#14 0x5607c2e2d1aa <unknown>
#15 0x5607c2e836b8 <unknown>
#16 0x5607c2e83847 <unknown>
#17 0x5607c2e93243 <unknown>
#18 0x7f7d836aa4f8 <unknown>

2025-09-19 14:14:21,833 - ERROR - Failed to set Selenium session: Message: session not created: This version of ChromeDriver only supports Chrome version 114
Current browser version is 7.6.3797.52 with binary path /usr/bin/vivaldi; For documentation on this error, please visit: https://www.selenium.dev/documentation/webdriver/troubleshooting/errors#sessionnotcreatedexception
Stacktrace:
#0 0x5607c2e9a4e3 <unknown>
#1 0x5607c2bc9c76 <unknown>
#2 0x5607c2bf704a <unknown>
#3 0x5607c2bf24a1 <unknown>
#4 0x5607c2bef029 <unknown>
#5 0x5607c2c2dccc <unknown>
#6 0x5607c2c2d47f <unknown>
#7 0x5607c2c24de3 <unknown>
#8 0x5607c2bfa2dd <unknown>
#9 0x5607c2bfb34e <unknown>
#10 0x5607c2e5a3e4 <unknown>
#11 0x5607c2e5e3d7 <unknown>
#12 0x5607c2e68b20 <unknown>
#13 0x5607c2e5f023 <unknown>
#14 0x5607c2e2d1aa <unknown>
#15 0x5607c2e836b8 <unknown>
#16 0x5607c2e83847 <unknown>
#17 0x5607c2e93243 <unknown>
#18 0x7f7d836aa4f8 <unknown>

2025-09-19 14:14:21,834 - INFO - Job Acceptance Engine initialized
2025-09-19 14:14:21,834 - INFO - Job Cancellation Manager initialized
2025-09-19 14:14:21,834 - INFO - Loaded job state: current job None ($0.00)
2025-09-19 14:14:21,834 - INFO - Cancellation enabled: True
2025-09-19 14:14:21,834 - INFO - Minimum improvement ratio: 2.0x
2025-09-19 14:14:21,834 - INFO - Extreme value threshold: $1000.0
2025-09-19 14:14:21,834 - INFO - GengoWatcher v2.1.5 initialized.
2025-09-19 14:14:21,834 - DEBUG - Checking if config is complete.
2025-09-19 14:14:21,834 - DEBUG - Starting watcher parent thread.
2025-09-19 14:14:21,834 - INFO - Watcher parent thread started. Launching monitors...
2025-09-19 14:14:21,834 - DEBUG - Starting RSS monitor thread.
2025-09-19 14:14:21,834 - DEBUG - Starting WebSocket monitor thread.
2025-09-19 14:14:21,835 - INFO - RSS monitor thread started.
2025-09-19 14:14:21,839 - DEBUG - Running websocket logic (asyncio.run)
2025-09-19 14:14:21,843 - DEBUG - Waiting for next RSS check: 0.00s (paused=False)
2025-09-19 14:14:21,843 - DEBUG - Attempting WebSocket connection to wss://live-dashboard.gengo.com
2025-09-19 14:14:21,843 - DEBUG - RSS check triggered.
2025-09-19 14:14:21,843 - DEBUG - Fetching RSS feed: https://gengo.com/rss/available_jobs/6d9668ab271c486e52eb4d37b876cabd5a1cf2da958b7004205163 with headers: {}
2025-09-19 14:14:22,198 - DEBUG - WebSocket: Sending auth payload: {'user_id': 789487, 'user_session': '862558fe249ad263d0315566dba54bb5da9bab17'}
2025-09-19 14:14:22,199 - INFO - WebSocket connection is live and listening.
2025-09-19 14:14:22,342 - DEBUG - RSS feed fetched successfully. Entries: 0
2025-09-19 14:14:22,342 - DEBUG - Processing 0 RSS entries.
2025-09-19 14:14:22,342 - DEBUG - Waiting for next RSS check: 31.00s (paused=False)
2025-09-19 14:14:27,204 - DEBUG - WebSocket: No message received immediately after authentication.
2025-09-19 14:14:27,204 - DEBUG - WebSocket: Test command monitor started.
2025-09-19 14:14:53,343 - DEBUG - RSS check triggered.
2025-09-19 14:14:53,343 - DEBUG - Fetching RSS feed: https://gengo.com/rss/available_jobs/6d9668ab271c486e52eb4d37b876cabd5a1cf2da958b7004205163 with headers: {}
2025-09-19 14:14:53,809 - DEBUG - RSS feed fetched successfully. Entries: 0
2025-09-19 14:14:53,809 - DEBUG - Processing 0 RSS entries.
2025-09-19 14:14:53,809 - DEBUG - Waiting for next RSS check: 31.00s (paused=False)
2025-09-19 14:15:24,809 - DEBUG - RSS check triggered.
2025-09-19 14:15:24,809 - DEBUG - Fetching RSS feed: https://gengo.com/rss/available_jobs/6d9668ab271c486e52eb4d37b876cabd5a1cf2da958b7004205163 with headers: {}
2025-09-19 14:15:25,313 - DEBUG - RSS feed fetched successfully. Entries: 0
2025-09-19 14:15:25,313 - DEBUG - Processing 0 RSS entries.
2025-09-19 14:15:25,313 - DEBUG - Waiting for next RSS check: 31.00s (paused=False)
2025-09-19 14:15:56,313 - DEBUG - RSS check triggered.
2025-09-19 14:15:56,313 - DEBUG - Fetching RSS feed: https://gengo.com/rss/available_jobs/6d9668ab271c486e52eb4d37b876cabd5a1cf2da958b7004205163 with headers: {}
2025-09-19 14:15:56,772 - DEBUG - RSS feed fetched successfully. Entries: 0
2025-09-19 14:15:56,772 - DEBUG - Processing 0 RSS entries.
2025-09-19 14:15:56,772 - DEBUG - Waiting for next RSS check: 31.00s (paused=False)
2025-09-19 14:16:27,773 - DEBUG - RSS check triggered.
2025-09-19 14:16:27,773 - DEBUG - Fetching RSS feed: https://gengo.com/rss/available_jobs/6d9668ab271c486e52eb4d37b876cabd5a1cf2da958b7004205163 with headers: {}
2025-09-19 14:16:28,267 - DEBUG - RSS feed fetched successfully. Entries: 0
2025-09-19 14:16:28,267 - DEBUG - Processing 0 RSS entries.
2025-09-19 14:16:28,267 - DEBUG - Waiting for next RSS check: 31.00s (paused=False)
2025-09-19 14:16:59,267 - DEBUG - RSS check triggered.
2025-09-19 14:16:59,268 - DEBUG - Fetching RSS feed: https://gengo.com/rss/available_jobs/6d9668ab271c486e52eb4d37b876cabd5a1cf2da958b7004205163 with headers: {}
2025-09-19 14:16:59,735 - DEBUG - RSS feed fetched successfully. Entries: 0
2025-09-19 14:16:59,735 - DEBUG - Processing 0 RSS entries.
2025-09-19 14:16:59,735 - DEBUG - Waiting for next RSS check: 31.00s (paused=False)
2025-09-19 14:17:30,735 - DEBUG - RSS check triggered.
2025-09-19 14:17:30,735 - DEBUG - Fetching RSS feed: https://gengo.com/rss/available_jobs/6d9668ab271c486e52eb4d37b876cabd5a1cf2da958b7004205163 with headers: {}
2025-09-19 14:17:31,404 - DEBUG - RSS feed fetched successfully. Entries: 0
2025-09-19 14:17:31,404 - DEBUG - Processing 0 RSS entries.
2025-09-19 14:17:31,404 - DEBUG - Waiting for next RSS check: 31.00s (paused=False)
2025-09-19 14:18:02,404 - DEBUG - RSS check triggered.
2025-09-19 14:18:02,404 - DEBUG - Fetching RSS feed: https://gengo.com/rss/available_jobs/6d9668ab271c486e52eb4d37b876cabd5a1cf2da958b7004205163 with headers: {}
2025-09-19 14:18:04,284 - DEBUG - RSS feed fetched successfully. Entries: 0
2025-09-19 14:18:04,284 - DEBUG - Processing 0 RSS entries.
2025-09-19 14:18:04,284 - DEBUG - Waiting for next RSS check: 31.00s (paused=False)
2025-09-19 14:18:35,284 - DEBUG - RSS check triggered.
2025-09-19 14:18:35,284 - DEBUG - Fetching RSS feed: https://gengo.com/rss/available_jobs/6d9668ab271c486e52eb4d37b876cabd5a1cf2da958b7004205163 with headers: {}
2025-09-19 14:18:35,753 - DEBUG - RSS feed fetched successfully. Entries: 0
2025-09-19 14:18:35,753 - DEBUG - Processing 0 RSS entries.
2025-09-19 14:18:35,753 - DEBUG - Waiting for next RSS check: 31.00s (paused=False)
2025-09-19 14:19:06,754 - DEBUG - RSS check triggered.
2025-09-19 14:19:06,754 - DEBUG - Fetching RSS feed: https://gengo.com/rss/available_jobs/6d9668ab271c486e52eb4d37b876cabd5a1cf2da958b7004205163 with headers: {}
2025-09-19 14:19:07,223 - DEBUG - RSS feed fetched successfully. Entries: 0
2025-09-19 14:19:07,223 - DEBUG - Processing 0 RSS entries.
2025-09-19 14:19:07,223 - DEBUG - Waiting for next RSS check: 31.00s (paused=False)
2025-09-19 14:19:38,223 - DEBUG - RSS check triggered.
2025-09-19 14:19:38,223 - DEBUG - Fetching RSS feed: https://gengo.com/rss/available_jobs/6d9668ab271c486e52eb4d37b876cabd5a1cf2da958b7004205163 with headers: {}
2025-09-19 14:19:38,729 - DEBUG - RSS feed fetched successfully. Entries: 0
2025-09-19 14:19:38,729 - DEBUG - Processing 0 RSS entries.
2025-09-19 14:19:38,729 - DEBUG - Waiting for next RSS check: 31.00s (paused=False)
2025-09-19 14:20:09,730 - DEBUG - RSS check triggered.
2025-09-19 14:20:09,730 - DEBUG - Fetching RSS feed: https://gengo.com/rss/available_jobs/6d9668ab271c486e52eb4d37b876cabd5a1cf2da958b7004205163 with headers: {}
2025-09-19 14:20:10,194 - DEBUG - RSS feed fetched successfully. Entries: 0
2025-09-19 14:20:10,194 - DEBUG - Processing 0 RSS entries.
2025-09-19 14:20:10,194 - DEBUG - Waiting for next RSS check: 31.00s (paused=False)
2025-09-19 14:20:41,194 - DEBUG - RSS check triggered.
2025-09-19 14:20:41,195 - DEBUG - Fetching RSS feed: https://gengo.com/rss/available_jobs/6d9668ab271c486e52eb4d37b876cabd5a1cf2da958b7004205163 with headers: {}
2025-09-19 14:20:41,704 - DEBUG - RSS feed fetched successfully. Entries: 0
2025-09-19 14:20:41,704 - DEBUG - Processing 0 RSS entries.
2025-09-19 14:20:41,704 - DEBUG - Waiting for next RSS check: 31.00s (paused=False)
2025-09-19 14:21:12,705 - DEBUG - RSS check triggered.
2025-09-19 14:21:12,705 - DEBUG - Fetching RSS feed: https://gengo.com/rss/available_jobs/6d9668ab271c486e52eb4d37b876cabd5a1cf2da958b7004205163 with headers: {}
2025-09-19 14:21:13,165 - DEBUG - RSS feed fetched successfully. Entries: 0
2025-09-19 14:21:13,165 - DEBUG - Processing 0 RSS entries.
2025-09-19 14:21:13,165 - DEBUG - Waiting for next RSS check: 31.00s (paused=False)
2025-09-19 14:21:44,165 - DEBUG - RSS check triggered.
2025-09-19 14:21:44,165 - DEBUG - Fetching RSS feed: https://gengo.com/rss/available_jobs/6d9668ab271c486e52eb4d37b876cabd5a1cf2da958b7004205163 with headers: {}
2025-09-19 14:21:44,707 - DEBUG - RSS feed fetched successfully. Entries: 0
2025-09-19 14:21:44,707 - DEBUG - Processing 0 RSS entries.
2025-09-19 14:21:44,707 - DEBUG - Waiting for next RSS check: 31.00s (paused=False)
2025-09-19 14:22:15,708 - DEBUG - RSS check triggered.
2025-09-19 14:22:15,708 - DEBUG - Fetching RSS feed: https://gengo.com/rss/available_jobs/6d9668ab271c486e52eb4d37b876cabd5a1cf2da958b7004205163 with headers: {}
2025-09-19 14:22:16,176 - DEBUG - RSS feed fetched successfully. Entries: 0
2025-09-19 14:22:16,176 - DEBUG - Processing 0 RSS entries.
2025-09-19 14:22:16,176 - DEBUG - Waiting for next RSS check: 31.00s (paused=False)
2025-09-19 14:22:47,176 - DEBUG - RSS check triggered.
2025-09-19 14:22:47,177 - DEBUG - Fetching RSS feed: https://gengo.com/rss/available_jobs/6d9668ab271c486e52eb4d37b876cabd5a1cf2da958b7004205163 with headers: {}
2025-09-19 14:22:47,641 - DEBUG - RSS feed fetched successfully. Entries: 0
2025-09-19 14:22:47,641 - DEBUG - Processing 0 RSS entries.
2025-09-19 14:22:47,641 - DEBUG - Waiting for next RSS check: 31.00s (paused=False)
2025-09-19 14:23:18,642 - DEBUG - RSS check triggered.
2025-09-19 14:23:18,642 - DEBUG - Fetching RSS feed: https://gengo.com/rss/available_jobs/6d9668ab271c486e52eb4d37b876cabd5a1cf2da958b7004205163 with headers: {}
2025-09-19 14:23:19,111 - DEBUG - RSS feed fetched successfully. Entries: 0
2025-09-19 14:23:19,111 - DEBUG - Processing 0 RSS entries.
2025-09-19 14:23:19,111 - DEBUG - Waiting for next RSS check: 31.00s (paused=False)
2025-09-19 14:23:50,111 - DEBUG - RSS check triggered.
2025-09-19 14:23:50,111 - DEBUG - Fetching RSS feed: https://gengo.com/rss/available_jobs/6d9668ab271c486e52eb4d37b876cabd5a1cf2da958b7004205163 with headers: {}
2025-09-19 14:23:50,610 - DEBUG - RSS feed fetched successfully. Entries: 0
2025-09-19 14:23:50,610 - DEBUG - Processing 0 RSS entries.
2025-09-19 14:23:50,610 - DEBUG - Waiting for next RSS check: 31.00s (paused=False)
2025-09-19 14:24:21,610 - DEBUG - RSS check triggered.
2025-09-19 14:24:21,610 - DEBUG - Fetching RSS feed: https://gengo.com/rss/available_jobs/6d9668ab271c486e52eb4d37b876cabd5a1cf2da958b7004205163 with headers: {}
2025-09-19 14:24:22,117 - DEBUG - RSS feed fetched successfully. Entries: 0
2025-09-19 14:24:22,117 - DEBUG - Processing 0 RSS entries.
2025-09-19 14:24:22,117 - DEBUG - Waiting for next RSS check: 31.00s (paused=False)
2025-09-19 14:24:53,117 - DEBUG - RSS check triggered.
2025-09-19 14:24:53,118 - DEBUG - Fetching RSS feed: https://gengo.com/rss/available_jobs/6d9668ab271c486e52eb4d37b876cabd5a1cf2da958b7004205163 with headers: {}
2025-09-19 14:24:53,634 - DEBUG - RSS feed fetched successfully. Entries: 0
2025-09-19 14:24:53,634 - DEBUG - Processing 0 RSS entries.
2025-09-19 14:24:53,634 - DEBUG - Waiting for next RSS check: 31.00s (paused=False)
2025-09-19 14:25:24,634 - DEBUG - RSS check triggered.
2025-09-19 14:25:24,635 - DEBUG - Fetching RSS feed: https://gengo.com/rss/available_jobs/6d9668ab271c486e52eb4d37b876cabd5a1cf2da958b7004205163 with headers: {}
2025-09-19 14:25:25,111 - DEBUG - RSS feed fetched successfully. Entries: 0
2025-09-19 14:25:25,111 - DEBUG - Processing 0 RSS entries.
2025-09-19 14:25:25,111 - DEBUG - Waiting for next RSS check: 31.00s (paused=False)
2025-09-19 14:25:56,111 - DEBUG - RSS check triggered.
2025-09-19 14:25:56,111 - DEBUG - Fetching RSS feed: https://gengo.com/rss/available_jobs/6d9668ab271c486e52eb4d37b876cabd5a1cf2da958b7004205163 with headers: {}
2025-09-19 14:25:56,625 - DEBUG - RSS feed fetched successfully. Entries: 0
2025-09-19 14:25:56,626 - DEBUG - Processing 0 RSS entries.
2025-09-19 14:25:56,626 - DEBUG - Waiting for next RSS check: 31.00s (paused=False)
2025-09-19 14:26:27,626 - DEBUG - RSS check triggered.
2025-09-19 14:26:27,626 - DEBUG - Fetching RSS feed: https://gengo.com/rss/available_jobs/6d9668ab271c486e52eb4d37b876cabd5a1cf2da958b7004205163 with headers: {}
2025-09-19 14:26:28,095 - DEBUG - RSS feed fetched successfully. Entries: 0
2025-09-19 14:26:28,095 - DEBUG - Processing 0 RSS entries.
2025-09-19 14:26:28,095 - DEBUG - Waiting for next RSS check: 31.00s (paused=False)
2025-09-19 14:26:59,095 - DEBUG - RSS check triggered.
2025-09-19 14:26:59,095 - DEBUG - Fetching RSS feed: https://gengo.com/rss/available_jobs/6d9668ab271c486e52eb4d37b876cabd5a1cf2da958b7004205163 with headers: {}
2025-09-19 14:26:59,593 - DEBUG - RSS feed fetched successfully. Entries: 0
2025-09-19 14:26:59,593 - DEBUG - Processing 0 RSS entries.
2025-09-19 14:26:59,593 - DEBUG - Waiting for next RSS check: 31.00s (paused=False)
2025-09-19 14:27:30,593 - DEBUG - RSS check triggered.
2025-09-19 14:27:30,594 - DEBUG - Fetching RSS feed: https://gengo.com/rss/available_jobs/6d9668ab271c486e52eb4d37b876cabd5a1cf2da958b7004205163 with headers: {}
2025-09-19 14:27:31,118 - DEBUG - RSS feed fetched successfully. Entries: 0
2025-09-19 14:27:31,118 - DEBUG - Processing 0 RSS entries.
2025-09-19 14:27:31,118 - DEBUG - Waiting for next RSS check: 31.00s (paused=False)
2025-09-19 14:28:02,119 - DEBUG - RSS check triggered.
2025-09-19 14:28:02,119 - DEBUG - Fetching RSS feed: https://gengo.com/rss/available_jobs/6d9668ab271c486e52eb4d37b876cabd5a1cf2da958b7004205163 with headers: {}
2025-09-19 14:28:03,873 - DEBUG - RSS feed fetched successfully. Entries: 0
2025-09-19 14:28:03,873 - DEBUG - Processing 0 RSS entries.
2025-09-19 14:28:03,873 - DEBUG - Waiting for next RSS check: 31.00s (paused=False)
2025-09-19 14:28:34,873 - DEBUG - RSS check triggered.
2025-09-19 14:28:34,873 - DEBUG - Fetching RSS feed: https://gengo.com/rss/available_jobs/6d9668ab271c486e52eb4d37b876cabd5a1cf2da958b7004205163 with headers: {}
2025-09-19 14:28:35,350 - DEBUG - RSS feed fetched successfully. Entries: 0
2025-09-19 14:28:35,350 - DEBUG - Processing 0 RSS entries.
2025-09-19 14:28:35,350 - DEBUG - Waiting for next RSS check: 31.00s (paused=False)
2025-09-19 14:29:05,626 - INFO - GengoWatcher shutting down...
2025-09-19 14:29:05,627 - INFO - Stopped CAPTCHA service monitoring
2025-09-19 14:29:05,627 - INFO - Watcher parent thread shutting down.
2025-09-19 14:29:05,628 - INFO - RSS monitor thread stopped.
2025-09-19 14:29:05,630 - INFO - GengoWatcher shutdown complete
2025-09-19 14:29:37,980 - INFO - [DIAG] websockets module path: /home/thomas/GengoWatcher/src/.venv/lib/python3.13/site-packages/websockets/__init__.py
2025-09-19 14:29:37,980 - INFO - [DIAG] websockets version: 11.0.3
2025-09-19 14:29:37,981 - INFO - [DIAG] asyncio module path: /usr/lib/python3.13/asyncio/__init__.py
2025-09-19 14:29:37,981 - DEBUG - Initializing GengoWatcher with config: {'Watcher': {'feed_url': 'https://gengo.com/rss/available_jobs/6d9668ab271c486e52eb4d37b876cabd5a1cf2da958b7004205163', 'check_interval': 31, 'min_reward': 0.0, 'enable_notifications': True, 'enable_sound': True, 'use_custom_user_agent': False}, 'WebSocket': {'enable_websocket': True, 'user_id': 789487, 'user_session': '862558fe249ad263d0315566dba54bb5da9bab17'}, 'Paths': {'sound_file': '/home/thomas/GengoWatcher/assets/alert.wav', 'log_file': 'logs/gengowatcher.log', 'notification_icon_path': '/home/thomas/GengoWatcher/assets/icon.ico', 'browser_path': '/usr/bin/vivaldi', 'browser_args': '--new-window {url}', 'all_entries_log': 'logs/all_entries.csv'}, 'Logging': {'log_max_bytes': 1000000, 'log_backup_count': 1000, 'log_main_enabled': True, 'log_all_entries_enabled': True}, 'Network': {'max_backoff': 300, 'user_agent_email': 'your_email@example.com'}, 'WebServer': {'enabled': True, 'host': '127.0.0.1', 'port': 8001, 'cors_origins': 'http://localhost:5173'}, 'AutoAccept': {'enabled': True, 'min_reward': 2.0, 'max_reward': 999999.0, 'job_sources': 'rss,websocket', 'accept_delay_min': 0, 'accept_delay_max': 0, 'browser_profile_path': '/usr/bin/vivaldi', 'notification_on_accept': True, 'log_acceptance': True, 'concurrent_submission': True, 'accept_click_probe_ms': 75, 'attempt_timeout_sec': 12, 'selenium_attempt_timeout_sec': 8}, 'Captcha': {'enabled': True, 'service': '2captcha', 'api_key': '5cb54aec85b0eb71413748c602dea1f5', 'max_retries': 3, 'retry_delay': 0, 'rate_limit': 60, 'rate_limit_window': 5, 'skip_on_v3_extraction_failure': True, 'recaptcha_v3_fallback_site_key': '6Lc6BAAAAAAAAAChqR2QwNcAAAAA', 'recaptcha_v3_default_action': 'job_acceptance', 'enable_browser_automation_fallback': True}, 'LocalCaptcha': {'preferred_solver': 'simple', 'tensorflow_model_path': 'models/captcha_model.h5'}, 'HighValue': {'threshold': 50.0, 'very_high_threshold': 1000.0, 'extreme_threshold': 5000.0, 'immediate_response': True, 'min_processing_delay': 0.001, 'max_per_day': 999, 'min_interval_seconds': 1, 'desktop_notifications': True, 'notify_on_missed': True, 'extreme_value_no_daily_limit': True, 'extreme_value_no_interval': True}, 'Cancellation': {'enabled': True, 'min_improvement_ratio': 2.0, 'extreme_threshold': 1000.0, 'auto_cancel_extreme_value': True}, 'SeleniumMonitoring': {'enable_live_dashboard': True, 'enable_list_refresh': True, 'refresh_interval_ms': 1500, 'headless': False}}
2025-09-19 14:29:37,981 - DEBUG - Setting up CSV logging.
2025-09-19 14:29:37,981 - DEBUG - CSV logging enabled at logs/all_entries.csv
2025-09-19 14:29:38,006 - ERROR - Failed to create plugin 2captcha: API key for twocaptchaadapter not found in secure storage
2025-09-19 14:29:38,006 - WARNING - Failed to initialize CAPTCHA solver for service: 2captcha
2025-09-19 14:29:38,006 - INFO - BrowserAutomationEngine initialized
2025-09-19 14:29:38,006 - INFO - Selenium Chrome binary set to: /usr/bin/vivaldi
2025-09-19 14:29:39,054 - ERROR - Failed to initialize Chrome WebDriver: Message: session not created: This version of ChromeDriver only supports Chrome version 114
Current browser version is 7.6.3797.52 with binary path /usr/bin/vivaldi; For documentation on this error, please visit: https://www.selenium.dev/documentation/webdriver/troubleshooting/errors#sessionnotcreatedexception
Stacktrace:
#0 0x55eb712974e3 <unknown>
#1 0x55eb70fc6c76 <unknown>
#2 0x55eb70ff404a <unknown>
#3 0x55eb70fef4a1 <unknown>
#4 0x55eb70fec029 <unknown>
#5 0x55eb7102accc <unknown>
#6 0x55eb7102a47f <unknown>
#7 0x55eb71021de3 <unknown>
#8 0x55eb70ff72dd <unknown>
#9 0x55eb70ff834e <unknown>
#10 0x55eb712573e4 <unknown>
#11 0x55eb7125b3d7 <unknown>
#12 0x55eb71265b20 <unknown>
#13 0x55eb7125c023 <unknown>
#14 0x55eb7122a1aa <unknown>
#15 0x55eb712806b8 <unknown>
#16 0x55eb71280847 <unknown>
#17 0x55eb71290243 <unknown>
#18 0x7f53bd2aa4f8 <unknown>

2025-09-19 14:29:39,054 - ERROR - Failed to set Selenium session: Message: session not created: This version of ChromeDriver only supports Chrome version 114
Current browser version is 7.6.3797.52 with binary path /usr/bin/vivaldi; For documentation on this error, please visit: https://www.selenium.dev/documentation/webdriver/troubleshooting/errors#sessionnotcreatedexception
Stacktrace:
#0 0x55eb712974e3 <unknown>
#1 0x55eb70fc6c76 <unknown>
#2 0x55eb70ff404a <unknown>
#3 0x55eb70fef4a1 <unknown>
#4 0x55eb70fec029 <unknown>
#5 0x55eb7102accc <unknown>
#6 0x55eb7102a47f <unknown>
#7 0x55eb71021de3 <unknown>
#8 0x55eb70ff72dd <unknown>
#9 0x55eb70ff834e <unknown>
#10 0x55eb712573e4 <unknown>
#11 0x55eb7125b3d7 <unknown>
#12 0x55eb71265b20 <unknown>
#13 0x55eb7125c023 <unknown>
#14 0x55eb7122a1aa <unknown>
#15 0x55eb712806b8 <unknown>
#16 0x55eb71280847 <unknown>
#17 0x55eb71290243 <unknown>
#18 0x7f53bd2aa4f8 <unknown>

2025-09-19 14:29:39,054 - INFO - Job Acceptance Engine initialized
2025-09-19 14:29:39,054 - INFO - Job Cancellation Manager initialized
2025-09-19 14:29:39,055 - INFO - Loaded job state: current job None ($0.00)
2025-09-19 14:29:39,055 - INFO - Cancellation enabled: True
2025-09-19 14:29:39,055 - INFO - Minimum improvement ratio: 2.0x
2025-09-19 14:29:39,055 - INFO - Extreme value threshold: $1000.0
2025-09-19 14:29:39,055 - INFO - GengoWatcher v2.1.5 initialized.
2025-09-19 14:29:39,055 - DEBUG - Checking if config is complete.
2025-09-19 14:29:39,055 - DEBUG - Starting watcher parent thread.
2025-09-19 14:29:39,055 - INFO - Watcher parent thread started. Launching monitors...
2025-09-19 14:29:39,055 - DEBUG - Starting RSS monitor thread.
2025-09-19 14:29:39,055 - INFO - RSS monitor thread started.
2025-09-19 14:29:39,055 - DEBUG - Starting WebSocket monitor thread.
2025-09-19 14:29:39,055 - DEBUG - Waiting for next RSS check: 0.00s (paused=False)
2025-09-19 14:29:39,056 - DEBUG - Running websocket logic (asyncio.run)
2025-09-19 14:29:39,060 - DEBUG - RSS check triggered.
2025-09-19 14:29:39,064 - DEBUG - Attempting WebSocket connection to wss://live-dashboard.gengo.com
2025-09-19 14:29:39,064 - DEBUG - Fetching RSS feed: https://gengo.com/rss/available_jobs/6d9668ab271c486e52eb4d37b876cabd5a1cf2da958b7004205163 with headers: {}
2025-09-19 14:29:39,433 - DEBUG - WebSocket: Sending auth payload: {'user_id': 789487, 'user_session': '862558fe249ad263d0315566dba54bb5da9bab17'}
2025-09-19 14:29:39,433 - INFO - WebSocket connection is live and listening.
2025-09-19 14:29:39,612 - DEBUG - RSS feed fetched successfully. Entries: 0
2025-09-19 14:29:39,612 - DEBUG - Processing 0 RSS entries.
2025-09-19 14:29:39,612 - DEBUG - Waiting for next RSS check: 31.00s (paused=False)
2025-09-19 14:29:44,438 - DEBUG - WebSocket: No message received immediately after authentication.
2025-09-19 14:29:44,438 - DEBUG - WebSocket: Test command monitor started.
2025-09-19 14:30:10,612 - DEBUG - RSS check triggered.
2025-09-19 14:30:10,612 - DEBUG - Fetching RSS feed: https://gengo.com/rss/available_jobs/6d9668ab271c486e52eb4d37b876cabd5a1cf2da958b7004205163 with headers: {}
2025-09-19 14:30:11,313 - DEBUG - RSS feed fetched successfully. Entries: 0
2025-09-19 14:30:11,313 - DEBUG - Processing 0 RSS entries.
2025-09-19 14:30:11,313 - DEBUG - Waiting for next RSS check: 31.00s (paused=False)
2025-09-19 14:30:42,313 - DEBUG - RSS check triggered.
2025-09-19 14:30:42,313 - DEBUG - Fetching RSS feed: https://gengo.com/rss/available_jobs/6d9668ab271c486e52eb4d37b876cabd5a1cf2da958b7004205163 with headers: {}
2025-09-19 14:30:42,881 - DEBUG - RSS feed fetched successfully. Entries: 0
2025-09-19 14:30:42,881 - DEBUG - Processing 0 RSS entries.
2025-09-19 14:30:42,881 - DEBUG - Waiting for next RSS check: 31.00s (paused=False)
2025-09-19 14:31:13,881 - DEBUG - RSS check triggered.
2025-09-19 14:31:13,881 - DEBUG - Fetching RSS feed: https://gengo.com/rss/available_jobs/6d9668ab271c486e52eb4d37b876cabd5a1cf2da958b7004205163 with headers: {}
2025-09-19 14:31:14,360 - DEBUG - RSS feed fetched successfully. Entries: 0
2025-09-19 14:31:14,360 - DEBUG - Processing 0 RSS entries.
2025-09-19 14:31:14,360 - DEBUG - Waiting for next RSS check: 31.00s (paused=False)
2025-09-19 14:31:45,360 - DEBUG - RSS check triggered.
2025-09-19 14:31:45,360 - DEBUG - Fetching RSS feed: https://gengo.com/rss/available_jobs/6d9668ab271c486e52eb4d37b876cabd5a1cf2da958b7004205163 with headers: {}
2025-09-19 14:31:45,984 - DEBUG - RSS feed fetched successfully. Entries: 0
2025-09-19 14:31:45,984 - DEBUG - Processing 0 RSS entries.
2025-09-19 14:31:45,984 - DEBUG - Waiting for next RSS check: 31.00s (paused=False)
2025-09-19 14:32:16,985 - DEBUG - RSS check triggered.
2025-09-19 14:32:16,985 - DEBUG - Fetching RSS feed: https://gengo.com/rss/available_jobs/6d9668ab271c486e52eb4d37b876cabd5a1cf2da958b7004205163 with headers: {}
2025-09-19 14:32:17,646 - DEBUG - RSS feed fetched successfully. Entries: 0
2025-09-19 14:32:17,646 - DEBUG - Processing 0 RSS entries.
2025-09-19 14:32:17,646 - DEBUG - Waiting for next RSS check: 31.00s (paused=False)
2025-09-19 14:32:48,646 - DEBUG - RSS check triggered.
2025-09-19 14:32:48,646 - DEBUG - Fetching RSS feed: https://gengo.com/rss/available_jobs/6d9668ab271c486e52eb4d37b876cabd5a1cf2da958b7004205163 with headers: {}
2025-09-19 14:32:49,229 - DEBUG - RSS feed fetched successfully. Entries: 0
2025-09-19 14:32:49,229 - DEBUG - Processing 0 RSS entries.
2025-09-19 14:32:49,229 - DEBUG - Waiting for next RSS check: 31.00s (paused=False)
2025-09-19 14:33:20,229 - DEBUG - RSS check triggered.
2025-09-19 14:33:20,229 - DEBUG - Fetching RSS feed: https://gengo.com/rss/available_jobs/6d9668ab271c486e52eb4d37b876cabd5a1cf2da958b7004205163 with headers: {}
2025-09-19 14:33:20,689 - DEBUG - RSS feed fetched successfully. Entries: 0
2025-09-19 14:33:20,689 - DEBUG - Processing 0 RSS entries.
2025-09-19 14:33:20,689 - DEBUG - Waiting for next RSS check: 31.00s (paused=False)
2025-09-19 14:33:51,689 - DEBUG - RSS check triggered.
2025-09-19 14:33:51,690 - DEBUG - Fetching RSS feed: https://gengo.com/rss/available_jobs/6d9668ab271c486e52eb4d37b876cabd5a1cf2da958b7004205163 with headers: {}
2025-09-19 14:33:52,196 - DEBUG - RSS feed fetched successfully. Entries: 0
2025-09-19 14:33:52,196 - DEBUG - Processing 0 RSS entries.
2025-09-19 14:33:52,196 - DEBUG - Waiting for next RSS check: 31.00s (paused=False)
2025-09-19 14:34:23,197 - DEBUG - RSS check triggered.
2025-09-19 14:34:23,197 - DEBUG - Fetching RSS feed: https://gengo.com/rss/available_jobs/6d9668ab271c486e52eb4d37b876cabd5a1cf2da958b7004205163 with headers: {}
2025-09-19 14:34:23,717 - DEBUG - RSS feed fetched successfully. Entries: 0
2025-09-19 14:34:23,717 - DEBUG - Processing 0 RSS entries.
2025-09-19 14:34:23,717 - DEBUG - Waiting for next RSS check: 31.00s (paused=False)
2025-09-19 14:34:54,717 - DEBUG - RSS check triggered.
2025-09-19 14:34:54,718 - DEBUG - Fetching RSS feed: https://gengo.com/rss/available_jobs/6d9668ab271c486e52eb4d37b876cabd5a1cf2da958b7004205163 with headers: {}
2025-09-19 14:34:55,347 - DEBUG - RSS feed fetched successfully. Entries: 0
2025-09-19 14:34:55,347 - DEBUG - Processing 0 RSS entries.
2025-09-19 14:34:55,347 - DEBUG - Waiting for next RSS check: 31.00s (paused=False)
2025-09-19 14:35:26,347 - DEBUG - RSS check triggered.
2025-09-19 14:35:26,347 - DEBUG - Fetching RSS feed: https://gengo.com/rss/available_jobs/6d9668ab271c486e52eb4d37b876cabd5a1cf2da958b7004205163 with headers: {}
2025-09-19 14:35:26,972 - DEBUG - RSS feed fetched successfully. Entries: 0
2025-09-19 14:35:26,972 - DEBUG - Processing 0 RSS entries.
2025-09-19 14:35:26,972 - DEBUG - Waiting for next RSS check: 31.00s (paused=False)
2025-09-19 14:35:57,972 - DEBUG - RSS check triggered.
2025-09-19 14:35:57,972 - DEBUG - Fetching RSS feed: https://gengo.com/rss/available_jobs/6d9668ab271c486e52eb4d37b876cabd5a1cf2da958b7004205163 with headers: {}
2025-09-19 14:35:58,445 - DEBUG - RSS feed fetched successfully. Entries: 0
2025-09-19 14:35:58,445 - DEBUG - Processing 0 RSS entries.
2025-09-19 14:35:58,445 - DEBUG - Waiting for next RSS check: 31.00s (paused=False)
2025-09-19 14:36:29,445 - DEBUG - RSS check triggered.
2025-09-19 14:36:29,445 - DEBUG - Fetching RSS feed: https://gengo.com/rss/available_jobs/6d9668ab271c486e52eb4d37b876cabd5a1cf2da958b7004205163 with headers: {}
2025-09-19 14:36:29,919 - DEBUG - RSS feed fetched successfully. Entries: 0
2025-09-19 14:36:29,919 - DEBUG - Processing 0 RSS entries.
2025-09-19 14:36:29,920 - DEBUG - Waiting for next RSS check: 31.00s (paused=False)
2025-09-19 14:37:00,920 - DEBUG - RSS check triggered.
2025-09-19 14:37:00,920 - DEBUG - Fetching RSS feed: https://gengo.com/rss/available_jobs/6d9668ab271c486e52eb4d37b876cabd5a1cf2da958b7004205163 with headers: {}
2025-09-19 14:37:01,433 - DEBUG - RSS feed fetched successfully. Entries: 0
2025-09-19 14:37:01,434 - DEBUG - Processing 0 RSS entries.
2025-09-19 14:37:01,434 - DEBUG - Waiting for next RSS check: 31.00s (paused=False)
2025-09-19 14:37:32,434 - DEBUG - RSS check triggered.
2025-09-19 14:37:32,434 - DEBUG - Fetching RSS feed: https://gengo.com/rss/available_jobs/6d9668ab271c486e52eb4d37b876cabd5a1cf2da958b7004205163 with headers: {}
2025-09-19 14:37:32,949 - DEBUG - RSS feed fetched successfully. Entries: 0
2025-09-19 14:37:32,949 - DEBUG - Processing 0 RSS entries.
2025-09-19 14:37:32,949 - DEBUG - Waiting for next RSS check: 31.00s (paused=False)
2025-09-19 14:38:03,949 - DEBUG - RSS check triggered.
2025-09-19 14:38:03,949 - DEBUG - Fetching RSS feed: https://gengo.com/rss/available_jobs/6d9668ab271c486e52eb4d37b876cabd5a1cf2da958b7004205163 with headers: {}
2025-09-19 14:38:04,634 - DEBUG - RSS feed fetched successfully. Entries: 0
2025-09-19 14:38:04,634 - DEBUG - Processing 0 RSS entries.
2025-09-19 14:38:04,634 - DEBUG - Waiting for next RSS check: 31.00s (paused=False)
2025-09-19 14:38:35,635 - DEBUG - RSS check triggered.
2025-09-19 14:38:35,635 - DEBUG - Fetching RSS feed: https://gengo.com/rss/available_jobs/6d9668ab271c486e52eb4d37b876cabd5a1cf2da958b7004205163 with headers: {}
2025-09-19 14:38:36,089 - DEBUG - RSS feed fetched successfully. Entries: 0
2025-09-19 14:38:36,089 - DEBUG - Processing 0 RSS entries.
2025-09-19 14:38:36,089 - DEBUG - Waiting for next RSS check: 31.00s (paused=False)
2025-09-19 14:39:07,089 - DEBUG - RSS check triggered.
2025-09-19 14:39:07,089 - DEBUG - Fetching RSS feed: https://gengo.com/rss/available_jobs/6d9668ab271c486e52eb4d37b876cabd5a1cf2da958b7004205163 with headers: {}
2025-09-19 14:39:07,593 - DEBUG - RSS feed fetched successfully. Entries: 0
2025-09-19 14:39:07,593 - DEBUG - Processing 0 RSS entries.
2025-09-19 14:39:07,593 - DEBUG - Waiting for next RSS check: 31.00s (paused=False)
2025-09-19 14:39:38,593 - DEBUG - RSS check triggered.
2025-09-19 14:39:38,594 - DEBUG - Fetching RSS feed: https://gengo.com/rss/available_jobs/6d9668ab271c486e52eb4d37b876cabd5a1cf2da958b7004205163 with headers: {}
2025-09-19 14:39:39,044 - DEBUG - RSS feed fetched successfully. Entries: 0
2025-09-19 14:39:39,044 - DEBUG - Processing 0 RSS entries.
2025-09-19 14:39:39,044 - DEBUG - Waiting for next RSS check: 31.00s (paused=False)
2025-09-19 14:40:10,044 - DEBUG - RSS check triggered.
2025-09-19 14:40:10,045 - DEBUG - Fetching RSS feed: https://gengo.com/rss/available_jobs/6d9668ab271c486e52eb4d37b876cabd5a1cf2da958b7004205163 with headers: {}
2025-09-19 14:40:10,660 - DEBUG - RSS feed fetched successfully. Entries: 0
2025-09-19 14:40:10,660 - DEBUG - Processing 0 RSS entries.
2025-09-19 14:40:10,660 - DEBUG - Waiting for next RSS check: 31.00s (paused=False)
2025-09-19 14:40:41,660 - DEBUG - RSS check triggered.
2025-09-19 14:40:41,660 - DEBUG - Fetching RSS feed: https://gengo.com/rss/available_jobs/6d9668ab271c486e52eb4d37b876cabd5a1cf2da958b7004205163 with headers: {}
2025-09-19 14:40:42,115 - DEBUG - RSS feed fetched successfully. Entries: 0
2025-09-19 14:40:42,115 - DEBUG - Processing 0 RSS entries.
2025-09-19 14:40:42,115 - DEBUG - Waiting for next RSS check: 31.00s (paused=False)
2025-09-19 14:41:13,115 - DEBUG - RSS check triggered.
2025-09-19 14:41:13,115 - DEBUG - Fetching RSS feed: https://gengo.com/rss/available_jobs/6d9668ab271c486e52eb4d37b876cabd5a1cf2da958b7004205163 with headers: {}
2025-09-19 14:41:13,611 - DEBUG - RSS feed fetched successfully. Entries: 0
2025-09-19 14:41:13,611 - DEBUG - Processing 0 RSS entries.
2025-09-19 14:41:13,611 - DEBUG - Waiting for next RSS check: 31.00s (paused=False)
2025-09-19 14:41:44,611 - DEBUG - RSS check triggered.
2025-09-19 14:41:44,611 - DEBUG - Fetching RSS feed: https://gengo.com/rss/available_jobs/6d9668ab271c486e52eb4d37b876cabd5a1cf2da958b7004205163 with headers: {}
2025-09-19 14:41:45,423 - DEBUG - RSS feed fetched successfully. Entries: 0
2025-09-19 14:41:45,423 - DEBUG - Processing 0 RSS entries.
2025-09-19 14:41:45,423 - DEBUG - Waiting for next RSS check: 31.00s (paused=False)
2025-09-19 14:42:16,423 - DEBUG - RSS check triggered.
2025-09-19 14:42:16,423 - DEBUG - Fetching RSS feed: https://gengo.com/rss/available_jobs/6d9668ab271c486e52eb4d37b876cabd5a1cf2da958b7004205163 with headers: {}
2025-09-19 14:42:16,939 - DEBUG - RSS feed fetched successfully. Entries: 0
2025-09-19 14:42:16,939 - DEBUG - Processing 0 RSS entries.
2025-09-19 14:42:16,939 - DEBUG - Waiting for next RSS check: 31.00s (paused=False)
2025-09-19 14:42:47,939 - DEBUG - RSS check triggered.
2025-09-19 14:42:47,939 - DEBUG - Fetching RSS feed: https://gengo.com/rss/available_jobs/6d9668ab271c486e52eb4d37b876cabd5a1cf2da958b7004205163 with headers: {}
2025-09-19 14:42:48,524 - DEBUG - RSS feed fetched successfully. Entries: 0
2025-09-19 14:42:48,524 - DEBUG - Processing 0 RSS entries.
2025-09-19 14:42:48,525 - DEBUG - Waiting for next RSS check: 31.00s (paused=False)
2025-09-19 14:43:19,525 - DEBUG - RSS check triggered.
2025-09-19 14:43:19,525 - DEBUG - Fetching RSS feed: https://gengo.com/rss/available_jobs/6d9668ab271c486e52eb4d37b876cabd5a1cf2da958b7004205163 with headers: {}
2025-09-19 14:43:20,088 - DEBUG - RSS feed fetched successfully. Entries: 0
2025-09-19 14:43:20,088 - DEBUG - Processing 0 RSS entries.
2025-09-19 14:43:20,088 - DEBUG - Waiting for next RSS check: 31.00s (paused=False)
2025-09-19 14:43:51,089 - DEBUG - RSS check triggered.
2025-09-19 14:43:51,089 - DEBUG - Fetching RSS feed: https://gengo.com/rss/available_jobs/6d9668ab271c486e52eb4d37b876cabd5a1cf2da958b7004205163 with headers: {}
2025-09-19 14:43:51,637 - DEBUG - RSS feed fetched successfully. Entries: 0
2025-09-19 14:43:51,637 - DEBUG - Processing 0 RSS entries.
2025-09-19 14:43:51,637 - DEBUG - Waiting for next RSS check: 31.00s (paused=False)
2025-09-19 14:44:10,795 - INFO - GengoWatcher shutting down...
2025-09-19 14:44:10,796 - INFO - Stopped CAPTCHA service monitoring
2025-09-19 14:44:10,796 - INFO - RSS monitor thread stopped.
2025-09-19 14:44:10,796 - INFO - Watcher parent thread shutting down.
2025-09-19 14:44:10,797 - INFO - GengoWatcher shutdown complete
2025-09-19 14:48:02,016 - INFO - [DIAG] websockets module path: /home/thomas/GengoWatcher/src/.venv/lib/python3.13/site-packages/websockets/__init__.py
2025-09-19 14:48:02,017 - INFO - [DIAG] websockets version: 11.0.3
2025-09-19 14:48:02,017 - INFO - [DIAG] asyncio module path: /usr/lib/python3.13/asyncio/__init__.py
2025-09-19 14:48:02,017 - DEBUG - Initializing GengoWatcher with config: {'Watcher': {'feed_url': 'https://gengo.com/rss/available_jobs/6d9668ab271c486e52eb4d37b876cabd5a1cf2da958b7004205163', 'check_interval': 31, 'min_reward': 0.0, 'enable_notifications': True, 'enable_sound': True, 'use_custom_user_agent': False}, 'WebSocket': {'enable_websocket': True, 'user_id': 789487, 'user_session': '862558fe249ad263d0315566dba54bb5da9bab17'}, 'Paths': {'sound_file': '/home/thomas/GengoWatcher/assets/alert.wav', 'log_file': 'logs/gengowatcher.log', 'notification_icon_path': '/home/thomas/GengoWatcher/assets/icon.ico', 'browser_path': '/usr/bin/vivaldi', 'browser_args': '--new-window {url}', 'all_entries_log': 'logs/all_entries.csv'}, 'Logging': {'log_max_bytes': 1000000, 'log_backup_count': 1000, 'log_main_enabled': True, 'log_all_entries_enabled': True}, 'Network': {'max_backoff': 300, 'user_agent_email': 'your_email@example.com'}, 'WebServer': {'enabled': True, 'host': '127.0.0.1', 'port': 8001, 'cors_origins': 'http://localhost:5173'}, 'AutoAccept': {'enabled': True, 'min_reward': 2.0, 'max_reward': 999999.0, 'job_sources': 'rss,websocket', 'accept_delay_min': 0, 'accept_delay_max': 0, 'browser_profile_path': '/usr/bin/vivaldi', 'notification_on_accept': True, 'log_acceptance': True, 'concurrent_submission': True, 'accept_click_probe_ms': 75, 'attempt_timeout_sec': 12, 'selenium_attempt_timeout_sec': 8}, 'Captcha': {'enabled': True, 'service': '2captcha', 'api_key': '5cb54aec85b0eb71413748c602dea1f5', 'max_retries': 3, 'retry_delay': 0, 'rate_limit': 60, 'rate_limit_window': 5, 'skip_on_v3_extraction_failure': True, 'recaptcha_v3_fallback_site_key': '6Lc6BAAAAAAAAAChqR2QwNcAAAAA', 'recaptcha_v3_default_action': 'job_acceptance', 'enable_browser_automation_fallback': True}, 'LocalCaptcha': {'preferred_solver': 'simple', 'tensorflow_model_path': 'models/captcha_model.h5'}, 'HighValue': {'threshold': 50.0, 'very_high_threshold': 1000.0, 'extreme_threshold': 5000.0, 'immediate_response': True, 'min_processing_delay': 0.001, 'max_per_day': 999, 'min_interval_seconds': 1, 'desktop_notifications': True, 'notify_on_missed': True, 'extreme_value_no_daily_limit': True, 'extreme_value_no_interval': True}, 'Cancellation': {'enabled': True, 'min_improvement_ratio': 2.0, 'extreme_threshold': 1000.0, 'auto_cancel_extreme_value': True}, 'SeleniumMonitoring': {'enable_live_dashboard': True, 'enable_list_refresh': True, 'refresh_interval_ms': 1500, 'headless': False}}
2025-09-19 14:48:02,017 - DEBUG - Setting up CSV logging.
2025-09-19 14:48:02,017 - DEBUG - CSV logging enabled at logs/all_entries.csv
2025-09-19 14:48:02,041 - ERROR - Failed to create plugin 2captcha: API key for 2captcha not found in secure storage
2025-09-19 14:48:02,041 - WARNING - Failed to initialize CAPTCHA solver for service: 2captcha
2025-09-19 14:48:02,041 - INFO - BrowserAutomationEngine initialized
2025-09-19 14:48:02,042 - INFO - Selenium Chrome binary set to: /usr/bin/vivaldi
2025-09-19 14:48:03,097 - ERROR - Failed to initialize Chrome WebDriver: Message: session not created: This version of ChromeDriver only supports Chrome version 114
Current browser version is 7.6.3797.52 with binary path /usr/bin/vivaldi; For documentation on this error, please visit: https://www.selenium.dev/documentation/webdriver/troubleshooting/errors#sessionnotcreatedexception
Stacktrace:
#0 0x55a62df844e3 <unknown>
#1 0x55a62dcb3c76 <unknown>
#2 0x55a62dce104a <unknown>
#3 0x55a62dcdc4a1 <unknown>
#4 0x55a62dcd9029 <unknown>
#5 0x55a62dd17ccc <unknown>
#6 0x55a62dd1747f <unknown>
#7 0x55a62dd0ede3 <unknown>
#8 0x55a62dce42dd <unknown>
#9 0x55a62dce534e <unknown>
#10 0x55a62df443e4 <unknown>
#11 0x55a62df483d7 <unknown>
#12 0x55a62df52b20 <unknown>
#13 0x55a62df49023 <unknown>
#14 0x55a62df171aa <unknown>
#15 0x55a62df6d6b8 <unknown>
#16 0x55a62df6d847 <unknown>
#17 0x55a62df7d243 <unknown>
#18 0x7f57a0aaa4f8 <unknown>

2025-09-19 14:48:03,097 - ERROR - Failed to set Selenium session: Message: session not created: This version of ChromeDriver only supports Chrome version 114
Current browser version is 7.6.3797.52 with binary path /usr/bin/vivaldi; For documentation on this error, please visit: https://www.selenium.dev/documentation/webdriver/troubleshooting/errors#sessionnotcreatedexception
Stacktrace:
#0 0x55a62df844e3 <unknown>
#1 0x55a62dcb3c76 <unknown>
#2 0x55a62dce104a <unknown>
#3 0x55a62dcdc4a1 <unknown>
#4 0x55a62dcd9029 <unknown>
#5 0x55a62dd17ccc <unknown>
#6 0x55a62dd1747f <unknown>
#7 0x55a62dd0ede3 <unknown>
#8 0x55a62dce42dd <unknown>
#9 0x55a62dce534e <unknown>
#10 0x55a62df443e4 <unknown>
#11 0x55a62df483d7 <unknown>
#12 0x55a62df52b20 <unknown>
#13 0x55a62df49023 <unknown>
#14 0x55a62df171aa <unknown>
#15 0x55a62df6d6b8 <unknown>
#16 0x55a62df6d847 <unknown>
#17 0x55a62df7d243 <unknown>
#18 0x7f57a0aaa4f8 <unknown>

2025-09-19 14:48:03,097 - INFO - Job Acceptance Engine initialized
2025-09-19 14:48:03,097 - INFO - Job Cancellation Manager initialized
2025-09-19 14:48:03,097 - INFO - Loaded job state: current job None ($0.00)
2025-09-19 14:48:03,097 - INFO - Cancellation enabled: True
2025-09-19 14:48:03,097 - INFO - Minimum improvement ratio: 2.0x
2025-09-19 14:48:03,097 - INFO - Extreme value threshold: $1000.0
2025-09-19 14:48:03,097 - INFO - GengoWatcher v2.1.5 initialized.
2025-09-19 14:48:03,097 - DEBUG - Checking if config is complete.
2025-09-19 14:48:03,097 - DEBUG - Starting watcher parent thread.
2025-09-19 14:48:03,097 - INFO - Watcher parent thread started. Launching monitors...
2025-09-19 14:48:03,097 - DEBUG - Starting RSS monitor thread.
2025-09-19 14:48:03,098 - DEBUG - Starting WebSocket monitor thread.
2025-09-19 14:48:03,098 - INFO - RSS monitor thread started.
2025-09-19 14:48:03,098 - DEBUG - Running websocket logic (asyncio.run)
2025-09-19 14:48:03,102 - DEBUG - Waiting for next RSS check: 0.00s (paused=False)
2025-09-19 14:48:03,106 - DEBUG - RSS check triggered.
2025-09-19 14:48:03,106 - DEBUG - Fetching RSS feed: https://gengo.com/rss/available_jobs/6d9668ab271c486e52eb4d37b876cabd5a1cf2da958b7004205163 with headers: {}
2025-09-19 14:48:03,106 - DEBUG - Attempting WebSocket connection to wss://live-dashboard.gengo.com
2025-09-19 14:48:03,474 - DEBUG - WebSocket: Sending auth payload: {'user_id': 789487, 'user_session': '862558fe249ad263d0315566dba54bb5da9bab17'}
2025-09-19 14:48:03,474 - INFO - WebSocket connection is live and listening.
2025-09-19 14:48:03,727 - DEBUG - RSS feed fetched successfully. Entries: 0
2025-09-19 14:48:03,727 - DEBUG - Processing 0 RSS entries.
2025-09-19 14:48:03,728 - DEBUG - Waiting for next RSS check: 31.00s (paused=False)
2025-09-19 14:48:08,480 - DEBUG - WebSocket: No message received immediately after authentication.
2025-09-19 14:48:08,480 - DEBUG - WebSocket: Test command monitor started.
2025-09-19 14:48:34,728 - DEBUG - RSS check triggered.
2025-09-19 14:48:34,728 - DEBUG - Fetching RSS feed: https://gengo.com/rss/available_jobs/6d9668ab271c486e52eb4d37b876cabd5a1cf2da958b7004205163 with headers: {}
2025-09-19 14:48:35,190 - DEBUG - RSS feed fetched successfully. Entries: 0
2025-09-19 14:48:35,190 - DEBUG - Processing 0 RSS entries.
2025-09-19 14:48:35,190 - DEBUG - Waiting for next RSS check: 31.00s (paused=False)
2025-09-19 14:49:06,190 - DEBUG - RSS check triggered.
2025-09-19 14:49:06,191 - DEBUG - Fetching RSS feed: https://gengo.com/rss/available_jobs/6d9668ab271c486e52eb4d37b876cabd5a1cf2da958b7004205163 with headers: {}
2025-09-19 14:49:06,700 - DEBUG - RSS feed fetched successfully. Entries: 0
2025-09-19 14:49:06,700 - DEBUG - Processing 0 RSS entries.
2025-09-19 14:49:06,700 - DEBUG - Waiting for next RSS check: 31.00s (paused=False)
2025-09-19 14:49:35,252 - INFO - GengoWatcher shutting down...
2025-09-19 14:49:35,252 - INFO - Stopped CAPTCHA service monitoring
2025-09-19 14:49:35,252 - INFO - RSS monitor thread stopped.
2025-09-19 14:49:35,252 - INFO - Watcher parent thread shutting down.
2025-09-19 14:49:35,253 - INFO - GengoWatcher shutdown complete
2025-09-19 14:49:44,930 - INFO - [DIAG] websockets module path: /home/thomas/GengoWatcher/src/.venv/lib/python3.13/site-packages/websockets/__init__.py
2025-09-19 14:49:44,930 - INFO - [DIAG] websockets version: 11.0.3
2025-09-19 14:49:44,930 - INFO - [DIAG] asyncio module path: /usr/lib/python3.13/asyncio/__init__.py
2025-09-19 14:49:44,930 - DEBUG - Initializing GengoWatcher with config: {'Watcher': {'feed_url': 'https://gengo.com/rss/available_jobs/6d9668ab271c486e52eb4d37b876cabd5a1cf2da958b7004205163', 'check_interval': 31, 'min_reward': 0.0, 'enable_notifications': True, 'enable_sound': True, 'use_custom_user_agent': False}, 'WebSocket': {'enable_websocket': True, 'user_id': 789487, 'user_session': '862558fe249ad263d0315566dba54bb5da9bab17'}, 'Paths': {'sound_file': '/home/thomas/GengoWatcher/assets/alert.wav', 'log_file': 'logs/gengowatcher.log', 'notification_icon_path': '/home/thomas/GengoWatcher/assets/icon.ico', 'browser_path': '/usr/bin/vivaldi', 'browser_args': '--new-window {url}', 'all_entries_log': 'logs/all_entries.csv'}, 'Logging': {'log_max_bytes': 1000000, 'log_backup_count': 1000, 'log_main_enabled': True, 'log_all_entries_enabled': True}, 'Network': {'max_backoff': 300, 'user_agent_email': 'your_email@example.com'}, 'WebServer': {'enabled': True, 'host': '127.0.0.1', 'port': 8001, 'cors_origins': 'http://localhost:5173'}, 'AutoAccept': {'enabled': True, 'min_reward': 2.0, 'max_reward': 999999.0, 'job_sources': 'rss,websocket', 'accept_delay_min': 0, 'accept_delay_max': 0, 'browser_profile_path': '/usr/bin/vivaldi', 'notification_on_accept': True, 'log_acceptance': True, 'concurrent_submission': True, 'accept_click_probe_ms': 75, 'attempt_timeout_sec': 12, 'selenium_attempt_timeout_sec': 8}, 'Captcha': {'enabled': True, 'service': '2captcha', 'api_key': '5cb54aec85b0eb71413748c602dea1f5', 'max_retries': 3, 'retry_delay': 0, 'rate_limit': 60, 'rate_limit_window': 5, 'skip_on_v3_extraction_failure': True, 'recaptcha_v3_fallback_site_key': '6Lc6BAAAAAAAAAChqR2QwNcAAAAA', 'recaptcha_v3_default_action': 'job_acceptance', 'enable_browser_automation_fallback': True}, 'LocalCaptcha': {'preferred_solver': 'simple', 'tensorflow_model_path': 'models/captcha_model.h5'}, 'HighValue': {'threshold': 50.0, 'very_high_threshold': 1000.0, 'extreme_threshold': 5000.0, 'immediate_response': True, 'min_processing_delay': 0.001, 'max_per_day': 999, 'min_interval_seconds': 1, 'desktop_notifications': True, 'notify_on_missed': True, 'extreme_value_no_daily_limit': True, 'extreme_value_no_interval': True}, 'Cancellation': {'enabled': True, 'min_improvement_ratio': 2.0, 'extreme_threshold': 1000.0, 'auto_cancel_extreme_value': True}, 'SeleniumMonitoring': {'enable_live_dashboard': True, 'enable_list_refresh': True, 'refresh_interval_ms': 1500, 'headless': False}}
2025-09-19 14:49:44,930 - DEBUG - Setting up CSV logging.
2025-09-19 14:49:44,930 - DEBUG - CSV logging enabled at logs/all_entries.csv
2025-09-19 14:49:44,954 - ERROR - Failed to create plugin 2captcha: API key for 2captcha not found in secure storage
2025-09-19 14:49:44,955 - WARNING - Failed to initialize CAPTCHA solver for service: 2captcha
2025-09-19 14:49:44,955 - INFO - BrowserAutomationEngine initialized
2025-09-19 14:49:44,955 - INFO - Selenium Chrome binary set to: /usr/bin/vivaldi
2025-09-19 14:49:45,869 - ERROR - Failed to initialize Chrome WebDriver: Message: session not created: This version of ChromeDriver only supports Chrome version 114
Current browser version is 7.6.3797.52 with binary path /usr/bin/vivaldi; For documentation on this error, please visit: https://www.selenium.dev/documentation/webdriver/troubleshooting/errors#sessionnotcreatedexception
Stacktrace:
#0 0x55b4eddbc4e3 <unknown>
#1 0x55b4edaebc76 <unknown>
#2 0x55b4edb1904a <unknown>
#3 0x55b4edb144a1 <unknown>
#4 0x55b4edb11029 <unknown>
#5 0x55b4edb4fccc <unknown>
#6 0x55b4edb4f47f <unknown>
#7 0x55b4edb46de3 <unknown>
#8 0x55b4edb1c2dd <unknown>
#9 0x55b4edb1d34e <unknown>
#10 0x55b4edd7c3e4 <unknown>
#11 0x55b4edd803d7 <unknown>
#12 0x55b4edd8ab20 <unknown>
#13 0x55b4edd81023 <unknown>
#14 0x55b4edd4f1aa <unknown>
#15 0x55b4edda56b8 <unknown>
#16 0x55b4edda5847 <unknown>
#17 0x55b4eddb5243 <unknown>
#18 0x7f4d1c2aa4f8 <unknown>

2025-09-19 14:49:45,869 - ERROR - Failed to set Selenium session: Message: session not created: This version of ChromeDriver only supports Chrome version 114
Current browser version is 7.6.3797.52 with binary path /usr/bin/vivaldi; For documentation on this error, please visit: https://www.selenium.dev/documentation/webdriver/troubleshooting/errors#sessionnotcreatedexception
Stacktrace:
#0 0x55b4eddbc4e3 <unknown>
#1 0x55b4edaebc76 <unknown>
#2 0x55b4edb1904a <unknown>
#3 0x55b4edb144a1 <unknown>
#4 0x55b4edb11029 <unknown>
#5 0x55b4edb4fccc <unknown>
#6 0x55b4edb4f47f <unknown>
#7 0x55b4edb46de3 <unknown>
#8 0x55b4edb1c2dd <unknown>
#9 0x55b4edb1d34e <unknown>
#10 0x55b4edd7c3e4 <unknown>
#11 0x55b4edd803d7 <unknown>
#12 0x55b4edd8ab20 <unknown>
#13 0x55b4edd81023 <unknown>
#14 0x55b4edd4f1aa <unknown>
#15 0x55b4edda56b8 <unknown>
#16 0x55b4edda5847 <unknown>
#17 0x55b4eddb5243 <unknown>
#18 0x7f4d1c2aa4f8 <unknown>

2025-09-19 14:49:45,869 - INFO - Job Acceptance Engine initialized
2025-09-19 14:49:45,869 - INFO - Job Cancellation Manager initialized
2025-09-19 14:49:45,869 - INFO - Loaded job state: current job None ($0.00)
2025-09-19 14:49:45,869 - INFO - Cancellation enabled: True
2025-09-19 14:49:45,869 - INFO - Minimum improvement ratio: 2.0x
2025-09-19 14:49:45,869 - INFO - Extreme value threshold: $1000.0
2025-09-19 14:49:45,869 - INFO - GengoWatcher v2.1.5 initialized.
2025-09-19 14:49:45,869 - DEBUG - Prompting for config values interactively.
2025-09-19 14:49:55,713 - DEBUG - Setting config value: [WebServer] auth_token = 123
2025-09-19 14:49:55,714 - INFO - Config updated: [WebServer] auth_token = 123
2025-09-19 14:51:03,712 - DEBUG - Setting config value: [SeleniumMonitoring] chrome_binary_path = /usr/bin/chromium
2025-09-19 14:51:03,712 - INFO - Config updated: [SeleniumMonitoring] chrome_binary_path = /usr/bin/chromium
2025-09-19 14:51:03,712 - INFO - Config interactive prompt complete.
2025-09-19 14:52:23,704 - INFO - [DIAG] websockets module path: /home/thomas/GengoWatcher/src/.venv/lib/python3.13/site-packages/websockets/__init__.py
2025-09-19 14:52:23,704 - INFO - [DIAG] websockets version: 11.0.3
2025-09-19 14:52:23,704 - INFO - [DIAG] asyncio module path: /usr/lib/python3.13/asyncio/__init__.py
2025-09-19 14:52:23,705 - DEBUG - Initializing GengoWatcher with config: {'Watcher': {'feed_url': 'https://gengo.com/rss/available_jobs/6d9668ab271c486e52eb4d37b876cabd5a1cf2da958b7004205163', 'check_interval': 31, 'min_reward': 0.0, 'enable_notifications': True, 'enable_sound': True, 'use_custom_user_agent': False}, 'WebSocket': {'enable_websocket': True, 'user_id': 789487, 'user_session': '862558fe249ad263d0315566dba54bb5da9bab17'}, 'Paths': {'sound_file': '/home/thomas/GengoWatcher/assets/alert.wav', 'log_file': 'logs/gengowatcher.log', 'notification_icon_path': '/home/thomas/GengoWatcher/assets/icon.ico', 'browser_path': '/usr/bin/vivaldi', 'browser_args': '--new-window {url}', 'all_entries_log': 'logs/all_entries.csv'}, 'Logging': {'log_max_bytes': 1000000, 'log_backup_count': 1000, 'log_main_enabled': True, 'log_all_entries_enabled': True}, 'Network': {'max_backoff': 300, 'user_agent_email': 'your_email@example.com'}, 'WebServer': {'enabled': True, 'host': '127.0.0.1', 'port': 8001, 'cors_origins': 'http://localhost:5173'}, 'AutoAccept': {'enabled': True, 'min_reward': 2.0, 'max_reward': 999999.0, 'job_sources': 'rss,websocket', 'accept_delay_min': 0, 'accept_delay_max': 0, 'browser_profile_path': '/usr/bin/vivaldi', 'notification_on_accept': True, 'log_acceptance': True, 'concurrent_submission': True, 'accept_click_probe_ms': 75, 'attempt_timeout_sec': 12, 'selenium_attempt_timeout_sec': 8}, 'Captcha': {'enabled': True, 'service': '2captcha', 'api_key': '5cb54aec85b0eb71413748c602dea1f5', 'max_retries': 3, 'retry_delay': 0, 'rate_limit': 60, 'rate_limit_window': 5, 'skip_on_v3_extraction_failure': True, 'recaptcha_v3_fallback_site_key': '6Lc6BAAAAAAAAAChqR2QwNcAAAAA', 'recaptcha_v3_default_action': 'job_acceptance', 'enable_browser_automation_fallback': True}, 'LocalCaptcha': {'preferred_solver': 'simple', 'tensorflow_model_path': 'models/captcha_model.h5'}, 'HighValue': {'threshold': 50.0, 'very_high_threshold': 1000.0, 'extreme_threshold': 5000.0, 'immediate_response': True, 'min_processing_delay': 0.001, 'max_per_day': 999, 'min_interval_seconds': 1, 'desktop_notifications': True, 'notify_on_missed': True, 'extreme_value_no_daily_limit': True, 'extreme_value_no_interval': True}, 'Cancellation': {'enabled': True, 'min_improvement_ratio': 2.0, 'extreme_threshold': 1000.0, 'auto_cancel_extreme_value': True}, 'SeleniumMonitoring': {'enable_live_dashboard': True, 'enable_list_refresh': True, 'refresh_interval_ms': 1500, 'headless': False}}
2025-09-19 14:52:23,705 - DEBUG - Setting up CSV logging.
2025-09-19 14:52:23,705 - DEBUG - CSV logging enabled at logs/all_entries.csv
2025-09-19 14:52:23,730 - ERROR - Failed to create plugin 2captcha: API key for 2captcha not found in secure storage
2025-09-19 14:52:23,730 - WARNING - Failed to initialize CAPTCHA solver for service: 2captcha
2025-09-19 14:52:23,730 - INFO - BrowserAutomationEngine initialized
2025-09-19 14:52:23,730 - INFO - Selenium Chrome binary set to: /usr/bin/vivaldi
2025-09-19 14:52:24,834 - ERROR - Failed to initialize Chrome WebDriver: Message: session not created: This version of ChromeDriver only supports Chrome version 114
Current browser version is 7.6.3797.52 with binary path /usr/bin/vivaldi; For documentation on this error, please visit: https://www.selenium.dev/documentation/webdriver/troubleshooting/errors#sessionnotcreatedexception
Stacktrace:
#0 0x559786bd84e3 <unknown>
#1 0x559786907c76 <unknown>
#2 0x55978693504a <unknown>
#3 0x5597869304a1 <unknown>
#4 0x55978692d029 <unknown>
#5 0x55978696bccc <unknown>
#6 0x55978696b47f <unknown>
#7 0x559786962de3 <unknown>
#8 0x5597869382dd <unknown>
#9 0x55978693934e <unknown>
#10 0x559786b983e4 <unknown>
#11 0x559786b9c3d7 <unknown>
#12 0x559786ba6b20 <unknown>
#13 0x559786b9d023 <unknown>
#14 0x559786b6b1aa <unknown>
#15 0x559786bc16b8 <unknown>
#16 0x559786bc1847 <unknown>
#17 0x559786bd1243 <unknown>
#18 0x7f04aa4aa4f8 <unknown>

2025-09-19 14:52:24,834 - ERROR - Failed to set Selenium session: Message: session not created: This version of ChromeDriver only supports Chrome version 114
Current browser version is 7.6.3797.52 with binary path /usr/bin/vivaldi; For documentation on this error, please visit: https://www.selenium.dev/documentation/webdriver/troubleshooting/errors#sessionnotcreatedexception
Stacktrace:
#0 0x559786bd84e3 <unknown>
#1 0x559786907c76 <unknown>
#2 0x55978693504a <unknown>
#3 0x5597869304a1 <unknown>
#4 0x55978692d029 <unknown>
#5 0x55978696bccc <unknown>
#6 0x55978696b47f <unknown>
#7 0x559786962de3 <unknown>
#8 0x5597869382dd <unknown>
#9 0x55978693934e <unknown>
#10 0x559786b983e4 <unknown>
#11 0x559786b9c3d7 <unknown>
#12 0x559786ba6b20 <unknown>
#13 0x559786b9d023 <unknown>
#14 0x559786b6b1aa <unknown>
#15 0x559786bc16b8 <unknown>
#16 0x559786bc1847 <unknown>
#17 0x559786bd1243 <unknown>
#18 0x7f04aa4aa4f8 <unknown>

2025-09-19 14:52:24,834 - INFO - Job Acceptance Engine initialized
2025-09-19 14:52:24,834 - INFO - Job Cancellation Manager initialized
2025-09-19 14:52:24,835 - INFO - Loaded job state: current job None ($0.00)
2025-09-19 14:52:24,835 - INFO - Cancellation enabled: True
2025-09-19 14:52:24,835 - INFO - Minimum improvement ratio: 2.0x
2025-09-19 14:52:24,835 - INFO - Extreme value threshold: $1000.0
2025-09-19 14:52:24,835 - INFO - GengoWatcher v2.1.5 initialized.
2025-09-19 14:52:24,835 - DEBUG - Listing all config values: {'Watcher': {'feed_url': 'https://gengo.com/rss/available_jobs/6d9668ab271c486e52eb4d37b876cabd5a1cf2da958b7004205163', 'check_interval': '31', 'min_reward': '0.0', 'enable_notifications': 'True', 'enable_sound': 'True', 'use_custom_user_agent': 'False'}, 'WebSocket': {'enable_websocket': 'True', 'user_id': '789487', 'user_session': '862558fe249ad263d0315566dba54bb5da9bab17'}, 'Paths': {'sound_file': '/home/thomas/GengoWatcher/assets/alert.wav', 'log_file': 'logs/gengowatcher.log', 'notification_icon_path': '/home/thomas/GengoWatcher/assets/icon.ico', 'browser_path': '/usr/bin/vivaldi', 'browser_args': '--new-window {url}', 'all_entries_log': 'logs/all_entries.csv'}, 'Logging': {'log_max_bytes': '1000000', 'log_backup_count': '1000', 'log_main_enabled': 'True', 'log_all_entries_enabled': 'True'}, 'Network': {'max_backoff': '300', 'user_agent_email': 'your_email@example.com'}, 'WebServer': {'enabled': 'True', 'port': '8001', 'host': '127.0.0.1', 'auth_token': '123', 'cors_origins': 'http://localhost:5173'}, 'AutoAccept': {'enabled': 'True', 'min_reward': '2.0', 'max_reward': '999999.0', 'job_sources': 'rss,websocket', 'accept_delay_min': '0', 'accept_delay_max': '0', 'browser_profile_path': '/usr/bin/vivaldi', 'notification_on_accept': 'True', 'log_acceptance': 'True', 'concurrent_submission': 'True', 'accept_click_probe_ms': '75', 'attempt_timeout_sec': '12', 'selenium_attempt_timeout_sec': '8'}, 'Captcha': {'enabled': 'True', 'service': '2captcha', 'api_key': '5cb54aec85b0eb71413748c602dea1f5', 'max_retries': '3', 'retry_delay': '0', 'rate_limit': '60', 'rate_limit_window': '5', 'skip_on_v3_extraction_failure': 'True', 'recaptcha_v3_fallback_site_key': '6Lc6BAAAAAAAAAChqR2QwNcAAAAA', 'recaptcha_v3_default_action': 'job_acceptance', 'enable_browser_automation_fallback': 'True'}, 'RateLimit': {'max_acceptances_per_hour': '50', 'max_acceptances_per_day': '200', 'min_delay_between_acceptances': '60', 'burst_limit': '5', 'burst_window': '300'}, 'LocalCaptcha': {'preferred_solver': 'simple', 'tensorflow_model_path': 'models/captcha_model.h5'}, 'HighValue': {'threshold': '50.0', 'very_high_threshold': '1000.0', 'extreme_threshold': '5000.0', 'immediate_response': 'True', 'min_processing_delay': '0.001', 'max_per_day': '999', 'min_interval_seconds': '1', 'desktop_notifications': 'True', 'notify_on_missed': 'True', 'extreme_value_no_daily_limit': 'True', 'extreme_value_no_interval': 'True'}, 'Cancellation': {'enabled': 'True', 'min_improvement_ratio': '2.0', 'extreme_threshold': '1000.0', 'auto_cancel_extreme_value': 'True'}, 'SeleniumMonitoring': {'headless': 'False', 'enable_live_dashboard': 'True', 'enable_list_refresh': 'True', 'refresh_interval_ms': '1500', 'chrome_binary_path': '/usr/bin/chromium'}}
2025-09-19 14:53:56,354 - INFO - [DIAG] websockets module path: /home/thomas/GengoWatcher/src/.venv/lib/python3.13/site-packages/websockets/__init__.py
2025-09-19 14:53:56,354 - INFO - [DIAG] websockets version: 11.0.3
2025-09-19 14:53:56,354 - INFO - [DIAG] asyncio module path: /usr/lib/python3.13/asyncio/__init__.py
2025-09-19 14:53:56,354 - DEBUG - Initializing GengoWatcher with config: {'Watcher': {'feed_url': 'https://gengo.com/rss/available_jobs/6d9668ab271c486e52eb4d37b876cabd5a1cf2da958b7004205163', 'check_interval': 31, 'min_reward': 0.0, 'enable_notifications': True, 'enable_sound': True, 'use_custom_user_agent': False}, 'WebSocket': {'enable_websocket': True, 'user_id': 789487, 'user_session': '862558fe249ad263d0315566dba54bb5da9bab17'}, 'Paths': {'sound_file': '/home/thomas/GengoWatcher/assets/alert.wav', 'log_file': 'logs/gengowatcher.log', 'notification_icon_path': '/home/thomas/GengoWatcher/assets/icon.ico', 'browser_path': '/usr/bin/vivaldi', 'browser_args': '--new-window {url}', 'all_entries_log': 'logs/all_entries.csv'}, 'Logging': {'log_max_bytes': 1000000, 'log_backup_count': 1000, 'log_main_enabled': True, 'log_all_entries_enabled': True}, 'Network': {'max_backoff': 300, 'user_agent_email': 'your_email@example.com'}, 'WebServer': {'enabled': True, 'host': '127.0.0.1', 'port': 8001, 'cors_origins': 'http://localhost:5173'}, 'AutoAccept': {'enabled': True, 'min_reward': 2.0, 'max_reward': 999999.0, 'job_sources': 'rss,websocket', 'accept_delay_min': 0, 'accept_delay_max': 0, 'browser_profile_path': '/usr/bin/vivaldi', 'notification_on_accept': True, 'log_acceptance': True, 'concurrent_submission': True, 'accept_click_probe_ms': 75, 'attempt_timeout_sec': 12, 'selenium_attempt_timeout_sec': 8}, 'Captcha': {'enabled': True, 'service': '2captcha', 'api_key': '5cb54aec85b0eb71413748c602dea1f5', 'max_retries': 3, 'retry_delay': 0, 'rate_limit': 60, 'rate_limit_window': 5, 'skip_on_v3_extraction_failure': True, 'recaptcha_v3_fallback_site_key': '6Lc6BAAAAAAAAAChqR2QwNcAAAAA', 'recaptcha_v3_default_action': 'job_acceptance', 'enable_browser_automation_fallback': True}, 'LocalCaptcha': {'preferred_solver': 'simple', 'tensorflow_model_path': 'models/captcha_model.h5'}, 'HighValue': {'threshold': 50.0, 'very_high_threshold': 1000.0, 'extreme_threshold': 5000.0, 'immediate_response': True, 'min_processing_delay': 0.001, 'max_per_day': 999, 'min_interval_seconds': 1, 'desktop_notifications': True, 'notify_on_missed': True, 'extreme_value_no_daily_limit': True, 'extreme_value_no_interval': True}, 'Cancellation': {'enabled': True, 'min_improvement_ratio': 2.0, 'extreme_threshold': 1000.0, 'auto_cancel_extreme_value': True}, 'SeleniumMonitoring': {'enable_live_dashboard': True, 'enable_list_refresh': True, 'refresh_interval_ms': 1500, 'headless': False}}
2025-09-19 14:53:56,354 - DEBUG - Setting up CSV logging.
2025-09-19 14:53:56,354 - DEBUG - CSV logging enabled at logs/all_entries.csv
2025-09-19 14:53:56,379 - ERROR - Failed to create plugin 2captcha: API key for 2captcha not found in secure storage
2025-09-19 14:53:56,379 - WARNING - Failed to initialize CAPTCHA solver for service: 2captcha
2025-09-19 14:53:56,379 - INFO - BrowserAutomationEngine initialized
2025-09-19 14:53:56,379 - INFO - Selenium Chrome binary set to: /usr/bin/vivaldi
2025-09-19 14:53:57,380 - ERROR - Failed to initialize Chrome WebDriver: Message: session not created: This version of ChromeDriver only supports Chrome version 114
Current browser version is 7.6.3797.52 with binary path /usr/bin/vivaldi; For documentation on this error, please visit: https://www.selenium.dev/documentation/webdriver/troubleshooting/errors#sessionnotcreatedexception
Stacktrace:
#0 0x55f8553f44e3 <unknown>
#1 0x55f855123c76 <unknown>
#2 0x55f85515104a <unknown>
#3 0x55f85514c4a1 <unknown>
#4 0x55f855149029 <unknown>
#5 0x55f855187ccc <unknown>
#6 0x55f85518747f <unknown>
#7 0x55f85517ede3 <unknown>
#8 0x55f8551542dd <unknown>
#9 0x55f85515534e <unknown>
#10 0x55f8553b43e4 <unknown>
#11 0x55f8553b83d7 <unknown>
#12 0x55f8553c2b20 <unknown>
#13 0x55f8553b9023 <unknown>
#14 0x55f8553871aa <unknown>
#15 0x55f8553dd6b8 <unknown>
#16 0x55f8553dd847 <unknown>
#17 0x55f8553ed243 <unknown>
#18 0x7f6e53aaa4f8 <unknown>

2025-09-19 14:53:57,380 - ERROR - Failed to set Selenium session: Message: session not created: This version of ChromeDriver only supports Chrome version 114
Current browser version is 7.6.3797.52 with binary path /usr/bin/vivaldi; For documentation on this error, please visit: https://www.selenium.dev/documentation/webdriver/troubleshooting/errors#sessionnotcreatedexception
Stacktrace:
#0 0x55f8553f44e3 <unknown>
#1 0x55f855123c76 <unknown>
#2 0x55f85515104a <unknown>
#3 0x55f85514c4a1 <unknown>
#4 0x55f855149029 <unknown>
#5 0x55f855187ccc <unknown>
#6 0x55f85518747f <unknown>
#7 0x55f85517ede3 <unknown>
#8 0x55f8551542dd <unknown>
#9 0x55f85515534e <unknown>
#10 0x55f8553b43e4 <unknown>
#11 0x55f8553b83d7 <unknown>
#12 0x55f8553c2b20 <unknown>
#13 0x55f8553b9023 <unknown>
#14 0x55f8553871aa <unknown>
#15 0x55f8553dd6b8 <unknown>
#16 0x55f8553dd847 <unknown>
#17 0x55f8553ed243 <unknown>
#18 0x7f6e53aaa4f8 <unknown>

2025-09-19 14:53:57,380 - INFO - Job Acceptance Engine initialized
2025-09-19 14:53:57,380 - INFO - Job Cancellation Manager initialized
2025-09-19 14:53:57,380 - INFO - Loaded job state: current job None ($0.00)
2025-09-19 14:53:57,380 - INFO - Cancellation enabled: True
2025-09-19 14:53:57,380 - INFO - Minimum improvement ratio: 2.0x
2025-09-19 14:53:57,380 - INFO - Extreme value threshold: $1000.0
2025-09-19 14:53:57,380 - INFO - GengoWatcher v2.1.5 initialized.
2025-09-19 14:53:57,380 - DEBUG - Checking if config is complete.
2025-09-19 14:53:57,380 - DEBUG - Starting watcher parent thread.
2025-09-19 14:53:57,380 - INFO - Watcher parent thread started. Launching monitors...
2025-09-19 14:53:57,381 - DEBUG - Starting RSS monitor thread.
2025-09-19 14:53:57,385 - INFO - RSS monitor thread started.
2025-09-19 14:53:57,385 - DEBUG - Starting WebSocket monitor thread.
2025-09-19 14:53:57,385 - DEBUG - Waiting for next RSS check: 0.00s (paused=False)
2025-09-19 14:53:57,389 - DEBUG - Running websocket logic (asyncio.run)
2025-09-19 14:53:57,389 - DEBUG - RSS check triggered.
2025-09-19 14:53:57,389 - DEBUG - Fetching RSS feed: https://gengo.com/rss/available_jobs/6d9668ab271c486e52eb4d37b876cabd5a1cf2da958b7004205163 with headers: {}
2025-09-19 14:53:57,389 - DEBUG - Attempting WebSocket connection to wss://live-dashboard.gengo.com
2025-09-19 14:53:57,754 - DEBUG - WebSocket: Sending auth payload: {'user_id': 789487, 'user_session': '862558fe249ad263d0315566dba54bb5da9bab17'}
2025-09-19 14:53:57,754 - INFO - WebSocket connection is live and listening.
2025-09-19 14:53:57,907 - DEBUG - RSS feed fetched successfully. Entries: 0
2025-09-19 14:53:57,907 - DEBUG - Processing 0 RSS entries.
2025-09-19 14:53:57,907 - DEBUG - Waiting for next RSS check: 31.00s (paused=False)
2025-09-19 14:54:02,758 - DEBUG - WebSocket: No message received immediately after authentication.
2025-09-19 14:54:02,759 - DEBUG - WebSocket: Test command monitor started.
2025-09-19 14:54:28,907 - DEBUG - RSS check triggered.
2025-09-19 14:54:28,907 - DEBUG - Fetching RSS feed: https://gengo.com/rss/available_jobs/6d9668ab271c486e52eb4d37b876cabd5a1cf2da958b7004205163 with headers: {}
2025-09-19 14:54:29,404 - DEBUG - RSS feed fetched successfully. Entries: 0
2025-09-19 14:54:29,404 - DEBUG - Processing 0 RSS entries.
2025-09-19 14:54:29,404 - DEBUG - Waiting for next RSS check: 31.00s (paused=False)
2025-09-19 14:55:00,405 - DEBUG - RSS check triggered.
2025-09-19 14:55:00,405 - DEBUG - Fetching RSS feed: https://gengo.com/rss/available_jobs/6d9668ab271c486e52eb4d37b876cabd5a1cf2da958b7004205163 with headers: {}
2025-09-19 14:55:00,964 - DEBUG - RSS feed fetched successfully. Entries: 0
2025-09-19 14:55:00,964 - DEBUG - Processing 0 RSS entries.
2025-09-19 14:55:00,964 - DEBUG - Waiting for next RSS check: 31.00s (paused=False)
2025-09-19 14:55:31,964 - DEBUG - RSS check triggered.
2025-09-19 14:55:31,965 - DEBUG - Fetching RSS feed: https://gengo.com/rss/available_jobs/6d9668ab271c486e52eb4d37b876cabd5a1cf2da958b7004205163 with headers: {}
2025-09-19 14:55:32,482 - DEBUG - RSS feed fetched successfully. Entries: 0
2025-09-19 14:55:32,483 - DEBUG - Processing 0 RSS entries.
2025-09-19 14:55:32,483 - DEBUG - Waiting for next RSS check: 31.00s (paused=False)
2025-09-19 14:56:03,483 - DEBUG - RSS check triggered.
2025-09-19 14:56:03,483 - DEBUG - Fetching RSS feed: https://gengo.com/rss/available_jobs/6d9668ab271c486e52eb4d37b876cabd5a1cf2da958b7004205163 with headers: {}
2025-09-19 14:56:03,992 - DEBUG - RSS feed fetched successfully. Entries: 0
2025-09-19 14:56:03,992 - DEBUG - Processing 0 RSS entries.
2025-09-19 14:56:03,992 - DEBUG - Waiting for next RSS check: 31.00s (paused=False)
2025-09-19 14:56:34,992 - DEBUG - RSS check triggered.
2025-09-19 14:56:34,992 - DEBUG - Fetching RSS feed: https://gengo.com/rss/available_jobs/6d9668ab271c486e52eb4d37b876cabd5a1cf2da958b7004205163 with headers: {}
2025-09-19 14:56:35,634 - DEBUG - RSS feed fetched successfully. Entries: 0
2025-09-19 14:56:35,634 - DEBUG - Processing 0 RSS entries.
2025-09-19 14:56:35,634 - DEBUG - Waiting for next RSS check: 31.00s (paused=False)
2025-09-19 14:57:06,634 - DEBUG - RSS check triggered.
2025-09-19 14:57:06,634 - DEBUG - Fetching RSS feed: https://gengo.com/rss/available_jobs/6d9668ab271c486e52eb4d37b876cabd5a1cf2da958b7004205163 with headers: {}
2025-09-19 14:57:07,172 - DEBUG - RSS feed fetched successfully. Entries: 0
2025-09-19 14:57:07,172 - DEBUG - Processing 0 RSS entries.
2025-09-19 14:57:07,172 - DEBUG - Waiting for next RSS check: 31.00s (paused=False)
2025-09-19 14:57:38,172 - DEBUG - RSS check triggered.
2025-09-19 14:57:38,172 - DEBUG - Fetching RSS feed: https://gengo.com/rss/available_jobs/6d9668ab271c486e52eb4d37b876cabd5a1cf2da958b7004205163 with headers: {}
2025-09-19 14:57:38,627 - DEBUG - RSS feed fetched successfully. Entries: 0
2025-09-19 14:57:38,627 - DEBUG - Processing 0 RSS entries.
2025-09-19 14:57:38,627 - DEBUG - Waiting for next RSS check: 31.00s (paused=False)
2025-09-19 14:58:09,627 - DEBUG - RSS check triggered.
2025-09-19 14:58:09,627 - DEBUG - Fetching RSS feed: https://gengo.com/rss/available_jobs/6d9668ab271c486e52eb4d37b876cabd5a1cf2da958b7004205163 with headers: {}
2025-09-19 14:58:10,127 - DEBUG - RSS feed fetched successfully. Entries: 0
2025-09-19 14:58:10,127 - DEBUG - Processing 0 RSS entries.
2025-09-19 14:58:10,127 - DEBUG - Waiting for next RSS check: 31.00s (paused=False)
2025-09-19 14:58:41,127 - DEBUG - RSS check triggered.
2025-09-19 14:58:41,127 - DEBUG - Fetching RSS feed: https://gengo.com/rss/available_jobs/6d9668ab271c486e52eb4d37b876cabd5a1cf2da958b7004205163 with headers: {}
2025-09-19 14:58:41,599 - DEBUG - RSS feed fetched successfully. Entries: 0
2025-09-19 14:58:41,599 - DEBUG - Processing 0 RSS entries.
2025-09-19 14:58:41,599 - DEBUG - Waiting for next RSS check: 31.00s (paused=False)
2025-09-19 14:59:12,599 - DEBUG - RSS check triggered.
2025-09-19 14:59:12,600 - DEBUG - Fetching RSS feed: https://gengo.com/rss/available_jobs/6d9668ab271c486e52eb4d37b876cabd5a1cf2da958b7004205163 with headers: {}
2025-09-19 14:59:13,063 - DEBUG - RSS feed fetched successfully. Entries: 0
2025-09-19 14:59:13,063 - DEBUG - Processing 0 RSS entries.
2025-09-19 14:59:13,063 - DEBUG - Waiting for next RSS check: 31.00s (paused=False)
2025-09-19 14:59:44,063 - DEBUG - RSS check triggered.
2025-09-19 14:59:44,063 - DEBUG - Fetching RSS feed: https://gengo.com/rss/available_jobs/6d9668ab271c486e52eb4d37b876cabd5a1cf2da958b7004205163 with headers: {}
2025-09-19 14:59:44,530 - DEBUG - RSS feed fetched successfully. Entries: 0
2025-09-19 14:59:44,530 - DEBUG - Processing 0 RSS entries.
2025-09-19 14:59:44,530 - DEBUG - Waiting for next RSS check: 31.00s (paused=False)
2025-09-19 15:00:09,138 - INFO - GengoWatcher shutting down...
2025-09-19 15:00:09,138 - INFO - Stopped CAPTCHA service monitoring
2025-09-19 15:00:09,138 - INFO - Watcher parent thread shutting down.
2025-09-19 15:00:09,139 - INFO - RSS monitor thread stopped.
2025-09-19 15:00:09,139 - INFO - GengoWatcher shutdown complete
2025-09-19 15:00:26,119 - INFO - [DIAG] websockets module path: /home/thomas/GengoWatcher/src/.venv/lib/python3.13/site-packages/websockets/__init__.py
2025-09-19 15:00:26,119 - INFO - [DIAG] websockets version: 11.0.3
2025-09-19 15:00:26,119 - INFO - [DIAG] asyncio module path: /usr/lib/python3.13/asyncio/__init__.py
2025-09-19 15:00:26,120 - DEBUG - Initializing GengoWatcher with config: {'Watcher': {'feed_url': 'https://gengo.com/rss/available_jobs/6d9668ab271c486e52eb4d37b876cabd5a1cf2da958b7004205163', 'check_interval': 31, 'min_reward': 0.0, 'enable_notifications': True, 'enable_sound': True, 'use_custom_user_agent': False}, 'WebSocket': {'enable_websocket': True, 'user_id': 789487, 'user_session': '862558fe249ad263d0315566dba54bb5da9bab17'}, 'Paths': {'sound_file': '/home/thomas/GengoWatcher/assets/alert.wav', 'log_file': 'logs/gengowatcher.log', 'notification_icon_path': '/home/thomas/GengoWatcher/assets/icon.ico', 'browser_path': '/usr/bin/vivaldi', 'browser_args': '--new-window {url}', 'all_entries_log': 'logs/all_entries.csv'}, 'Logging': {'log_max_bytes': 1000000, 'log_backup_count': 1000, 'log_main_enabled': True, 'log_all_entries_enabled': True}, 'Network': {'max_backoff': 300, 'user_agent_email': 'your_email@example.com'}, 'WebServer': {'enabled': True, 'host': '127.0.0.1', 'port': 8001, 'cors_origins': 'http://localhost:5173'}, 'AutoAccept': {'enabled': True, 'min_reward': 2.0, 'max_reward': 999999.0, 'job_sources': 'rss,websocket', 'accept_delay_min': 0, 'accept_delay_max': 0, 'browser_profile_path': '/usr/bin/vivaldi', 'notification_on_accept': True, 'log_acceptance': True, 'concurrent_submission': True, 'accept_click_probe_ms': 75, 'attempt_timeout_sec': 12, 'selenium_attempt_timeout_sec': 8}, 'Captcha': {'enabled': True, 'service': '2captcha', 'api_key': '5cb54aec85b0eb71413748c602dea1f5', 'max_retries': 3, 'retry_delay': 0, 'rate_limit': 60, 'rate_limit_window': 5, 'skip_on_v3_extraction_failure': True, 'recaptcha_v3_fallback_site_key': '6Lc6BAAAAAAAAAChqR2QwNcAAAAA', 'recaptcha_v3_default_action': 'job_acceptance', 'enable_browser_automation_fallback': True}, 'LocalCaptcha': {'preferred_solver': 'simple', 'tensorflow_model_path': 'models/captcha_model.h5'}, 'HighValue': {'threshold': 50.0, 'very_high_threshold': 1000.0, 'extreme_threshold': 5000.0, 'immediate_response': True, 'min_processing_delay': 0.001, 'max_per_day': 999, 'min_interval_seconds': 1, 'desktop_notifications': True, 'notify_on_missed': True, 'extreme_value_no_daily_limit': True, 'extreme_value_no_interval': True}, 'Cancellation': {'enabled': True, 'min_improvement_ratio': 2.0, 'extreme_threshold': 1000.0, 'auto_cancel_extreme_value': True}, 'SeleniumMonitoring': {'enable_live_dashboard': True, 'enable_list_refresh': True, 'refresh_interval_ms': 1500, 'headless': False}}
2025-09-19 15:00:26,120 - DEBUG - Setting up CSV logging.
2025-09-19 15:00:26,120 - DEBUG - CSV logging enabled at logs/all_entries.csv
2025-09-19 15:00:26,145 - ERROR - Failed to create plugin 2captcha: API key for 2captcha not found in secure storage
2025-09-19 15:00:26,145 - WARNING - Failed to initialize CAPTCHA solver for service: 2captcha
2025-09-19 15:00:26,145 - INFO - BrowserAutomationEngine initialized
2025-09-19 15:00:26,145 - INFO - Selenium Chrome binary set to: /usr/bin/vivaldi
2025-09-19 15:00:27,217 - ERROR - Failed to initialize Chrome WebDriver: Message: session not created: This version of ChromeDriver only supports Chrome version 114
Current browser version is 7.6.3797.52 with binary path /usr/bin/vivaldi; For documentation on this error, please visit: https://www.selenium.dev/documentation/webdriver/troubleshooting/errors#sessionnotcreatedexception
Stacktrace:
#0 0x55dd956854e3 <unknown>
#1 0x55dd953b4c76 <unknown>
#2 0x55dd953e204a <unknown>
#3 0x55dd953dd4a1 <unknown>
#4 0x55dd953da029 <unknown>
#5 0x55dd95418ccc <unknown>
#6 0x55dd9541847f <unknown>
#7 0x55dd9540fde3 <unknown>
#8 0x55dd953e52dd <unknown>
#9 0x55dd953e634e <unknown>
#10 0x55dd956453e4 <unknown>
#11 0x55dd956493d7 <unknown>
#12 0x55dd95653b20 <unknown>
#13 0x55dd9564a023 <unknown>
#14 0x55dd956181aa <unknown>
#15 0x55dd9566e6b8 <unknown>
#16 0x55dd9566e847 <unknown>
#17 0x55dd9567e243 <unknown>
#18 0x7f56762aa4f8 <unknown>

2025-09-19 15:00:27,217 - ERROR - Failed to set Selenium session: Message: session not created: This version of ChromeDriver only supports Chrome version 114
Current browser version is 7.6.3797.52 with binary path /usr/bin/vivaldi; For documentation on this error, please visit: https://www.selenium.dev/documentation/webdriver/troubleshooting/errors#sessionnotcreatedexception
Stacktrace:
#0 0x55dd956854e3 <unknown>
#1 0x55dd953b4c76 <unknown>
#2 0x55dd953e204a <unknown>
#3 0x55dd953dd4a1 <unknown>
#4 0x55dd953da029 <unknown>
#5 0x55dd95418ccc <unknown>
#6 0x55dd9541847f <unknown>
#7 0x55dd9540fde3 <unknown>
#8 0x55dd953e52dd <unknown>
#9 0x55dd953e634e <unknown>
#10 0x55dd956453e4 <unknown>
#11 0x55dd956493d7 <unknown>
#12 0x55dd95653b20 <unknown>
#13 0x55dd9564a023 <unknown>
#14 0x55dd956181aa <unknown>
#15 0x55dd9566e6b8 <unknown>
#16 0x55dd9566e847 <unknown>
#17 0x55dd9567e243 <unknown>
#18 0x7f56762aa4f8 <unknown>

2025-09-19 15:00:27,218 - INFO - Job Acceptance Engine initialized
2025-09-19 15:00:27,218 - INFO - Job Cancellation Manager initialized
2025-09-19 15:00:27,218 - INFO - Loaded job state: current job None ($0.00)
2025-09-19 15:00:27,218 - INFO - Cancellation enabled: True
2025-09-19 15:00:27,218 - INFO - Minimum improvement ratio: 2.0x
2025-09-19 15:00:27,218 - INFO - Extreme value threshold: $1000.0
2025-09-19 15:00:27,218 - INFO - GengoWatcher v2.1.5 initialized.
2025-09-19 15:00:27,218 - DEBUG - Checking if config is complete.
2025-09-19 15:00:27,218 - DEBUG - Starting watcher parent thread.
2025-09-19 15:00:27,218 - INFO - Watcher parent thread started. Launching monitors...
2025-09-19 15:00:27,218 - DEBUG - Starting RSS monitor thread.
2025-09-19 15:00:27,218 - DEBUG - Starting WebSocket monitor thread.
2025-09-19 15:00:27,218 - INFO - RSS monitor thread started.
2025-09-19 15:00:27,219 - DEBUG - Running websocket logic (asyncio.run)
2025-09-19 15:00:27,223 - DEBUG - Waiting for next RSS check: 0.00s (paused=False)
2025-09-19 15:00:27,227 - DEBUG - Attempting WebSocket connection to wss://live-dashboard.gengo.com
2025-09-19 15:00:27,227 - DEBUG - RSS check triggered.
2025-09-19 15:00:27,227 - DEBUG - Fetching RSS feed: https://gengo.com/rss/available_jobs/6d9668ab271c486e52eb4d37b876cabd5a1cf2da958b7004205163 with headers: {}
2025-09-19 15:00:27,598 - DEBUG - WebSocket: Sending auth payload: {'user_id': 789487, 'user_session': '862558fe249ad263d0315566dba54bb5da9bab17'}
2025-09-19 15:00:27,599 - INFO - WebSocket connection is live and listening.
2025-09-19 15:00:27,735 - DEBUG - RSS feed fetched successfully. Entries: 0
2025-09-19 15:00:27,735 - DEBUG - Processing 0 RSS entries.
2025-09-19 15:00:27,735 - DEBUG - Waiting for next RSS check: 31.00s (paused=False)
2025-09-19 15:00:32,604 - DEBUG - WebSocket: No message received immediately after authentication.
2025-09-19 15:00:32,604 - DEBUG - WebSocket: Test command monitor started.
2025-09-19 15:00:58,735 - DEBUG - RSS check triggered.
2025-09-19 15:00:58,736 - DEBUG - Fetching RSS feed: https://gengo.com/rss/available_jobs/6d9668ab271c486e52eb4d37b876cabd5a1cf2da958b7004205163 with headers: {}
2025-09-19 15:00:59,190 - DEBUG - RSS feed fetched successfully. Entries: 0
2025-09-19 15:00:59,190 - DEBUG - Processing 0 RSS entries.
2025-09-19 15:00:59,190 - DEBUG - Waiting for next RSS check: 31.00s (paused=False)
2025-09-19 15:01:30,190 - DEBUG - RSS check triggered.
2025-09-19 15:01:30,190 - DEBUG - Fetching RSS feed: https://gengo.com/rss/available_jobs/6d9668ab271c486e52eb4d37b876cabd5a1cf2da958b7004205163 with headers: {}
2025-09-19 15:01:30,696 - DEBUG - RSS feed fetched successfully. Entries: 0
2025-09-19 15:01:30,696 - DEBUG - Processing 0 RSS entries.
2025-09-19 15:01:30,696 - DEBUG - Waiting for next RSS check: 31.00s (paused=False)
2025-09-19 15:02:01,696 - DEBUG - RSS check triggered.
2025-09-19 15:02:01,696 - DEBUG - Fetching RSS feed: https://gengo.com/rss/available_jobs/6d9668ab271c486e52eb4d37b876cabd5a1cf2da958b7004205163 with headers: {}
2025-09-19 15:02:02,335 - DEBUG - RSS feed fetched successfully. Entries: 0
2025-09-19 15:02:02,335 - DEBUG - Processing 0 RSS entries.
2025-09-19 15:02:02,335 - DEBUG - Waiting for next RSS check: 31.00s (paused=False)
2025-09-19 15:02:33,335 - DEBUG - RSS check triggered.
2025-09-19 15:02:33,336 - DEBUG - Fetching RSS feed: https://gengo.com/rss/available_jobs/6d9668ab271c486e52eb4d37b876cabd5a1cf2da958b7004205163 with headers: {}
2025-09-19 15:02:33,876 - INFO - GengoWatcher shutting down...
2025-09-19 15:02:33,877 - INFO - Stopped CAPTCHA service monitoring
2025-09-19 15:02:33,877 - INFO - Watcher parent thread shutting down.
2025-09-19 15:02:33,878 - INFO - GengoWatcher shutdown complete
2025-09-19 15:02:33,906 - DEBUG - RSS feed fetched successfully. Entries: 0
2025-09-19 15:02:33,906 - DEBUG - Processing 0 RSS entries.
2025-09-19 15:02:33,907 - INFO - RSS monitor thread stopped.
2025-09-19 15:09:49,462 - INFO - [DIAG] websockets module path: /home/thomas/GengoWatcher/src/.venv/lib/python3.13/site-packages/websockets/__init__.py
2025-09-19 15:09:49,462 - INFO - [DIAG] websockets version: 11.0.3
2025-09-19 15:09:49,462 - INFO - [DIAG] asyncio module path: /usr/lib/python3.13/asyncio/__init__.py
2025-09-19 15:09:49,463 - DEBUG - Initializing GengoWatcher with config: {'Watcher': {'feed_url': 'https://gengo.com/rss/available_jobs/6d9668ab271c486e52eb4d37b876cabd5a1cf2da958b7004205163', 'check_interval': 31, 'min_reward': 0.0, 'enable_notifications': True, 'enable_sound': True, 'use_custom_user_agent': False}, 'WebSocket': {'enable_websocket': True, 'user_id': 789487, 'user_session': '862558fe249ad263d0315566dba54bb5da9bab17'}, 'Paths': {'sound_file': '/home/thomas/GengoWatcher/assets/alert.wav', 'log_file': 'logs/gengowatcher.log', 'notification_icon_path': '/home/thomas/GengoWatcher/assets/icon.ico', 'browser_path': '/usr/bin/vivaldi', 'browser_args': '--new-window {url}', 'all_entries_log': 'logs/all_entries.csv'}, 'Logging': {'log_max_bytes': 1000000, 'log_backup_count': 1000, 'log_main_enabled': True, 'log_all_entries_enabled': True}, 'Network': {'max_backoff': 300, 'user_agent_email': 'your_email@example.com'}, 'WebServer': {'enabled': True, 'host': '127.0.0.1', 'port': 8001, 'cors_origins': 'http://localhost:5173'}, 'AutoAccept': {'enabled': True, 'min_reward': 2.0, 'max_reward': 999999.0, 'job_sources': 'rss,websocket', 'accept_delay_min': 0, 'accept_delay_max': 0, 'browser_profile_path': '/usr/bin/vivaldi', 'notification_on_accept': True, 'log_acceptance': True, 'concurrent_submission': True, 'accept_click_probe_ms': 75, 'attempt_timeout_sec': 12, 'selenium_attempt_timeout_sec': 8}, 'Captcha': {'enabled': True, 'service': '2captcha', 'api_key': '5cb54aec85b0eb71413748c602dea1f5', 'max_retries': 3, 'retry_delay': 0, 'rate_limit': 60, 'rate_limit_window': 5, 'skip_on_v3_extraction_failure': True, 'recaptcha_v3_fallback_site_key': '6Lc6BAAAAAAAAAChqR2QwNcAAAAA', 'recaptcha_v3_default_action': 'job_acceptance', 'enable_browser_automation_fallback': True}, 'LocalCaptcha': {'preferred_solver': 'simple', 'tensorflow_model_path': 'models/captcha_model.h5'}, 'HighValue': {'threshold': 50.0, 'very_high_threshold': 1000.0, 'extreme_threshold': 5000.0, 'immediate_response': True, 'min_processing_delay': 0.001, 'max_per_day': 999, 'min_interval_seconds': 1, 'desktop_notifications': True, 'notify_on_missed': True, 'extreme_value_no_daily_limit': True, 'extreme_value_no_interval': True}, 'Cancellation': {'enabled': True, 'min_improvement_ratio': 2.0, 'extreme_threshold': 1000.0, 'auto_cancel_extreme_value': True}, 'SeleniumMonitoring': {'enable_live_dashboard': True, 'enable_list_refresh': True, 'refresh_interval_ms': 1500, 'headless': False}}
2025-09-19 15:09:49,463 - DEBUG - Setting up CSV logging.
2025-09-19 15:09:49,463 - DEBUG - CSV logging enabled at logs/all_entries.csv
2025-09-19 15:09:49,488 - ERROR - Failed to create plugin 2captcha: API key for 2captcha not found in secure storage
2025-09-19 15:09:49,488 - WARNING - Failed to initialize CAPTCHA solver for service: 2captcha
2025-09-19 15:09:49,488 - INFO - BrowserAutomationEngine initialized
2025-09-19 15:09:49,488 - INFO - Selenium Chrome binary set to: /usr/bin/vivaldi
2025-09-19 15:09:50,484 - ERROR - Failed to initialize Chrome WebDriver: Message: session not created: This version of ChromeDriver only supports Chrome version 114
Current browser version is 7.6.3797.52 with binary path /usr/bin/vivaldi; For documentation on this error, please visit: https://www.selenium.dev/documentation/webdriver/troubleshooting/errors#sessionnotcreatedexception
Stacktrace:
#0 0x5605685034e3 <unknown>
#1 0x560568232c76 <unknown>
#2 0x56056826004a <unknown>
#3 0x56056825b4a1 <unknown>
#4 0x560568258029 <unknown>
#5 0x560568296ccc <unknown>
#6 0x56056829647f <unknown>
#7 0x56056828dde3 <unknown>
#8 0x5605682632dd <unknown>
#9 0x56056826434e <unknown>
#10 0x5605684c33e4 <unknown>
#11 0x5605684c73d7 <unknown>
#12 0x5605684d1b20 <unknown>
#13 0x5605684c8023 <unknown>
#14 0x5605684961aa <unknown>
#15 0x5605684ec6b8 <unknown>
#16 0x5605684ec847 <unknown>
#17 0x5605684fc243 <unknown>
#18 0x7fac76eaa4f8 <unknown>

2025-09-19 15:09:50,484 - ERROR - Failed to set Selenium session: Message: session not created: This version of ChromeDriver only supports Chrome version 114
Current browser version is 7.6.3797.52 with binary path /usr/bin/vivaldi; For documentation on this error, please visit: https://www.selenium.dev/documentation/webdriver/troubleshooting/errors#sessionnotcreatedexception
Stacktrace:
#0 0x5605685034e3 <unknown>
#1 0x560568232c76 <unknown>
#2 0x56056826004a <unknown>
#3 0x56056825b4a1 <unknown>
#4 0x560568258029 <unknown>
#5 0x560568296ccc <unknown>
#6 0x56056829647f <unknown>
#7 0x56056828dde3 <unknown>
#8 0x5605682632dd <unknown>
#9 0x56056826434e <unknown>
#10 0x5605684c33e4 <unknown>
#11 0x5605684c73d7 <unknown>
#12 0x5605684d1b20 <unknown>
#13 0x5605684c8023 <unknown>
#14 0x5605684961aa <unknown>
#15 0x5605684ec6b8 <unknown>
#16 0x5605684ec847 <unknown>
#17 0x5605684fc243 <unknown>
#18 0x7fac76eaa4f8 <unknown>

2025-09-19 15:09:50,484 - INFO - Job Acceptance Engine initialized
2025-09-19 15:09:50,484 - INFO - Job Cancellation Manager initialized
2025-09-19 15:09:50,485 - INFO - Loaded job state: current job None ($0.00)
2025-09-19 15:09:50,485 - INFO - Cancellation enabled: True
2025-09-19 15:09:50,485 - INFO - Minimum improvement ratio: 2.0x
2025-09-19 15:09:50,485 - INFO - Extreme value threshold: $1000.0
2025-09-19 15:09:50,485 - INFO - GengoWatcher v2.1.5 initialized.
2025-09-19 15:09:50,485 - DEBUG - Checking if config is complete.
2025-09-19 15:09:50,485 - DEBUG - Starting watcher parent thread.
2025-09-19 15:09:50,485 - INFO - Watcher parent thread started. Launching monitors...
2025-09-19 15:09:50,486 - DEBUG - Starting RSS monitor thread.
2025-09-19 15:09:50,486 - INFO - RSS monitor thread started.
2025-09-19 15:09:50,490 - DEBUG - Waiting for next RSS check: 0.00s (paused=False)
2025-09-19 15:09:50,490 - DEBUG - Starting WebSocket monitor thread.
2025-09-19 15:09:50,490 - DEBUG - RSS check triggered.
2025-09-19 15:09:50,494 - DEBUG - Running websocket logic (asyncio.run)
2025-09-19 15:09:50,494 - DEBUG - Fetching RSS feed: https://gengo.com/rss/available_jobs/6d9668ab271c486e52eb4d37b876cabd5a1cf2da958b7004205163 with headers: {}
2025-09-19 15:09:50,494 - DEBUG - Attempting WebSocket connection to wss://live-dashboard.gengo.com
2025-09-19 15:09:50,858 - DEBUG - WebSocket: Sending auth payload: {'user_id': 789487, 'user_session': '862558fe249ad263d0315566dba54bb5da9bab17'}
2025-09-19 15:09:50,858 - INFO - WebSocket connection is live and listening.
2025-09-19 15:09:51,022 - DEBUG - RSS feed fetched successfully. Entries: 0
2025-09-19 15:09:51,023 - DEBUG - Processing 0 RSS entries.
2025-09-19 15:09:51,023 - DEBUG - Waiting for next RSS check: 31.00s (paused=False)
2025-09-19 15:09:55,862 - DEBUG - WebSocket: No message received immediately after authentication.
2025-09-19 15:09:55,863 - DEBUG - WebSocket: Test command monitor started.
2025-09-19 15:10:22,023 - DEBUG - RSS check triggered.
2025-09-19 15:10:22,023 - DEBUG - Fetching RSS feed: https://gengo.com/rss/available_jobs/6d9668ab271c486e52eb4d37b876cabd5a1cf2da958b7004205163 with headers: {}
2025-09-19 15:10:22,513 - DEBUG - RSS feed fetched successfully. Entries: 0
2025-09-19 15:10:22,513 - DEBUG - Processing 0 RSS entries.
2025-09-19 15:10:22,513 - DEBUG - Waiting for next RSS check: 31.00s (paused=False)
2025-09-19 15:10:53,513 - DEBUG - RSS check triggered.
2025-09-19 15:10:53,513 - DEBUG - Fetching RSS feed: https://gengo.com/rss/available_jobs/6d9668ab271c486e52eb4d37b876cabd5a1cf2da958b7004205163 with headers: {}
2025-09-19 15:10:54,090 - DEBUG - RSS feed fetched successfully. Entries: 0
2025-09-19 15:10:54,090 - DEBUG - Processing 0 RSS entries.
2025-09-19 15:10:54,090 - DEBUG - Waiting for next RSS check: 31.00s (paused=False)
2025-09-19 15:11:25,090 - DEBUG - RSS check triggered.
2025-09-19 15:11:25,090 - DEBUG - Fetching RSS feed: https://gengo.com/rss/available_jobs/6d9668ab271c486e52eb4d37b876cabd5a1cf2da958b7004205163 with headers: {}
2025-09-19 15:11:25,738 - DEBUG - RSS feed fetched successfully. Entries: 0
2025-09-19 15:11:25,738 - DEBUG - Processing 0 RSS entries.
2025-09-19 15:11:25,738 - DEBUG - Waiting for next RSS check: 31.00s (paused=False)
2025-09-19 15:11:56,738 - DEBUG - RSS check triggered.
2025-09-19 15:11:56,738 - DEBUG - Fetching RSS feed: https://gengo.com/rss/available_jobs/6d9668ab271c486e52eb4d37b876cabd5a1cf2da958b7004205163 with headers: {}
2025-09-19 15:11:57,246 - DEBUG - RSS feed fetched successfully. Entries: 0
2025-09-19 15:11:57,246 - DEBUG - Processing 0 RSS entries.
2025-09-19 15:11:57,246 - DEBUG - Waiting for next RSS check: 31.00s (paused=False)
2025-09-19 15:12:28,246 - DEBUG - RSS check triggered.
2025-09-19 15:12:28,246 - DEBUG - Fetching RSS feed: https://gengo.com/rss/available_jobs/6d9668ab271c486e52eb4d37b876cabd5a1cf2da958b7004205163 with headers: {}
2025-09-19 15:12:28,785 - DEBUG - RSS feed fetched successfully. Entries: 0
2025-09-19 15:12:28,785 - DEBUG - Processing 0 RSS entries.
2025-09-19 15:12:28,785 - DEBUG - Waiting for next RSS check: 31.00s (paused=False)
2025-09-19 15:12:59,785 - DEBUG - RSS check triggered.
2025-09-19 15:12:59,785 - DEBUG - Fetching RSS feed: https://gengo.com/rss/available_jobs/6d9668ab271c486e52eb4d37b876cabd5a1cf2da958b7004205163 with headers: {}
2025-09-19 15:13:00,356 - DEBUG - RSS feed fetched successfully. Entries: 0
2025-09-19 15:13:00,356 - DEBUG - Processing 0 RSS entries.
2025-09-19 15:13:00,356 - DEBUG - Waiting for next RSS check: 31.00s (paused=False)
2025-09-19 15:13:31,357 - DEBUG - RSS check triggered.
2025-09-19 15:13:31,357 - DEBUG - Fetching RSS feed: https://gengo.com/rss/available_jobs/6d9668ab271c486e52eb4d37b876cabd5a1cf2da958b7004205163 with headers: {}
2025-09-19 15:13:31,827 - DEBUG - RSS feed fetched successfully. Entries: 0
2025-09-19 15:13:31,827 - DEBUG - Processing 0 RSS entries.
2025-09-19 15:13:31,827 - DEBUG - Waiting for next RSS check: 31.00s (paused=False)
2025-09-19 15:14:02,827 - DEBUG - RSS check triggered.
2025-09-19 15:14:02,827 - DEBUG - Fetching RSS feed: https://gengo.com/rss/available_jobs/6d9668ab271c486e52eb4d37b876cabd5a1cf2da958b7004205163 with headers: {}
2025-09-19 15:14:04,079 - DEBUG - RSS feed fetched successfully. Entries: 0
2025-09-19 15:14:04,079 - DEBUG - Processing 0 RSS entries.
2025-09-19 15:14:04,079 - DEBUG - Waiting for next RSS check: 31.00s (paused=False)
2025-09-19 15:14:35,079 - DEBUG - RSS check triggered.
2025-09-19 15:14:35,079 - DEBUG - Fetching RSS feed: https://gengo.com/rss/available_jobs/6d9668ab271c486e52eb4d37b876cabd5a1cf2da958b7004205163 with headers: {}
2025-09-19 15:14:35,559 - DEBUG - RSS feed fetched successfully. Entries: 0
2025-09-19 15:14:35,560 - DEBUG - Processing 0 RSS entries.
2025-09-19 15:14:35,560 - DEBUG - Waiting for next RSS check: 31.00s (paused=False)
2025-09-19 15:15:06,560 - DEBUG - RSS check triggered.
2025-09-19 15:15:06,560 - DEBUG - Fetching RSS feed: https://gengo.com/rss/available_jobs/6d9668ab271c486e52eb4d37b876cabd5a1cf2da958b7004205163 with headers: {}
2025-09-19 15:15:07,112 - DEBUG - RSS feed fetched successfully. Entries: 0
2025-09-19 15:15:07,112 - DEBUG - Processing 0 RSS entries.
2025-09-19 15:15:07,112 - DEBUG - Waiting for next RSS check: 31.00s (paused=False)
2025-09-19 15:15:38,112 - DEBUG - RSS check triggered.
2025-09-19 15:15:38,113 - DEBUG - Fetching RSS feed: https://gengo.com/rss/available_jobs/6d9668ab271c486e52eb4d37b876cabd5a1cf2da958b7004205163 with headers: {}
2025-09-19 15:15:38,601 - DEBUG - RSS feed fetched successfully. Entries: 0
2025-09-19 15:15:38,602 - DEBUG - Processing 0 RSS entries.
2025-09-19 15:15:38,602 - DEBUG - Waiting for next RSS check: 31.00s (paused=False)
2025-09-19 15:16:09,602 - DEBUG - RSS check triggered.
2025-09-19 15:16:09,602 - DEBUG - Fetching RSS feed: https://gengo.com/rss/available_jobs/6d9668ab271c486e52eb4d37b876cabd5a1cf2da958b7004205163 with headers: {}
2025-09-19 15:16:10,091 - DEBUG - RSS feed fetched successfully. Entries: 0
2025-09-19 15:16:10,091 - DEBUG - Processing 0 RSS entries.
2025-09-19 15:16:10,091 - DEBUG - Waiting for next RSS check: 31.00s (paused=False)
2025-09-19 15:16:41,091 - DEBUG - RSS check triggered.
2025-09-19 15:16:41,092 - DEBUG - Fetching RSS feed: https://gengo.com/rss/available_jobs/6d9668ab271c486e52eb4d37b876cabd5a1cf2da958b7004205163 with headers: {}
2025-09-19 15:16:41,548 - DEBUG - RSS feed fetched successfully. Entries: 0
2025-09-19 15:16:41,548 - DEBUG - Processing 0 RSS entries.
2025-09-19 15:16:41,548 - DEBUG - Waiting for next RSS check: 31.00s (paused=False)
2025-09-19 15:17:12,548 - DEBUG - RSS check triggered.
2025-09-19 15:17:12,548 - DEBUG - Fetching RSS feed: https://gengo.com/rss/available_jobs/6d9668ab271c486e52eb4d37b876cabd5a1cf2da958b7004205163 with headers: {}
2025-09-19 15:17:13,010 - DEBUG - RSS feed fetched successfully. Entries: 0
2025-09-19 15:17:13,010 - DEBUG - Processing 0 RSS entries.
2025-09-19 15:17:13,010 - DEBUG - Waiting for next RSS check: 31.00s (paused=False)
2025-09-19 15:17:44,010 - DEBUG - RSS check triggered.
2025-09-19 15:17:44,010 - DEBUG - Fetching RSS feed: https://gengo.com/rss/available_jobs/6d9668ab271c486e52eb4d37b876cabd5a1cf2da958b7004205163 with headers: {}
2025-09-19 15:17:44,471 - DEBUG - RSS feed fetched successfully. Entries: 0
2025-09-19 15:17:44,472 - DEBUG - Processing 0 RSS entries.
2025-09-19 15:17:44,472 - DEBUG - Waiting for next RSS check: 31.00s (paused=False)
2025-09-19 15:18:15,472 - DEBUG - RSS check triggered.
2025-09-19 15:18:15,472 - DEBUG - Fetching RSS feed: https://gengo.com/rss/available_jobs/6d9668ab271c486e52eb4d37b876cabd5a1cf2da958b7004205163 with headers: {}
2025-09-19 15:18:15,971 - DEBUG - RSS feed fetched successfully. Entries: 0
2025-09-19 15:18:15,971 - DEBUG - Processing 0 RSS entries.
2025-09-19 15:18:15,971 - DEBUG - Waiting for next RSS check: 31.00s (paused=False)
2025-09-19 15:18:46,971 - DEBUG - RSS check triggered.
2025-09-19 15:18:46,971 - DEBUG - Fetching RSS feed: https://gengo.com/rss/available_jobs/6d9668ab271c486e52eb4d37b876cabd5a1cf2da958b7004205163 with headers: {}
2025-09-19 15:18:47,438 - DEBUG - RSS feed fetched successfully. Entries: 0
2025-09-19 15:18:47,438 - DEBUG - Processing 0 RSS entries.
2025-09-19 15:18:47,438 - DEBUG - Waiting for next RSS check: 31.00s (paused=False)
2025-09-19 15:18:55,252 - ERROR - Unknown command: 'captchasolver'
2025-09-19 15:19:18,438 - DEBUG - RSS check triggered.
2025-09-19 15:19:18,439 - DEBUG - Fetching RSS feed: https://gengo.com/rss/available_jobs/6d9668ab271c486e52eb4d37b876cabd5a1cf2da958b7004205163 with headers: {}
2025-09-19 15:19:18,924 - DEBUG - RSS feed fetched successfully. Entries: 0
2025-09-19 15:19:18,924 - DEBUG - Processing 0 RSS entries.
2025-09-19 15:19:18,924 - DEBUG - Waiting for next RSS check: 31.00s (paused=False)
2025-09-19 15:19:49,924 - DEBUG - RSS check triggered.
2025-09-19 15:19:49,924 - DEBUG - Fetching RSS feed: https://gengo.com/rss/available_jobs/6d9668ab271c486e52eb4d37b876cabd5a1cf2da958b7004205163 with headers: {}
2025-09-19 15:19:50,383 - DEBUG - RSS feed fetched successfully. Entries: 0
2025-09-19 15:19:50,383 - DEBUG - Processing 0 RSS entries.
2025-09-19 15:19:50,383 - DEBUG - Waiting for next RSS check: 31.00s (paused=False)
2025-09-19 15:20:21,383 - DEBUG - RSS check triggered.
2025-09-19 15:20:21,383 - DEBUG - Fetching RSS feed: https://gengo.com/rss/available_jobs/6d9668ab271c486e52eb4d37b876cabd5a1cf2da958b7004205163 with headers: {}
2025-09-19 15:20:21,891 - DEBUG - RSS feed fetched successfully. Entries: 0
2025-09-19 15:20:21,891 - DEBUG - Processing 0 RSS entries.
2025-09-19 15:20:21,891 - DEBUG - Waiting for next RSS check: 31.00s (paused=False)
2025-09-19 15:20:52,891 - DEBUG - RSS check triggered.
2025-09-19 15:20:52,891 - DEBUG - Fetching RSS feed: https://gengo.com/rss/available_jobs/6d9668ab271c486e52eb4d37b876cabd5a1cf2da958b7004205163 with headers: {}
2025-09-19 15:20:53,386 - DEBUG - RSS feed fetched successfully. Entries: 0
2025-09-19 15:20:53,386 - DEBUG - Processing 0 RSS entries.
2025-09-19 15:20:53,386 - DEBUG - Waiting for next RSS check: 31.00s (paused=False)
2025-09-19 15:21:24,386 - DEBUG - RSS check triggered.
2025-09-19 15:21:24,386 - DEBUG - Fetching RSS feed: https://gengo.com/rss/available_jobs/6d9668ab271c486e52eb4d37b876cabd5a1cf2da958b7004205163 with headers: {}
2025-09-19 15:21:24,860 - DEBUG - RSS feed fetched successfully. Entries: 0
2025-09-19 15:21:24,860 - DEBUG - Processing 0 RSS entries.
2025-09-19 15:21:24,860 - DEBUG - Waiting for next RSS check: 31.00s (paused=False)
2025-09-19 15:21:55,860 - DEBUG - RSS check triggered.
2025-09-19 15:21:55,860 - DEBUG - Fetching RSS feed: https://gengo.com/rss/available_jobs/6d9668ab271c486e52eb4d37b876cabd5a1cf2da958b7004205163 with headers: {}
2025-09-19 15:21:56,416 - DEBUG - RSS feed fetched successfully. Entries: 0
2025-09-19 15:21:56,416 - DEBUG - Processing 0 RSS entries.
2025-09-19 15:21:56,416 - DEBUG - Waiting for next RSS check: 31.00s (paused=False)
2025-09-19 15:22:27,417 - DEBUG - RSS check triggered.
2025-09-19 15:22:27,417 - DEBUG - Fetching RSS feed: https://gengo.com/rss/available_jobs/6d9668ab271c486e52eb4d37b876cabd5a1cf2da958b7004205163 with headers: {}
2025-09-19 15:22:28,081 - DEBUG - RSS feed fetched successfully. Entries: 0
2025-09-19 15:22:28,081 - DEBUG - Processing 0 RSS entries.
2025-09-19 15:22:28,081 - DEBUG - Waiting for next RSS check: 31.00s (paused=False)
2025-09-19 15:22:59,081 - DEBUG - RSS check triggered.
2025-09-19 15:22:59,082 - DEBUG - Fetching RSS feed: https://gengo.com/rss/available_jobs/6d9668ab271c486e52eb4d37b876cabd5a1cf2da958b7004205163 with headers: {}
2025-09-19 15:22:59,550 - DEBUG - RSS feed fetched successfully. Entries: 0
2025-09-19 15:22:59,550 - DEBUG - Processing 0 RSS entries.
2025-09-19 15:22:59,550 - DEBUG - Waiting for next RSS check: 31.00s (paused=False)
2025-09-19 15:23:30,550 - DEBUG - RSS check triggered.
2025-09-19 15:23:30,550 - DEBUG - Fetching RSS feed: https://gengo.com/rss/available_jobs/6d9668ab271c486e52eb4d37b876cabd5a1cf2da958b7004205163 with headers: {}
2025-09-19 15:23:31,281 - DEBUG - RSS feed fetched successfully. Entries: 0
2025-09-19 15:23:31,281 - DEBUG - Processing 0 RSS entries.
2025-09-19 15:23:31,282 - DEBUG - Waiting for next RSS check: 31.00s (paused=False)
2025-09-19 15:24:02,282 - DEBUG - RSS check triggered.
2025-09-19 15:24:02,282 - DEBUG - Fetching RSS feed: https://gengo.com/rss/available_jobs/6d9668ab271c486e52eb4d37b876cabd5a1cf2da958b7004205163 with headers: {}
2025-09-19 15:24:02,901 - DEBUG - RSS feed fetched successfully. Entries: 0
2025-09-19 15:24:02,901 - DEBUG - Processing 0 RSS entries.
2025-09-19 15:24:02,901 - DEBUG - Waiting for next RSS check: 31.00s (paused=False)
2025-09-19 15:24:33,901 - DEBUG - RSS check triggered.
2025-09-19 15:24:33,901 - DEBUG - Fetching RSS feed: https://gengo.com/rss/available_jobs/6d9668ab271c486e52eb4d37b876cabd5a1cf2da958b7004205163 with headers: {}
2025-09-19 15:24:34,343 - DEBUG - RSS feed fetched successfully. Entries: 0
2025-09-19 15:24:34,343 - DEBUG - Processing 0 RSS entries.
2025-09-19 15:24:34,343 - DEBUG - Waiting for next RSS check: 31.00s (paused=False)
2025-09-19 15:25:05,343 - DEBUG - RSS check triggered.
2025-09-19 15:25:05,344 - DEBUG - Fetching RSS feed: https://gengo.com/rss/available_jobs/6d9668ab271c486e52eb4d37b876cabd5a1cf2da958b7004205163 with headers: {}
2025-09-19 15:25:05,835 - DEBUG - RSS feed fetched successfully. Entries: 0
2025-09-19 15:25:05,835 - DEBUG - Processing 0 RSS entries.
2025-09-19 15:25:05,835 - DEBUG - Waiting for next RSS check: 31.00s (paused=False)
2025-09-19 15:25:36,835 - DEBUG - RSS check triggered.
2025-09-19 15:25:36,835 - DEBUG - Fetching RSS feed: https://gengo.com/rss/available_jobs/6d9668ab271c486e52eb4d37b876cabd5a1cf2da958b7004205163 with headers: {}
2025-09-19 15:25:37,395 - DEBUG - RSS feed fetched successfully. Entries: 0
2025-09-19 15:25:37,395 - DEBUG - Processing 0 RSS entries.
2025-09-19 15:25:37,395 - DEBUG - Waiting for next RSS check: 31.00s (paused=False)
2025-09-19 15:25:57,340 - INFO - GengoWatcher shutting down...
2025-09-19 15:25:57,341 - INFO - Stopped CAPTCHA service monitoring
2025-09-19 15:25:57,341 - INFO - Watcher parent thread shutting down.
2025-09-19 15:25:57,341 - INFO - RSS monitor thread stopped.
2025-09-19 15:25:57,345 - INFO - GengoWatcher shutdown complete
